seed,method,sample_id,label,score
0,B1,v2_standard_10001_clear_163,0,0.27815672755241394
0,B1,v2_standard_10001_clear_380,1,0.44926729798316956
0,B1,v2_standard_10001_clear_419,0,0.43558940291404724
0,B1,v2_standard_10001_clear_427,1,0.43677306175231934
0,B1,v2_standard_10001_clear_591,1,0.2857974171638489
0,B1,v2_standard_10001_clear_712,1,0.28596195578575134
0,B1,v2_standard_10001_clear_787,0,0.2713254392147064
0,B1,v2_standard_10001_clear_931,0,0.24956989288330078
0,B1,v2_standard_10001_clear_1059,0,0.23610560595989227
0,B1,v2_standard_10001_clear_1315,0,0.25776246190071106
0,B1,v2_standard_10001_clear_1373,0,0.413860023021698
0,B1,v2_standard_10001_clear_1571,0,0.2892167866230011
0,B1,v2_standard_10001_clear_1612,1,0.2812287509441376
0,B1,v2_standard_10001_clear_1667,1,0.2883262634277344
0,B1,v2_standard_10001_clear_1688,1,0.2556019127368927
0,B1,v2_standard_10001_clear_2339,0,0.27704256772994995
0,B1,v2_standard_10001_clear_2392,0,0.4333038032054901
0,B1,v2_standard_10001_clear_2478,1,0.33133944869041443
0,B1,v2_standard_10001_clear_2892,0,0.3159414231777191
0,B1,v2_standard_10001_clear_3228,1,0.35337793827056885
0,B1,v2_standard_10001_clear_3493,1,0.37507084012031555
0,B1,v2_standard_10001_clear_3555,0,0.2661462724208832
0,B1,v2_standard_10001_clear_3811,0,0.28857624530792236
0,B1,v2_standard_10001_clear_4042,0,0.22822341322898865
0,B1,v2_standard_10001_clear_4067,0,0.2418142706155777
0,B1,v2_standard_10001_clear_4131,0,0.313692569732666
0,B1,v2_standard_10001_clear_4259,0,0.368365615606308
0,B1,v2_standard_10001_clear_4271,1,0.43117663264274597
0,B1,v2_standard_10001_clear_4515,0,0.297946035861969
0,B1,v2_standard_10001_clear_4707,0,0.3837692439556122
0,B1,v2_standard_10001_clear_4963,0,0.3774248957633972
0,B1,v2_standard_10001_clear_5091,0,0.4121198356151581
0,B1,v2_standard_10001_clear_5155,0,0.39690008759498596
0,B1,v2_standard_10001_clear_5411,0,0.3433191478252411
0,B1,v2_standard_10001_clear_5601,0,0.32805129885673523
0,B1,v2_standard_10001_clear_5611,1,0.32503020763397217
0,B1,v2_standard_10002_clear_324,1,0.384902685880661
0,B1,v2_standard_10002_clear_419,0,0.33714762330055237
0,B1,v2_standard_10002_clear_729,1,0.3737373352050781
0,B1,v2_standard_10002_clear_833,1,0.2647448182106018
0,B1,v2_standard_10002_clear_867,0,0.24557411670684814
0,B1,v2_standard_10002_clear_1059,0,0.4102407395839691
0,B1,v2_standard_10002_clear_1554,1,0.3744589686393738
0,B1,v2_standard_10002_clear_2083,0,0.36306169629096985
0,B1,v2_standard_10002_clear_2403,0,0.38546720147132874
0,B1,v2_standard_10002_clear_2531,0,0.35103940963745117
0,B1,v2_standard_10002_clear_2571,0,0.37940120697021484
0,B1,v2_standard_10002_clear_2624,0,0.3121187090873718
0,B1,v2_standard_10002_clear_2900,0,0.3062687814235687
0,B1,v2_standard_10002_clear_2977,0,0.27909204363822937
0,B1,v2_standard_10002_clear_3107,0,0.27407294511795044
0,B1,v2_standard_10002_clear_3112,0,0.3050757348537445
0,B1,v2_standard_10002_clear_3235,0,0.365547776222229
0,B1,v2_standard_10002_clear_3363,0,0.41958531737327576
0,B1,v2_standard_10002_clear_3538,1,0.4035307765007019
0,B1,v2_standard_10002_clear_3555,0,0.3725336790084839
0,B1,v2_standard_10002_clear_3625,0,0.3074282705783844
0,B1,v2_standard_10002_clear_3758,1,0.40051767230033875
0,B1,v2_standard_10002_clear_3875,0,0.3637421131134033
0,B1,v2_standard_10002_clear_4003,0,0.23339788615703583
0,B1,v2_standard_10002_clear_4100,1,0.375893235206604
0,B1,v2_standard_10002_clear_4131,0,0.3787897527217865
0,B1,v2_standard_10002_clear_4323,0,0.4005395770072937
0,B1,v2_standard_10002_clear_4449,1,0.4010489284992218
0,B1,v2_standard_10002_clear_4515,0,0.41330400109291077
0,B1,v2_standard_10002_clear_4621,1,0.46044954657554626
0,B1,v2_standard_10002_clear_4771,0,0.3145228922367096
0,B1,v2_standard_10002_clear_4852,1,0.35294878482818604
0,B1,v2_standard_10002_clear_5334,1,0.2635783851146698
0,B1,v2_standard_10002_clear_5411,0,0.24669864773750305
0,B1,v2_standard_10002_clear_5433,1,0.367785781621933
0,B1,v2_standard_10002_clear_5731,0,0.31467536091804504
0,B1,v2_standard_10003_clear_163,0,0.4115169048309326
0,B1,v2_standard_10003_clear_227,0,0.30035263299942017
0,B1,v2_standard_10003_clear_291,0,0.3914596438407898
0,B1,v2_standard_10003_clear_355,0,0.42411282658576965
0,B1,v2_standard_10003_clear_547,0,0.24191412329673767
0,B1,v2_standard_10003_clear_671,1,0.42120596766471863
0,B1,v2_standard_10003_clear_860,1,0.23426446318626404
0,B1,v2_standard_10003_clear_923,1,0.31212347745895386
0,B1,v2_standard_10003_clear_931,0,0.29723528027534485
0,B1,v2_standard_10003_clear_983,0,0.4166530668735504
0,B1,v2_standard_10003_clear_1099,1,0.3512537479400635
0,B1,v2_standard_10003_clear_1323,0,0.3347429633140564
0,B1,v2_standard_10003_clear_1418,1,0.4036847949028015
0,B1,v2_standard_10003_clear_1443,0,0.34536105394363403
0,B1,v2_standard_10003_clear_1594,1,0.305828332901001
0,B1,v2_standard_10003_clear_1995,0,0.2611597180366516
0,B1,v2_standard_10003_clear_2019,0,0.25136688351631165
0,B1,v2_standard_10003_clear_2147,0,0.345375657081604
0,B1,v2_standard_10003_clear_2809,0,0.36355260014533997
0,B1,v2_standard_10003_clear_2979,0,0.24333524703979492
0,B1,v2_standard_10003_clear_3171,0,0.24882201850414276
0,B1,v2_standard_10003_clear_3256,1,0.2742379605770111
0,B1,v2_standard_10003_clear_3619,0,0.2213093340396881
0,B1,v2_standard_10003_clear_3747,0,0.2778541147708893
0,B1,v2_standard_10003_clear_3939,0,0.26768434047698975
0,B1,v2_standard_10003_clear_4067,0,0.24383926391601562
0,B1,v2_standard_10003_clear_4260,1,0.4572656452655792
0,B1,v2_standard_10003_clear_4451,0,0.2986451983451843
0,B1,v2_standard_10003_clear_4829,1,0.43816983699798584
0,B1,v2_standard_10003_clear_5086,0,0.21547816693782806
0,B1,v2_standard_10003_clear_5451,1,0.30118289589881897
0,B1,v2_standard_10003_clear_5712,1,0.359280526638031
0,B1,v2_standard_10003_clear_5795,0,0.2614663541316986
0,B1,v2_standard_10003_clear_5840,0,0.267433762550354
0,B1,v2_standard_10003_clear_5859,0,0.254965603351593
0,B1,v2_standard_10003_clear_5962,1,0.3069552481174469
0,B1,v2_standard_10004_clear_349,1,0.2364087551832199
0,B1,v2_standard_10004_clear_419,0,0.2218521386384964
0,B1,v2_standard_10004_clear_611,0,0.22634361684322357
0,B1,v2_standard_10004_clear_676,1,0.2889936864376068
0,B1,v2_standard_10004_clear_788,1,0.3055962026119232
0,B1,v2_standard_10004_clear_808,0,0.2909510135650635
0,B1,v2_standard_10004_clear_867,0,0.23931869864463806
0,B1,v2_standard_10004_clear_967,1,0.4145561158657074
0,B1,v2_standard_10004_clear_1123,0,0.4206312298774719
0,B1,v2_standard_10004_clear_1139,1,0.430531769990921
0,B1,v2_standard_10004_clear_1210,0,0.39439138770103455
0,B1,v2_standard_10004_clear_1443,0,0.25867947936058044
0,B1,v2_standard_10004_clear_1955,0,0.38126039505004883
0,B1,v2_standard_10004_clear_2083,0,0.4011216163635254
0,B1,v2_standard_10004_clear_2418,1,0.3634381592273712
0,B1,v2_standard_10004_clear_2807,0,0.2887021601200104
0,B1,v2_standard_10004_clear_2915,0,0.22454281151294708
0,B1,v2_standard_10004_clear_3427,0,0.3046305775642395
0,B1,v2_standard_10004_clear_3447,1,0.3348506689071655
0,B1,v2_standard_10004_clear_3555,0,0.31555503606796265
0,B1,v2_standard_10004_clear_3743,1,0.34371405839920044
0,B1,v2_standard_10004_clear_4033,1,0.3558950424194336
0,B1,v2_standard_10004_clear_4052,1,0.3214164972305298
0,B1,v2_standard_10004_clear_4131,0,0.2692977488040924
0,B1,v2_standard_10004_clear_4259,0,0.26760298013687134
0,B1,v2_standard_10004_clear_4382,0,0.2789211869239807
0,B1,v2_standard_10004_clear_4387,0,0.2626427710056305
0,B1,v2_standard_10004_clear_4491,1,0.3462551236152649
0,B1,v2_standard_10004_clear_4515,0,0.363095760345459
0,B1,v2_standard_10004_clear_4577,1,0.38571298122406006
0,B1,v2_standard_10004_clear_4643,0,0.34374451637268066
0,B1,v2_standard_10004_clear_5163,0,0.23066861927509308
0,B1,v2_standard_10004_clear_5475,0,0.26813873648643494
0,B1,v2_standard_10004_clear_5603,0,0.3243265450000763
0,B1,v2_standard_10004_clear_5731,0,0.270691841840744
0,B1,v2_standard_10004_clear_5780,0,0.23270952701568604
0,B1,v2_harsh_10001_clear_163,0,0.23029418289661407
0,B1,v2_harsh_10001_clear_227,0,0.22165371477603912
0,B1,v2_harsh_10001_clear_233,0,0.250868558883667
0,B1,v2_harsh_10001_clear_739,0,0.19180749356746674
0,B1,v2_harsh_10001_clear_1034,0,0.271880567073822
0,B1,v2_harsh_10001_clear_1137,1,0.23435288667678833
0,B1,v2_harsh_10001_clear_1251,0,0.277019739151001
0,B1,v2_harsh_10001_clear_1493,0,0.4493514597415924
0,B1,v2_harsh_10001_clear_1668,1,0.507178008556366
0,B1,v2_harsh_10001_clear_2083,0,0.3491259515285492
0,B1,v2_harsh_10001_clear_2339,0,0.36071690917015076
0,B1,v2_harsh_10001_clear_2374,1,0.4487401843070984
0,B1,v2_harsh_10001_clear_2531,0,0.22432085871696472
0,B1,v2_harsh_10001_clear_2834,1,0.22406154870986938
0,B1,v2_harsh_10001_clear_2851,0,0.17185935378074646
0,B1,v2_harsh_10001_clear_3419,1,0.4454385042190552
0,B1,v2_harsh_10001_clear_3447,0,0.38699594140052795
0,B1,v2_harsh_10001_clear_3875,0,0.33687299489974976
0,B1,v2_harsh_10001_clear_3939,0,0.21524186432361603
0,B1,v2_harsh_10001_clear_4128,1,0.27334925532341003
0,B1,v2_harsh_10001_clear_4195,0,0.27902862429618835
0,B1,v2_harsh_10001_clear_4310,0,0.278381884098053
0,B1,v2_harsh_10001_clear_4387,0,0.21207088232040405
0,B1,v2_harsh_10001_clear_4541,1,0.2327977418899536
0,B1,v2_harsh_10001_clear_4578,1,0.23975451290607452
0,B1,v2_harsh_10001_clear_4643,0,0.20229455828666687
0,B1,v2_harsh_10001_clear_4835,0,0.22499056160449982
0,B1,v2_harsh_10001_clear_4951,1,0.2527546286582947
0,B1,v2_harsh_10001_clear_5155,0,0.19843153655529022
0,B1,v2_harsh_10001_clear_5411,0,0.30120277404785156
0,B1,v2_harsh_10001_clear_5445,0,0.25228920578956604
0,B1,v2_harsh_10001_clear_5475,0,0.18315964937210083
0,B1,v2_harsh_10001_clear_5603,0,0.24879981577396393
0,B1,v2_harsh_10001_clear_5624,1,0.38407665491104126
0,B1,v2_harsh_10001_clear_5659,1,0.46931952238082886
0,B1,v2_harsh_10001_clear_5734,1,0.3116697669029236
0,B1,v2_harsh_10002_clear_163,0,0.2795603573322296
0,B1,v2_harsh_10002_clear_227,0,0.1963101476430893
0,B1,v2_harsh_10002_clear_291,0,0.26549068093299866
0,B1,v2_harsh_10002_clear_483,0,0.26248350739479065
0,B1,v2_harsh_10002_clear_727,0,0.23634600639343262
0,B1,v2_harsh_10002_clear_824,0,0.3312496840953827
0,B1,v2_harsh_10002_clear_867,1,0.36693456768989563
0,B1,v2_harsh_10002_clear_995,0,0.34745749831199646
0,B1,v2_harsh_10002_clear_1100,1,0.4446932375431061
0,B1,v2_harsh_10002_clear_1153,0,0.36422887444496155
0,B1,v2_harsh_10002_clear_1187,0,0.37416601181030273
0,B1,v2_harsh_10002_clear_1443,0,0.23967117071151733
0,B1,v2_harsh_10002_clear_1533,1,0.29951468110084534
0,B1,v2_harsh_10002_clear_1590,1,0.43676742911338806
0,B1,v2_harsh_10002_clear_2211,0,0.42193126678466797
0,B1,v2_harsh_10002_clear_2403,0,0.17893001437187195
0,B1,v2_harsh_10002_clear_2467,0,0.19172027707099915
0,B1,v2_harsh_10002_clear_2551,0,0.24582307040691376
0,B1,v2_harsh_10002_clear_2902,1,0.4656137228012085
0,B1,v2_harsh_10002_clear_3043,0,0.254695862531662
0,B1,v2_harsh_10002_clear_3137,1,0.35191449522972107
0,B1,v2_harsh_10002_clear_3527,1,0.32201212644577026
0,B1,v2_harsh_10002_clear_3555,1,0.3504985570907593
0,B1,v2_harsh_10002_clear_3747,0,0.39242568612098694
0,B1,v2_harsh_10002_clear_3802,1,0.36903220415115356
0,B1,v2_harsh_10002_clear_3811,0,0.31502848863601685
0,B1,v2_harsh_10002_clear_3939,0,0.31628093123435974
0,B1,v2_harsh_10002_clear_4283,1,0.30594369769096375
0,B1,v2_harsh_10002_clear_4369,0,0.26562872529029846
0,B1,v2_harsh_10002_clear_4387,0,0.22943823039531708
0,B1,v2_harsh_10002_clear_4579,0,0.2635592222213745
0,B1,v2_harsh_10002_clear_5326,0,0.33985769748687744
0,B1,v2_harsh_10002_clear_5347,0,0.3407686948776245
0,B1,v2_harsh_10002_clear_5411,0,0.3664711117744446
0,B1,v2_harsh_10002_clear_5462,1,0.39566323161125183
0,B1,v2_harsh_10002_clear_5745,1,0.429161936044693
0,B1,v2_harsh_10003_clear_163,0,0.1972518116235733
0,B1,v2_harsh_10003_clear_227,0,0.22480851411819458
0,B1,v2_harsh_10003_clear_291,0,0.3605516850948334
0,B1,v2_harsh_10003_clear_580,1,0.42656418681144714
0,B1,v2_harsh_10003_clear_916,1,0.5156975388526917
0,B1,v2_harsh_10003_clear_931,0,0.4368879497051239
0,B1,v2_harsh_10003_clear_1128,1,0.42960479855537415
0,B1,v2_harsh_10003_clear_1571,0,0.4155009984970093
0,B1,v2_harsh_10003_clear_1763,0,0.28228893876075745
0,B1,v2_harsh_10003_clear_1888,1,0.49654802680015564
0,B1,v2_harsh_10003_clear_1944,1,0.520210862159729
0,B1,v2_harsh_10003_clear_2247,1,0.47791871428489685
0,B1,v2_harsh_10003_clear_2534,0,0.41581737995147705
0,B1,v2_harsh_10003_clear_2595,0,0.2461385428905487
0,B1,v2_harsh_10003_clear_2633,1,0.40828877687454224
0,B1,v2_harsh_10003_clear_2710,0,0.43474313616752625
0,B1,v2_harsh_10003_clear_3363,0,0.2910600006580353
0,B1,v2_harsh_10003_clear_3415,0,0.31112128496170044
0,B1,v2_harsh_10003_clear_3491,0,0.41087886691093445
0,B1,v2_harsh_10003_clear_3530,0,0.3198619782924652
0,B1,v2_harsh_10003_clear_3542,1,0.29505860805511475
0,B1,v2_harsh_10003_clear_3555,0,0.2227398008108139
0,B1,v2_harsh_10003_clear_3665,1,0.22908030450344086
0,B1,v2_harsh_10003_clear_3670,1,0.21400891244411469
0,B1,v2_harsh_10003_clear_3683,0,0.1660802960395813
0,B1,v2_harsh_10003_clear_3747,0,0.22049355506896973
0,B1,v2_harsh_10003_clear_4195,0,0.20100137591362
0,B1,v2_harsh_10003_clear_4282,0,0.4145483076572418
0,B1,v2_harsh_10003_clear_4451,0,0.3941149115562439
0,B1,v2_harsh_10003_clear_4643,0,0.1984381526708603
0,B1,v2_harsh_10003_clear_4960,1,0.4271153211593628
0,B1,v2_harsh_10003_clear_5155,0,0.18799398839473724
0,B1,v2_harsh_10003_clear_5411,0,0.2884508967399597
0,B1,v2_harsh_10003_clear_5858,0,0.24948547780513763
0,B1,v2_harsh_10003_clear_5901,1,0.2609102725982666
0,B1,v2_harsh_10003_clear_5923,0,0.23134171962738037
0,B1,v2_harsh_10004_clear_163,0,0.25586116313934326
0,B1,v2_harsh_10004_clear_184,1,0.33450984954833984
0,B1,v2_harsh_10004_clear_242,1,0.32964980602264404
0,B1,v2_harsh_10004_clear_249,0,0.3233731687068939
0,B1,v2_harsh_10004_clear_355,0,0.38708701729774475
0,B1,v2_harsh_10004_clear_464,1,0.40175753831863403
0,B1,v2_harsh_10004_clear_867,0,0.20416739583015442
0,B1,v2_harsh_10004_clear_931,0,0.2175150066614151
0,B1,v2_harsh_10004_clear_1059,0,0.19820572435855865
0,B1,v2_harsh_10004_clear_1315,0,0.19991452991962433
0,B1,v2_harsh_10004_clear_1385,0,0.2078918069601059
0,B1,v2_harsh_10004_clear_1443,0,0.19025857746601105
0,B1,v2_harsh_10004_clear_1827,0,0.19368481636047363
0,B1,v2_harsh_10004_clear_1877,1,0.23214004933834076
0,B1,v2_harsh_10004_clear_1977,1,0.36263394355773926
0,B1,v2_harsh_10004_clear_2147,0,0.31170958280563354
0,B1,v2_harsh_10004_clear_2275,0,0.41066014766693115
0,B1,v2_harsh_10004_clear_2531,0,0.22365716099739075
0,B1,v2_harsh_10004_clear_2634,0,0.3095507025718689
0,B1,v2_harsh_10004_clear_2659,0,0.22569164633750916
0,B1,v2_harsh_10004_clear_3247,1,0.3698524534702301
0,B1,v2_harsh_10004_clear_3363,0,0.30438554286956787
0,B1,v2_harsh_10004_clear_3545,0,0.33747538924217224
0,B1,v2_harsh_10004_clear_3619,0,0.2900885343551636
0,B1,v2_harsh_10004_clear_4347,1,0.475608229637146
0,B1,v2_harsh_10004_clear_4387,0,0.36712929606437683
0,B1,v2_harsh_10004_clear_4579,0,0.37754735350608826
0,B1,v2_harsh_10004_clear_4781,1,0.2933638095855713
0,B1,v2_harsh_10004_clear_4874,0,0.41744720935821533
0,B1,v2_harsh_10004_clear_4936,0,0.45381221175193787
0,B1,v2_harsh_10004_clear_5091,0,0.39597874879837036
0,B1,v2_harsh_10004_clear_5108,1,0.48752444982528687
0,B1,v2_harsh_10004_clear_5383,1,0.3635781705379486
0,B1,v2_harsh_10004_clear_5540,1,0.5016867518424988
0,B1,v2_harsh_10004_clear_5667,0,0.22503884136676788
0,B1,v2_harsh_10004_clear_5888,1,0.48908936977386475
0,B2,v2_standard_10001_central_furniture_163,0,0.22076325118541718
0,B2,v2_standard_10001_vertical_mid_380,1,0.34414592385292053
0,B2,v2_standard_10001_vertical_mid_419,0,0.37828874588012695
0,B2,v2_standard_10001_clear_427,1,0.6042156219482422
0,B2,v2_standard_10001_clear_591,1,0.36824893951416016
0,B2,v2_standard_10001_clear_712,1,0.4273563623428345
0,B2,v2_standard_10001_clear_787,0,0.35131677985191345
0,B2,v2_standard_10001_clear_931,0,0.31867972016334534
0,B2,v2_standard_10001_clear_1059,0,0.2735883891582489
0,B2,v2_standard_10001_central_furniture_1315,0,0.28430864214897156
0,B2,v2_standard_10001_vertical_mid_1373,0,0.5529111623764038
0,B2,v2_standard_10001_central_furniture_1571,0,0.3183973431587219
0,B2,v2_standard_10001_vertical_mid_1612,1,0.2867428958415985
0,B2,v2_standard_10001_vertical_mid_1667,1,0.30133792757987976
0,B2,v2_standard_10001_central_furniture_1688,1,0.24161095917224884
0,B2,v2_standard_10001_central_furniture_2339,0,0.3467788100242615
0,B2,v2_standard_10001_vertical_mid_2392,0,0.35795873403549194
0,B2,v2_standard_10001_vertical_mid_2478,1,0.281023234128952
0,B2,v2_standard_10001_vertical_mid_2892,0,0.28059762716293335
0,B2,v2_standard_10001_central_furniture_3228,1,0.2969842255115509
0,B2,v2_standard_10001_clear_3493,1,0.4220092296600342
0,B2,v2_standard_10001_central_furniture_3555,0,0.21755777299404144
0,B2,v2_standard_10001_central_furniture_3811,0,0.24846504628658295
0,B2,v2_standard_10001_clear_4042,0,0.25889962911605835
0,B2,v2_standard_10001_vertical_mid_4067,0,0.23416459560394287
0,B2,v2_standard_10001_central_furniture_4131,0,0.2765994071960449
0,B2,v2_standard_10001_vertical_mid_4259,0,0.4322136342525482
0,B2,v2_standard_10001_clear_4271,1,0.5955539345741272
0,B2,v2_standard_10001_central_furniture_4515,0,0.32272833585739136
0,B2,v2_standard_10001_central_furniture_4707,0,0.47719407081604004
0,B2,v2_standard_10001_central_furniture_4963,0,0.32552823424339294
0,B2,v2_standard_10001_clear_5091,0,0.5253291130065918
0,B2,v2_standard_10001_clear_5155,0,0.4862404465675354
0,B2,v2_standard_10001_central_furniture_5411,0,0.30645179748535156
0,B2,v2_standard_10001_clear_5601,0,0.32660019397735596
0,B2,v2_standard_10001_vertical_mid_5611,1,0.2660444378852844
0,B2,v2_standard_10002_clear_324,1,0.6001114249229431
0,B2,v2_standard_10002_clear_419,0,0.4984718859195709
0,B2,v2_standard_10002_vertical_mid_729,1,0.4150013029575348
0,B2,v2_standard_10002_vertical_mid_833,1,0.3616359829902649
0,B2,v2_standard_10002_vertical_mid_867,0,0.24841967225074768
0,B2,v2_standard_10002_clear_1059,0,0.5702932476997375
0,B2,v2_standard_10002_clear_1554,1,0.42774349451065063
0,B2,v2_standard_10002_clear_2083,0,0.5627404451370239
0,B2,v2_standard_10002_clear_2403,0,0.4696215093135834
0,B2,v2_standard_10002_central_furniture_2531,0,0.4183148443698883
0,B2,v2_standard_10002_vertical_mid_2571,0,0.39512550830841064
0,B2,v2_standard_10002_vertical_mid_2624,0,0.2798309028148651
0,B2,v2_standard_10002_clear_2900,0,0.3063088357448578
0,B2,v2_standard_10002_vertical_mid_2977,0,0.2229023575782776
0,B2,v2_standard_10002_central_furniture_3107,0,0.22433552145957947
0,B2,v2_standard_10002_vertical_mid_3112,0,0.25776031613349915
0,B2,v2_standard_10002_vertical_mid_3235,0,0.31119391322135925
0,B2,v2_standard_10002_central_furniture_3363,0,0.4106193780899048
0,B2,v2_standard_10002_central_furniture_3538,1,0.36475425958633423
0,B2,v2_standard_10002_central_furniture_3555,0,0.34163999557495117
0,B2,v2_standard_10002_vertical_mid_3625,0,0.24603228271007538
0,B2,v2_standard_10002_central_furniture_3758,1,0.41514432430267334
0,B2,v2_standard_10002_central_furniture_3875,0,0.4499012529850006
0,B2,v2_standard_10002_vertical_mid_4003,0,0.2476987987756729
0,B2,v2_standard_10002_central_furniture_4100,1,0.4924437403678894
0,B2,v2_standard_10002_central_furniture_4131,0,0.43422597646713257
0,B2,v2_standard_10002_central_furniture_4323,0,0.5072576999664307
0,B2,v2_standard_10002_vertical_mid_4449,1,0.35067737102508545
0,B2,v2_standard_10002_central_furniture_4515,0,0.41743096709251404
0,B2,v2_standard_10002_clear_4621,1,0.5748119354248047
0,B2,v2_standard_10002_vertical_mid_4771,0,0.28113940358161926
0,B2,v2_standard_10002_central_furniture_4852,1,0.3742351830005646
0,B2,v2_standard_10002_central_furniture_5334,1,0.2691247761249542
0,B2,v2_standard_10002_vertical_mid_5411,0,0.21100468933582306
0,B2,v2_standard_10002_vertical_mid_5433,1,0.40482431650161743
0,B2,v2_standard_10002_clear_5731,0,0.34744322299957275
0,B2,v2_standard_10003_vertical_mid_163,0,0.3136909604072571
0,B2,v2_standard_10003_vertical_mid_227,0,0.310128390789032
0,B2,v2_standard_10003_central_furniture_291,0,0.5458274483680725
0,B2,v2_standard_10003_central_furniture_355,0,0.4432374835014343
0,B2,v2_standard_10003_clear_547,0,0.2972726821899414
0,B2,v2_standard_10003_central_furniture_671,1,0.4775165021419525
0,B2,v2_standard_10003_vertical_mid_860,1,0.3025394082069397
0,B2,v2_standard_10003_vertical_mid_923,1,0.363919734954834
0,B2,v2_standard_10003_central_furniture_931,0,0.34155672788619995
0,B2,v2_standard_10003_vertical_mid_983,0,0.4756444990634918
0,B2,v2_standard_10003_clear_1099,1,0.3749336302280426
0,B2,v2_standard_10003_clear_1323,0,0.36067500710487366
0,B2,v2_standard_10003_central_furniture_1418,1,0.45147624611854553
0,B2,v2_standard_10003_vertical_mid_1443,0,0.3276432454586029
0,B2,v2_standard_10003_vertical_mid_1594,1,0.33056142926216125
0,B2,v2_standard_10003_vertical_mid_1995,0,0.3043350577354431
0,B2,v2_standard_10003_central_furniture_2019,0,0.2155040204524994
0,B2,v2_standard_10003_vertical_mid_2147,0,0.34582987427711487
0,B2,v2_standard_10003_clear_2809,0,0.39918792247772217
0,B2,v2_standard_10003_central_furniture_2979,0,0.20993942022323608
0,B2,v2_standard_10003_clear_3171,0,0.32160037755966187
0,B2,v2_standard_10003_clear_3256,1,0.4071493148803711
0,B2,v2_standard_10003_central_furniture_3619,0,0.19216565787792206
0,B2,v2_standard_10003_vertical_mid_3747,0,0.2915157675743103
0,B2,v2_standard_10003_clear_3939,0,0.38506096601486206
0,B2,v2_standard_10003_clear_4067,0,0.3414841592311859
0,B2,v2_standard_10003_vertical_mid_4260,1,0.4433494806289673
0,B2,v2_standard_10003_central_furniture_4451,0,0.4004586637020111
0,B2,v2_standard_10003_vertical_mid_4829,1,0.30086076259613037
0,B2,v2_standard_10003_central_furniture_5086,0,0.18753822147846222
0,B2,v2_standard_10003_clear_5451,1,0.44529569149017334
0,B2,v2_standard_10003_clear_5712,1,0.4402635395526886
0,B2,v2_standard_10003_central_furniture_5795,0,0.29195478558540344
0,B2,v2_standard_10003_central_furniture_5840,0,0.28770631551742554
0,B2,v2_standard_10003_clear_5859,0,0.338777095079422
0,B2,v2_standard_10003_clear_5962,1,0.4818059504032135
0,B2,v2_standard_10004_central_furniture_349,1,0.20377548038959503
0,B2,v2_standard_10004_vertical_mid_419,0,0.3108421564102173
0,B2,v2_standard_10004_vertical_mid_611,0,0.30383244156837463
0,B2,v2_standard_10004_clear_676,1,0.49064940214157104
0,B2,v2_standard_10004_central_furniture_788,1,0.3716965317726135
0,B2,v2_standard_10004_vertical_mid_808,0,0.2872757613658905
0,B2,v2_standard_10004_central_furniture_867,0,0.22418062388896942
0,B2,v2_standard_10004_central_furniture_967,1,0.5373153686523438
0,B2,v2_standard_10004_central_furniture_1123,0,0.4269086718559265
0,B2,v2_standard_10004_clear_1139,1,0.513237714767456
0,B2,v2_standard_10004_central_furniture_1210,0,0.38200464844703674
0,B2,v2_standard_10004_clear_1443,0,0.3823150098323822
0,B2,v2_standard_10004_vertical_mid_1955,0,0.293041855096817
0,B2,v2_standard_10004_vertical_mid_2083,0,0.343050092458725
0,B2,v2_standard_10004_central_furniture_2418,1,0.4857329726219177
0,B2,v2_standard_10004_clear_2807,0,0.4070700407028198
0,B2,v2_standard_10004_central_furniture_2915,0,0.17513754963874817
0,B2,v2_standard_10004_clear_3427,0,0.30540329217910767
0,B2,v2_standard_10004_vertical_mid_3447,1,0.2858209013938904
0,B2,v2_standard_10004_vertical_mid_3555,0,0.2662205100059509
0,B2,v2_standard_10004_central_furniture_3743,1,0.33363160490989685
0,B2,v2_standard_10004_clear_4033,1,0.4679814875125885
0,B2,v2_standard_10004_central_furniture_4052,1,0.36642736196517944
0,B2,v2_standard_10004_central_furniture_4131,0,0.2534125745296478
0,B2,v2_standard_10004_central_furniture_4259,0,0.22096101939678192
0,B2,v2_standard_10004_clear_4382,0,0.2912701964378357
0,B2,v2_standard_10004_central_furniture_4387,0,0.20860880613327026
0,B2,v2_standard_10004_central_furniture_4491,1,0.3250822424888611
0,B2,v2_standard_10004_clear_4515,0,0.4072829484939575
0,B2,v2_standard_10004_vertical_mid_4577,1,0.3145434558391571
0,B2,v2_standard_10004_vertical_mid_4643,0,0.29093268513679504
0,B2,v2_standard_10004_clear_5163,0,0.26863664388656616
0,B2,v2_standard_10004_vertical_mid_5475,0,0.32553330063819885
0,B2,v2_standard_10004_vertical_mid_5603,0,0.3027649223804474
0,B2,v2_standard_10004_central_furniture_5731,0,0.22107309103012085
0,B2,v2_standard_10004_central_furniture_5780,0,0.19319240748882294
0,B2,v2_harsh_10001_vertical_mid_163,0,0.20632542669773102
0,B2,v2_harsh_10001_vertical_mid_227,0,0.20239770412445068
0,B2,v2_harsh_10001_vertical_mid_233,0,0.22412437200546265
0,B2,v2_harsh_10001_central_furniture_739,0,0.18523772060871124
0,B2,v2_harsh_10001_clear_1034,0,0.3937915563583374
0,B2,v2_harsh_10001_vertical_mid_1137,1,0.3113637864589691
0,B2,v2_harsh_10001_clear_1251,0,0.4148745834827423
0,B2,v2_harsh_10001_vertical_mid_1493,0,0.3591078221797943
0,B2,v2_harsh_10001_central_furniture_1668,1,0.5607378482818604
0,B2,v2_harsh_10001_vertical_mid_2083,0,0.25430214405059814
0,B2,v2_harsh_10001_vertical_mid_2339,0,0.4011131227016449
0,B2,v2_harsh_10001_central_furniture_2374,1,0.3657858669757843
0,B2,v2_harsh_10001_vertical_mid_2531,0,0.1359732449054718
0,B2,v2_harsh_10001_central_furniture_2834,1,0.18899324536323547
0,B2,v2_harsh_10001_clear_2851,0,0.1706405133008957
0,B2,v2_harsh_10001_vertical_mid_3419,1,0.6127501726150513
0,B2,v2_harsh_10001_central_furniture_3447,0,0.3951827585697174
0,B2,v2_harsh_10001_central_furniture_3875,0,0.4770551323890686
0,B2,v2_harsh_10001_vertical_mid_3939,0,0.31923002004623413
0,B2,v2_harsh_10001_vertical_mid_4128,1,0.34026607871055603
0,B2,v2_harsh_10001_vertical_mid_4195,0,0.3696771562099457
0,B2,v2_harsh_10001_vertical_mid_4310,0,0.38977178931236267
0,B2,v2_harsh_10001_clear_4387,0,0.28707581758499146
0,B2,v2_harsh_10001_central_furniture_4541,1,0.24586236476898193
0,B2,v2_harsh_10001_clear_4578,1,0.3427621126174927
0,B2,v2_harsh_10001_vertical_mid_4643,0,0.21176666021347046
0,B2,v2_harsh_10001_clear_4835,0,0.339150995016098
0,B2,v2_harsh_10001_central_furniture_4951,1,0.2778048515319824
0,B2,v2_harsh_10001_central_furniture_5155,0,0.20044034719467163
0,B2,v2_harsh_10001_central_furniture_5411,0,0.3582608699798584
0,B2,v2_harsh_10001_central_furniture_5445,0,0.21483458578586578
0,B2,v2_harsh_10001_central_furniture_5475,0,0.14473333954811096
0,B2,v2_harsh_10001_clear_5603,0,0.34568801522254944
0,B2,v2_harsh_10001_clear_5624,1,0.5208631157875061
0,B2,v2_harsh_10001_clear_5659,1,0.618245005607605
0,B2,v2_harsh_10001_central_furniture_5734,1,0.33757689595222473
0,B2,v2_harsh_10002_central_furniture_163,0,0.23279808461666107
0,B2,v2_harsh_10002_central_furniture_227,0,0.18260055780410767
0,B2,v2_harsh_10002_central_furniture_291,0,0.27146825194358826
0,B2,v2_harsh_10002_central_furniture_483,0,0.2988898754119873
0,B2,v2_harsh_10002_central_furniture_727,0,0.19197525084018707
0,B2,v2_harsh_10002_clear_824,0,0.3607619106769562
0,B2,v2_harsh_10002_clear_867,1,0.44836804270744324
0,B2,v2_harsh_10002_central_furniture_995,0,0.32017841935157776
0,B2,v2_harsh_10002_clear_1100,1,0.49842536449432373
0,B2,v2_harsh_10002_central_furniture_1153,0,0.4353007674217224
0,B2,v2_harsh_10002_central_furniture_1187,0,0.3832755982875824
0,B2,v2_harsh_10002_central_furniture_1443,0,0.27612611651420593
0,B2,v2_harsh_10002_vertical_mid_1533,1,0.3793869912624359
0,B2,v2_harsh_10002_clear_1590,1,0.6300821900367737
0,B2,v2_harsh_10002_vertical_mid_2211,0,0.41025981307029724
0,B2,v2_harsh_10002_central_furniture_2403,0,0.12066173553466797
0,B2,v2_harsh_10002_vertical_mid_2467,0,0.2887229323387146
0,B2,v2_harsh_10002_central_furniture_2551,0,0.2621409595012665
0,B2,v2_harsh_10002_vertical_mid_2902,1,0.39926132559776306
0,B2,v2_harsh_10002_central_furniture_3043,0,0.22543175518512726
0,B2,v2_harsh_10002_clear_3137,1,0.537236213684082
0,B2,v2_harsh_10002_vertical_mid_3527,1,0.4321792721748352
0,B2,v2_harsh_10002_clear_3555,1,0.5406261682510376
0,B2,v2_harsh_10002_clear_3747,0,0.4499116539955139
0,B2,v2_harsh_10002_central_furniture_3802,1,0.3107702136039734
0,B2,v2_harsh_10002_central_furniture_3811,0,0.24968652427196503
0,B2,v2_harsh_10002_clear_3939,0,0.4463231563568115
0,B2,v2_harsh_10002_central_furniture_4283,1,0.43291130661964417
0,B2,v2_harsh_10002_central_furniture_4369,0,0.2540406882762909
0,B2,v2_harsh_10002_clear_4387,0,0.2648962140083313
0,B2,v2_harsh_10002_vertical_mid_4579,0,0.28012096881866455
0,B2,v2_harsh_10002_vertical_mid_5326,0,0.29201069474220276
0,B2,v2_harsh_10002_vertical_mid_5347,0,0.3497338593006134
0,B2,v2_harsh_10002_vertical_mid_5411,0,0.2929391860961914
0,B2,v2_harsh_10002_clear_5462,1,0.4539182186126709
0,B2,v2_harsh_10002_central_furniture_5745,1,0.4649847149848938
0,B2,v2_harsh_10003_central_furniture_163,0,0.20187413692474365
0,B2,v2_harsh_10003_clear_227,0,0.30580297112464905
0,B2,v2_harsh_10003_central_furniture_291,0,0.4290834367275238
0,B2,v2_harsh_10003_central_furniture_580,1,0.6590955257415771
0,B2,v2_harsh_10003_clear_916,1,0.6594910025596619
0,B2,v2_harsh_10003_vertical_mid_931,0,0.29832834005355835
0,B2,v2_harsh_10003_vertical_mid_1128,1,0.49571681022644043
0,B2,v2_harsh_10003_clear_1571,0,0.4945836663246155
0,B2,v2_harsh_10003_central_furniture_1763,0,0.3160797655582428
0,B2,v2_harsh_10003_central_furniture_1888,1,0.6235330104827881
0,B2,v2_harsh_10003_clear_1944,1,0.691569983959198
0,B2,v2_harsh_10003_clear_2247,1,0.6023088693618774
0,B2,v2_harsh_10003_clear_2534,0,0.4504929482936859
0,B2,v2_harsh_10003_central_furniture_2595,0,0.1868312656879425
0,B2,v2_harsh_10003_clear_2633,1,0.534031867980957
0,B2,v2_harsh_10003_vertical_mid_2710,0,0.44813504815101624
0,B2,v2_harsh_10003_central_furniture_3363,0,0.24728015065193176
0,B2,v2_harsh_10003_central_furniture_3415,0,0.25675007700920105
0,B2,v2_harsh_10003_clear_3491,0,0.5513498783111572
0,B2,v2_harsh_10003_clear_3530,0,0.42656463384628296
0,B2,v2_harsh_10003_vertical_mid_3542,1,0.39617812633514404
0,B2,v2_harsh_10003_central_furniture_3555,0,0.2125115692615509
0,B2,v2_harsh_10003_vertical_mid_3665,1,0.3282328248023987
0,B2,v2_harsh_10003_clear_3670,1,0.30244573950767517
0,B2,v2_harsh_10003_vertical_mid_3683,0,0.26743847131729126
0,B2,v2_harsh_10003_vertical_mid_3747,0,0.22877056896686554
0,B2,v2_harsh_10003_clear_4195,0,0.2569772005081177
0,B2,v2_harsh_10003_vertical_mid_4282,0,0.45507901906967163
0,B2,v2_harsh_10003_central_furniture_4451,0,0.5628069043159485
0,B2,v2_harsh_10003_central_furniture_4643,0,0.12460023164749146
0,B2,v2_harsh_10003_clear_4960,1,0.573164165019989
0,B2,v2_harsh_10003_vertical_mid_5155,0,0.3084516227245331
0,B2,v2_harsh_10003_central_furniture_5411,0,0.33904436230659485
0,B2,v2_harsh_10003_clear_5858,0,0.3294124901294708
0,B2,v2_harsh_10003_clear_5901,1,0.43158823251724243
0,B2,v2_harsh_10003_clear_5923,0,0.30130162835121155
0,B2,v2_harsh_10004_clear_163,0,0.22929500043392181
0,B2,v2_harsh_10004_central_furniture_184,1,0.29880040884017944
0,B2,v2_harsh_10004_clear_242,1,0.35227614641189575
0,B2,v2_harsh_10004_clear_249,0,0.3696788251399994
0,B2,v2_harsh_10004_clear_355,0,0.5169008374214172
0,B2,v2_harsh_10004_clear_464,1,0.4564812183380127
0,B2,v2_harsh_10004_central_furniture_867,0,0.20093826949596405
0,B2,v2_harsh_10004_clear_931,0,0.2925214469432831
0,B2,v2_harsh_10004_central_furniture_1059,0,0.19961588084697723
0,B2,v2_harsh_10004_vertical_mid_1315,0,0.2756967544555664
0,B2,v2_harsh_10004_central_furniture_1385,0,0.20568881928920746
0,B2,v2_harsh_10004_vertical_mid_1443,0,0.31170880794525146
0,B2,v2_harsh_10004_central_furniture_1827,0,0.1790488213300705
0,B2,v2_harsh_10004_central_furniture_1877,1,0.2333495169878006
0,B2,v2_harsh_10004_clear_1977,1,0.5134512186050415
0,B2,v2_harsh_10004_vertical_mid_2147,0,0.2659345269203186
0,B2,v2_harsh_10004_vertical_mid_2275,0,0.4138391613960266
0,B2,v2_harsh_10004_clear_2531,0,0.32077130675315857
0,B2,v2_harsh_10004_vertical_mid_2634,0,0.3403596878051758
0,B2,v2_harsh_10004_vertical_mid_2659,0,0.1967228651046753
0,B2,v2_harsh_10004_vertical_mid_3247,1,0.47256994247436523
0,B2,v2_harsh_10004_central_furniture_3363,0,0.27826282382011414
0,B2,v2_harsh_10004_central_furniture_3545,0,0.2797025144100189
0,B2,v2_harsh_10004_vertical_mid_3619,0,0.21543624997138977
0,B2,v2_harsh_10004_central_furniture_4347,1,0.5175303816795349
0,B2,v2_harsh_10004_central_furniture_4387,0,0.3120902180671692
0,B2,v2_harsh_10004_vertical_mid_4579,0,0.4157961308956146
0,B2,v2_harsh_10004_vertical_mid_4781,1,0.3918459117412567
0,B2,v2_harsh_10004_clear_4874,0,0.507762610912323
0,B2,v2_harsh_10004_vertical_mid_4936,0,0.3468461334705353
0,B2,v2_harsh_10004_clear_5091,0,0.5460922122001648
0,B2,v2_harsh_10004_vertical_mid_5108,1,0.4232740104198456
0,B2,v2_harsh_10004_clear_5383,1,0.40637314319610596
0,B2,v2_harsh_10004_central_furniture_5540,1,0.6061040163040161
0,B2,v2_harsh_10004_central_furniture_5667,0,0.14617010951042175
0,B2,v2_harsh_10004_clear_5888,1,0.6988887190818787
1,B1,v2_standard_10001_clear_163,0,0.32741108536720276
1,B1,v2_standard_10001_clear_380,1,0.49940139055252075
1,B1,v2_standard_10001_clear_419,0,0.4747766852378845
1,B1,v2_standard_10001_clear_427,1,0.5022161602973938
1,B1,v2_standard_10001_clear_591,1,0.42386066913604736
1,B1,v2_standard_10001_clear_712,1,0.40484538674354553
1,B1,v2_standard_10001_clear_787,0,0.3769039213657379
1,B1,v2_standard_10001_clear_931,0,0.3513185977935791
1,B1,v2_standard_10001_clear_1059,0,0.37665003538131714
1,B1,v2_standard_10001_clear_1315,0,0.37651583552360535
1,B1,v2_standard_10001_clear_1373,0,0.464669406414032
1,B1,v2_standard_10001_clear_1571,0,0.3935311734676361
1,B1,v2_standard_10001_clear_1612,1,0.40277397632598877
1,B1,v2_standard_10001_clear_1667,1,0.42377933859825134
1,B1,v2_standard_10001_clear_1688,1,0.3800243139266968
1,B1,v2_standard_10001_clear_2339,0,0.3838408589363098
1,B1,v2_standard_10001_clear_2392,0,0.47218993306159973
1,B1,v2_standard_10001_clear_2478,1,0.4209735095500946
1,B1,v2_standard_10001_clear_2892,0,0.411541223526001
1,B1,v2_standard_10001_clear_3228,1,0.4170409142971039
1,B1,v2_standard_10001_clear_3493,1,0.4351523220539093
1,B1,v2_standard_10001_clear_3555,0,0.3456745445728302
1,B1,v2_standard_10001_clear_3811,0,0.3741954565048218
1,B1,v2_standard_10001_clear_4042,0,0.3522520363330841
1,B1,v2_standard_10001_clear_4067,0,0.3720185458660126
1,B1,v2_standard_10001_clear_4131,0,0.3990180492401123
1,B1,v2_standard_10001_clear_4259,0,0.44026434421539307
1,B1,v2_standard_10001_clear_4271,1,0.4934569001197815
1,B1,v2_standard_10001_clear_4515,0,0.39934560656547546
1,B1,v2_standard_10001_clear_4707,0,0.4503357708454132
1,B1,v2_standard_10001_clear_4963,0,0.36262452602386475
1,B1,v2_standard_10001_clear_5091,0,0.4181258976459503
1,B1,v2_standard_10001_clear_5155,0,0.4522978961467743
1,B1,v2_standard_10001_clear_5411,0,0.4075249135494232
1,B1,v2_standard_10001_clear_5601,0,0.3826219141483307
1,B1,v2_standard_10001_clear_5611,1,0.37984970211982727
1,B1,v2_standard_10002_clear_324,1,0.5234014391899109
1,B1,v2_standard_10002_clear_419,0,0.44259747862815857
1,B1,v2_standard_10002_clear_729,1,0.43527325987815857
1,B1,v2_standard_10002_clear_833,1,0.3975147604942322
1,B1,v2_standard_10002_clear_867,0,0.37297892570495605
1,B1,v2_standard_10002_clear_1059,0,0.4497761130332947
1,B1,v2_standard_10002_clear_1554,1,0.4385911524295807
1,B1,v2_standard_10002_clear_2083,0,0.4532923102378845
1,B1,v2_standard_10002_clear_2403,0,0.4333423376083374
1,B1,v2_standard_10002_clear_2531,0,0.4104253053665161
1,B1,v2_standard_10002_clear_2571,0,0.4428199231624603
1,B1,v2_standard_10002_clear_2624,0,0.4173029661178589
1,B1,v2_standard_10002_clear_2900,0,0.38740652799606323
1,B1,v2_standard_10002_clear_2977,0,0.3731023371219635
1,B1,v2_standard_10002_clear_3107,0,0.3661242723464966
1,B1,v2_standard_10002_clear_3112,0,0.40724074840545654
1,B1,v2_standard_10002_clear_3235,0,0.378618448972702
1,B1,v2_standard_10002_clear_3363,0,0.41341710090637207
1,B1,v2_standard_10002_clear_3538,1,0.42924755811691284
1,B1,v2_standard_10002_clear_3555,0,0.36878952383995056
1,B1,v2_standard_10002_clear_3625,0,0.38337093591690063
1,B1,v2_standard_10002_clear_3758,1,0.4624232053756714
1,B1,v2_standard_10002_clear_3875,0,0.40955865383148193
1,B1,v2_standard_10002_clear_4003,0,0.36320748925209045
1,B1,v2_standard_10002_clear_4100,1,0.4518890976905823
1,B1,v2_standard_10002_clear_4131,0,0.4266103506088257
1,B1,v2_standard_10002_clear_4323,0,0.44560131430625916
1,B1,v2_standard_10002_clear_4449,1,0.44448715448379517
1,B1,v2_standard_10002_clear_4515,0,0.41349005699157715
1,B1,v2_standard_10002_clear_4621,1,0.47741904854774475
1,B1,v2_standard_10002_clear_4771,0,0.39634472131729126
1,B1,v2_standard_10002_clear_4852,1,0.4049455523490906
1,B1,v2_standard_10002_clear_5334,1,0.38704928755760193
1,B1,v2_standard_10002_clear_5411,0,0.3647782504558563
1,B1,v2_standard_10002_clear_5433,1,0.41616296768188477
1,B1,v2_standard_10002_clear_5731,0,0.3795301020145416
1,B1,v2_standard_10003_clear_163,0,0.44153863191604614
1,B1,v2_standard_10003_clear_227,0,0.4248473346233368
1,B1,v2_standard_10003_clear_291,0,0.4864821135997772
1,B1,v2_standard_10003_clear_355,0,0.4413415789604187
1,B1,v2_standard_10003_clear_547,0,0.3654717206954956
1,B1,v2_standard_10003_clear_671,1,0.4688988924026489
1,B1,v2_standard_10003_clear_860,1,0.36767250299453735
1,B1,v2_standard_10003_clear_923,1,0.42845526337623596
1,B1,v2_standard_10003_clear_931,0,0.4039379954338074
1,B1,v2_standard_10003_clear_983,0,0.43898823857307434
1,B1,v2_standard_10003_clear_1099,1,0.4254034757614136
1,B1,v2_standard_10003_clear_1323,0,0.3947823941707611
1,B1,v2_standard_10003_clear_1418,1,0.44649171829223633
1,B1,v2_standard_10003_clear_1443,0,0.40986353158950806
1,B1,v2_standard_10003_clear_1594,1,0.42930278182029724
1,B1,v2_standard_10003_clear_1995,0,0.3919050693511963
1,B1,v2_standard_10003_clear_2019,0,0.36991748213768005
1,B1,v2_standard_10003_clear_2147,0,0.4119589030742645
1,B1,v2_standard_10003_clear_2809,0,0.42968130111694336
1,B1,v2_standard_10003_clear_2979,0,0.36684104800224304
1,B1,v2_standard_10003_clear_3171,0,0.3891311287879944
1,B1,v2_standard_10003_clear_3256,1,0.40398693084716797
1,B1,v2_standard_10003_clear_3619,0,0.3364213705062866
1,B1,v2_standard_10003_clear_3747,0,0.3846614956855774
1,B1,v2_standard_10003_clear_3939,0,0.386328786611557
1,B1,v2_standard_10003_clear_4067,0,0.3690573275089264
1,B1,v2_standard_10003_clear_4260,1,0.5184147953987122
1,B1,v2_standard_10003_clear_4451,0,0.4207138419151306
1,B1,v2_standard_10003_clear_4829,1,0.5318825244903564
1,B1,v2_standard_10003_clear_5086,0,0.3552580177783966
1,B1,v2_standard_10003_clear_5451,1,0.46206527948379517
1,B1,v2_standard_10003_clear_5712,1,0.40883034467697144
1,B1,v2_standard_10003_clear_5795,0,0.38686904311180115
1,B1,v2_standard_10003_clear_5840,0,0.390132874250412
1,B1,v2_standard_10003_clear_5859,0,0.37595850229263306
1,B1,v2_standard_10003_clear_5962,1,0.3897729814052582
1,B1,v2_standard_10004_clear_349,1,0.363179475069046
1,B1,v2_standard_10004_clear_419,0,0.3378027677536011
1,B1,v2_standard_10004_clear_611,0,0.35913369059562683
1,B1,v2_standard_10004_clear_676,1,0.365835577249527
1,B1,v2_standard_10004_clear_788,1,0.38711482286453247
1,B1,v2_standard_10004_clear_808,0,0.3702184557914734
1,B1,v2_standard_10004_clear_867,0,0.34972041845321655
1,B1,v2_standard_10004_clear_967,1,0.5125588774681091
1,B1,v2_standard_10004_clear_1123,0,0.4140803813934326
1,B1,v2_standard_10004_clear_1139,1,0.4485398530960083
1,B1,v2_standard_10004_clear_1210,0,0.43156465888023376
1,B1,v2_standard_10004_clear_1443,0,0.3800293803215027
1,B1,v2_standard_10004_clear_1955,0,0.39805591106414795
1,B1,v2_standard_10004_clear_2083,0,0.42253774404525757
1,B1,v2_standard_10004_clear_2418,1,0.48199042677879333
1,B1,v2_standard_10004_clear_2807,0,0.3934856057167053
1,B1,v2_standard_10004_clear_2915,0,0.35103270411491394
1,B1,v2_standard_10004_clear_3427,0,0.3622364103794098
1,B1,v2_standard_10004_clear_3447,1,0.3952436149120331
1,B1,v2_standard_10004_clear_3555,0,0.3869890570640564
1,B1,v2_standard_10004_clear_3743,1,0.41030511260032654
1,B1,v2_standard_10004_clear_4033,1,0.43155667185783386
1,B1,v2_standard_10004_clear_4052,1,0.43065282702445984
1,B1,v2_standard_10004_clear_4131,0,0.3584599494934082
1,B1,v2_standard_10004_clear_4259,0,0.34520211815834045
1,B1,v2_standard_10004_clear_4382,0,0.3652966320514679
1,B1,v2_standard_10004_clear_4387,0,0.3504101634025574
1,B1,v2_standard_10004_clear_4491,1,0.42108020186424255
1,B1,v2_standard_10004_clear_4515,0,0.39598795771598816
1,B1,v2_standard_10004_clear_4577,1,0.42170095443725586
1,B1,v2_standard_10004_clear_4643,0,0.35370299220085144
1,B1,v2_standard_10004_clear_5163,0,0.32936891913414
1,B1,v2_standard_10004_clear_5475,0,0.3735579252243042
1,B1,v2_standard_10004_clear_5603,0,0.40708476305007935
1,B1,v2_standard_10004_clear_5731,0,0.40476223826408386
1,B1,v2_standard_10004_clear_5780,0,0.36352941393852234
1,B1,v2_harsh_10001_clear_163,0,0.3229133188724518
1,B1,v2_harsh_10001_clear_227,0,0.32019278407096863
1,B1,v2_harsh_10001_clear_233,0,0.3460766673088074
1,B1,v2_harsh_10001_clear_739,0,0.3031945824623108
1,B1,v2_harsh_10001_clear_1034,0,0.39597177505493164
1,B1,v2_harsh_10001_clear_1137,1,0.3534119129180908
1,B1,v2_harsh_10001_clear_1251,0,0.36397820711135864
1,B1,v2_harsh_10001_clear_1493,0,0.46934980154037476
1,B1,v2_harsh_10001_clear_1668,1,0.5353272557258606
1,B1,v2_harsh_10001_clear_2083,0,0.33342820405960083
1,B1,v2_harsh_10001_clear_2339,0,0.4370483160018921
1,B1,v2_harsh_10001_clear_2374,1,0.4894335865974426
1,B1,v2_harsh_10001_clear_2531,0,0.388618528842926
1,B1,v2_harsh_10001_clear_2834,1,0.34006670117378235
1,B1,v2_harsh_10001_clear_2851,0,0.31527259945869446
1,B1,v2_harsh_10001_clear_3419,1,0.4452098309993744
1,B1,v2_harsh_10001_clear_3447,0,0.4371943473815918
1,B1,v2_harsh_10001_clear_3875,0,0.42104676365852356
1,B1,v2_harsh_10001_clear_3939,0,0.3280884921550751
1,B1,v2_harsh_10001_clear_4128,1,0.44692468643188477
1,B1,v2_harsh_10001_clear_4195,0,0.3547603189945221
1,B1,v2_harsh_10001_clear_4310,0,0.4009079933166504
1,B1,v2_harsh_10001_clear_4387,0,0.3364940881729126
1,B1,v2_harsh_10001_clear_4541,1,0.35774871706962585
1,B1,v2_harsh_10001_clear_4578,1,0.36320656538009644
1,B1,v2_harsh_10001_clear_4643,0,0.3243737518787384
1,B1,v2_harsh_10001_clear_4835,0,0.3423185646533966
1,B1,v2_harsh_10001_clear_4951,1,0.4077847898006439
1,B1,v2_harsh_10001_clear_5155,0,0.34212997555732727
1,B1,v2_harsh_10001_clear_5411,0,0.4173121750354767
1,B1,v2_harsh_10001_clear_5445,0,0.3656523823738098
1,B1,v2_harsh_10001_clear_5475,0,0.29591789841651917
1,B1,v2_harsh_10001_clear_5603,0,0.3611629009246826
1,B1,v2_harsh_10001_clear_5624,1,0.4833729863166809
1,B1,v2_harsh_10001_clear_5659,1,0.5357692837715149
1,B1,v2_harsh_10001_clear_5734,1,0.4559021592140198
1,B1,v2_harsh_10002_clear_163,0,0.3405231535434723
1,B1,v2_harsh_10002_clear_227,0,0.30274873971939087
1,B1,v2_harsh_10002_clear_291,0,0.349287748336792
1,B1,v2_harsh_10002_clear_483,0,0.3731754422187805
1,B1,v2_harsh_10002_clear_727,0,0.37160003185272217
1,B1,v2_harsh_10002_clear_824,0,0.42775821685791016
1,B1,v2_harsh_10002_clear_867,1,0.40072908997535706
1,B1,v2_harsh_10002_clear_995,0,0.42833244800567627
1,B1,v2_harsh_10002_clear_1100,1,0.42985978722572327
1,B1,v2_harsh_10002_clear_1153,0,0.49005165696144104
1,B1,v2_harsh_10002_clear_1187,0,0.4230254888534546
1,B1,v2_harsh_10002_clear_1443,0,0.3335593342781067
1,B1,v2_harsh_10002_clear_1533,1,0.4342467486858368
1,B1,v2_harsh_10002_clear_1590,1,0.5565008521080017
1,B1,v2_harsh_10002_clear_2211,0,0.4341970384120941
1,B1,v2_harsh_10002_clear_2403,0,0.307373046875
1,B1,v2_harsh_10002_clear_2467,0,0.2926804721355438
1,B1,v2_harsh_10002_clear_2551,0,0.3376789093017578
1,B1,v2_harsh_10002_clear_2902,1,0.5022655725479126
1,B1,v2_harsh_10002_clear_3043,0,0.37006664276123047
1,B1,v2_harsh_10002_clear_3137,1,0.41127464175224304
1,B1,v2_harsh_10002_clear_3527,1,0.3947567045688629
1,B1,v2_harsh_10002_clear_3555,1,0.4262546896934509
1,B1,v2_harsh_10002_clear_3747,0,0.4068679213523865
1,B1,v2_harsh_10002_clear_3802,1,0.4217175841331482
1,B1,v2_harsh_10002_clear_3811,0,0.3864949345588684
1,B1,v2_harsh_10002_clear_3939,0,0.3988361358642578
1,B1,v2_harsh_10002_clear_4283,1,0.4062117338180542
1,B1,v2_harsh_10002_clear_4369,0,0.4175214171409607
1,B1,v2_harsh_10002_clear_4387,0,0.3728800415992737
1,B1,v2_harsh_10002_clear_4579,0,0.3868962228298187
1,B1,v2_harsh_10002_clear_5326,0,0.4414549469947815
1,B1,v2_harsh_10002_clear_5347,0,0.4097759425640106
1,B1,v2_harsh_10002_clear_5411,0,0.36485061049461365
1,B1,v2_harsh_10002_clear_5462,1,0.4386550784111023
1,B1,v2_harsh_10002_clear_5745,1,0.46956273913383484
1,B1,v2_harsh_10003_clear_163,0,0.34717637300491333
1,B1,v2_harsh_10003_clear_227,0,0.3528333604335785
1,B1,v2_harsh_10003_clear_291,0,0.4023159146308899
1,B1,v2_harsh_10003_clear_580,1,0.549311101436615
1,B1,v2_harsh_10003_clear_916,1,0.5144809484481812
1,B1,v2_harsh_10003_clear_931,0,0.4161503314971924
1,B1,v2_harsh_10003_clear_1128,1,0.5411949157714844
1,B1,v2_harsh_10003_clear_1571,0,0.39028021693229675
1,B1,v2_harsh_10003_clear_1763,0,0.40317046642303467
1,B1,v2_harsh_10003_clear_1888,1,0.5498877763748169
1,B1,v2_harsh_10003_clear_1944,1,0.551612138748169
1,B1,v2_harsh_10003_clear_2247,1,0.4955623745918274
1,B1,v2_harsh_10003_clear_2534,0,0.40262946486473083
1,B1,v2_harsh_10003_clear_2595,0,0.34369808435440063
1,B1,v2_harsh_10003_clear_2633,1,0.4716455936431885
1,B1,v2_harsh_10003_clear_2710,0,0.4473267197608948
1,B1,v2_harsh_10003_clear_3363,0,0.3798166513442993
1,B1,v2_harsh_10003_clear_3415,0,0.3843833804130554
1,B1,v2_harsh_10003_clear_3491,0,0.44021546840667725
1,B1,v2_harsh_10003_clear_3530,0,0.43107813596725464
1,B1,v2_harsh_10003_clear_3542,1,0.4432857930660248
1,B1,v2_harsh_10003_clear_3555,0,0.36048105359077454
1,B1,v2_harsh_10003_clear_3665,1,0.3422410488128662
1,B1,v2_harsh_10003_clear_3670,1,0.33205467462539673
1,B1,v2_harsh_10003_clear_3683,0,0.2847781479358673
1,B1,v2_harsh_10003_clear_3747,0,0.3597661852836609
1,B1,v2_harsh_10003_clear_4195,0,0.32721075415611267
1,B1,v2_harsh_10003_clear_4282,0,0.47380003333091736
1,B1,v2_harsh_10003_clear_4451,0,0.46739643812179565
1,B1,v2_harsh_10003_clear_4643,0,0.32253947854042053
1,B1,v2_harsh_10003_clear_4960,1,0.5250862836837769
1,B1,v2_harsh_10003_clear_5155,0,0.30601000785827637
1,B1,v2_harsh_10003_clear_5411,0,0.3628494143486023
1,B1,v2_harsh_10003_clear_5858,0,0.40615296363830566
1,B1,v2_harsh_10003_clear_5901,1,0.4073808193206787
1,B1,v2_harsh_10003_clear_5923,0,0.33265921473503113
1,B1,v2_harsh_10004_clear_163,0,0.288129061460495
1,B1,v2_harsh_10004_clear_184,1,0.40558677911758423
1,B1,v2_harsh_10004_clear_242,1,0.44817620515823364
1,B1,v2_harsh_10004_clear_249,0,0.3970467150211334
1,B1,v2_harsh_10004_clear_355,0,0.3814949691295624
1,B1,v2_harsh_10004_clear_464,1,0.4223077595233917
1,B1,v2_harsh_10004_clear_867,0,0.3053398132324219
1,B1,v2_harsh_10004_clear_931,0,0.3263022303581238
1,B1,v2_harsh_10004_clear_1059,0,0.3222145438194275
1,B1,v2_harsh_10004_clear_1315,0,0.3215489983558655
1,B1,v2_harsh_10004_clear_1385,0,0.3072252869606018
1,B1,v2_harsh_10004_clear_1443,0,0.3073026239871979
1,B1,v2_harsh_10004_clear_1827,0,0.30594614148139954
1,B1,v2_harsh_10004_clear_1877,1,0.33753740787506104
1,B1,v2_harsh_10004_clear_1977,1,0.4689260423183441
1,B1,v2_harsh_10004_clear_2147,0,0.3661293685436249
1,B1,v2_harsh_10004_clear_2275,0,0.40861812233924866
1,B1,v2_harsh_10004_clear_2531,0,0.3695390224456787
1,B1,v2_harsh_10004_clear_2634,0,0.40418389439582825
1,B1,v2_harsh_10004_clear_2659,0,0.3520059585571289
1,B1,v2_harsh_10004_clear_3247,1,0.45166873931884766
1,B1,v2_harsh_10004_clear_3363,0,0.36891838908195496
1,B1,v2_harsh_10004_clear_3545,0,0.41857317090034485
1,B1,v2_harsh_10004_clear_3619,0,0.38727375864982605
1,B1,v2_harsh_10004_clear_4347,1,0.46049219369888306
1,B1,v2_harsh_10004_clear_4387,0,0.36704665422439575
1,B1,v2_harsh_10004_clear_4579,0,0.4158688187599182
1,B1,v2_harsh_10004_clear_4781,1,0.4247337877750397
1,B1,v2_harsh_10004_clear_4874,0,0.4239271879196167
1,B1,v2_harsh_10004_clear_4936,0,0.4552070200443268
1,B1,v2_harsh_10004_clear_5091,0,0.46310552954673767
1,B1,v2_harsh_10004_clear_5108,1,0.5434342622756958
1,B1,v2_harsh_10004_clear_5383,1,0.43168216943740845
1,B1,v2_harsh_10004_clear_5540,1,0.5372393131256104
1,B1,v2_harsh_10004_clear_5667,0,0.3251934349536896
1,B1,v2_harsh_10004_clear_5888,1,0.5709024667739868
1,B2,v2_standard_10001_vertical_mid_163,0,0.10001549869775772
1,B2,v2_standard_10001_vertical_mid_380,1,0.5468337535858154
1,B2,v2_standard_10001_central_furniture_419,0,0.2965821921825409
1,B2,v2_standard_10001_central_furniture_427,1,0.41168683767318726
1,B2,v2_standard_10001_clear_591,1,0.5058503746986389
1,B2,v2_standard_10001_clear_712,1,0.4686875343322754
1,B2,v2_standard_10001_central_furniture_787,0,0.33714261651039124
1,B2,v2_standard_10001_central_furniture_931,0,0.2768319547176361
1,B2,v2_standard_10001_clear_1059,0,0.2557341754436493
1,B2,v2_standard_10001_clear_1315,0,0.31778761744499207
1,B2,v2_standard_10001_central_furniture_1373,0,0.5204386115074158
1,B2,v2_standard_10001_vertical_mid_1571,0,0.4237542152404785
1,B2,v2_standard_10001_clear_1612,1,0.4505140483379364
1,B2,v2_standard_10001_central_furniture_1667,1,0.3884257972240448
1,B2,v2_standard_10001_clear_1688,1,0.31286510825157166
1,B2,v2_standard_10001_vertical_mid_2339,0,0.3513459265232086
1,B2,v2_standard_10001_vertical_mid_2392,0,0.483593612909317
1,B2,v2_standard_10001_vertical_mid_2478,1,0.5011834502220154
1,B2,v2_standard_10001_clear_2892,0,0.37671566009521484
1,B2,v2_standard_10001_clear_3228,1,0.4050016403198242
1,B2,v2_standard_10001_central_furniture_3493,1,0.35345807671546936
1,B2,v2_standard_10001_central_furniture_3555,0,0.15624114871025085
1,B2,v2_standard_10001_central_furniture_3811,0,0.2390538901090622
1,B2,v2_standard_10001_vertical_mid_4042,0,0.3919723331928253
1,B2,v2_standard_10001_central_furniture_4067,0,0.252636194229126
1,B2,v2_standard_10001_clear_4131,0,0.2737240791320801
1,B2,v2_standard_10001_vertical_mid_4259,0,0.3976609408855438
1,B2,v2_standard_10001_central_furniture_4271,1,0.667040228843689
1,B2,v2_standard_10001_clear_4515,0,0.2230699360370636
1,B2,v2_standard_10001_clear_4707,0,0.267996221780777
1,B2,v2_standard_10001_clear_4963,0,0.1642165184020996
1,B2,v2_standard_10001_vertical_mid_5091,0,0.2536252439022064
1,B2,v2_standard_10001_central_furniture_5155,0,0.4016868472099304
1,B2,v2_standard_10001_clear_5411,0,0.4081803858280182
1,B2,v2_standard_10001_vertical_mid_5601,0,0.23612608015537262
1,B2,v2_standard_10001_vertical_mid_5611,1,0.277462899684906
1,B2,v2_standard_10002_central_furniture_324,1,0.696291446685791
1,B2,v2_standard_10002_clear_419,0,0.34148678183555603
1,B2,v2_standard_10002_vertical_mid_729,1,0.5001708269119263
1,B2,v2_standard_10002_clear_833,1,0.2958447337150574
1,B2,v2_standard_10002_clear_867,0,0.25184425711631775
1,B2,v2_standard_10002_central_furniture_1059,0,0.18576279282569885
1,B2,v2_standard_10002_clear_1554,1,0.40684613585472107
1,B2,v2_standard_10002_clear_2083,0,0.31045544147491455
1,B2,v2_standard_10002_vertical_mid_2403,0,0.3618904948234558
1,B2,v2_standard_10002_vertical_mid_2531,0,0.3575647175312042
1,B2,v2_standard_10002_clear_2571,0,0.5010296702384949
1,B2,v2_standard_10002_central_furniture_2624,0,0.43850672245025635
1,B2,v2_standard_10002_central_furniture_2900,0,0.24520695209503174
1,B2,v2_standard_10002_central_furniture_2977,0,0.22277529537677765
1,B2,v2_standard_10002_clear_3107,0,0.20275145769119263
1,B2,v2_standard_10002_central_furniture_3112,0,0.28883203864097595
1,B2,v2_standard_10002_clear_3235,0,0.2824576795101166
1,B2,v2_standard_10002_vertical_mid_3363,0,0.2560233175754547
1,B2,v2_standard_10002_central_furniture_3538,1,0.4526430666446686
1,B2,v2_standard_10002_clear_3555,0,0.2224913090467453
1,B2,v2_standard_10002_central_furniture_3625,0,0.17828232049942017
1,B2,v2_standard_10002_clear_3758,1,0.5247259736061096
1,B2,v2_standard_10002_clear_3875,0,0.2910376489162445
1,B2,v2_standard_10002_central_furniture_4003,0,0.23334400355815887
1,B2,v2_standard_10002_vertical_mid_4100,1,0.5412852168083191
1,B2,v2_standard_10002_vertical_mid_4131,0,0.40680715441703796
1,B2,v2_standard_10002_clear_4323,0,0.28483039140701294
1,B2,v2_standard_10002_clear_4449,1,0.4936100244522095
1,B2,v2_standard_10002_vertical_mid_4515,0,0.3533848524093628
1,B2,v2_standard_10002_vertical_mid_4621,1,0.4416934847831726
1,B2,v2_standard_10002_vertical_mid_4771,0,0.354925274848938
1,B2,v2_standard_10002_central_furniture_4852,1,0.3468891382217407
1,B2,v2_standard_10002_vertical_mid_5334,1,0.3369446396827698
1,B2,v2_standard_10002_vertical_mid_5411,0,0.17704203724861145
1,B2,v2_standard_10002_central_furniture_5433,1,0.38864439725875854
1,B2,v2_standard_10002_central_furniture_5731,0,0.2673706114292145
1,B2,v2_standard_10003_vertical_mid_163,0,0.3142727315425873
1,B2,v2_standard_10003_clear_227,0,0.35166510939598083
1,B2,v2_standard_10003_central_furniture_291,0,0.5846493244171143
1,B2,v2_standard_10003_vertical_mid_355,0,0.39513149857521057
1,B2,v2_standard_10003_central_furniture_547,0,0.09955734759569168
1,B2,v2_standard_10003_vertical_mid_671,1,0.44325682520866394
1,B2,v2_standard_10003_vertical_mid_860,1,0.41413414478302
1,B2,v2_standard_10003_clear_923,1,0.5403313636779785
1,B2,v2_standard_10003_vertical_mid_931,0,0.3937206268310547
1,B2,v2_standard_10003_vertical_mid_983,0,0.38229799270629883
1,B2,v2_standard_10003_central_furniture_1099,1,0.403635710477829
1,B2,v2_standard_10003_central_furniture_1323,0,0.24659596383571625
1,B2,v2_standard_10003_clear_1418,1,0.35112863779067993
1,B2,v2_standard_10003_vertical_mid_1443,0,0.27904295921325684
1,B2,v2_standard_10003_central_furniture_1594,1,0.39077478647232056
1,B2,v2_standard_10003_clear_1995,0,0.329671174287796
1,B2,v2_standard_10003_vertical_mid_2019,0,0.37094947695732117
1,B2,v2_standard_10003_central_furniture_2147,0,0.32293710112571716
1,B2,v2_standard_10003_vertical_mid_2809,0,0.4283261001110077
1,B2,v2_standard_10003_vertical_mid_2979,0,0.4112504720687866
1,B2,v2_standard_10003_central_furniture_3171,0,0.22084012627601624
1,B2,v2_standard_10003_vertical_mid_3256,1,0.45681145787239075
1,B2,v2_standard_10003_central_furniture_3619,0,0.09343026578426361
1,B2,v2_standard_10003_central_furniture_3747,0,0.46346578001976013
1,B2,v2_standard_10003_clear_3939,0,0.19068670272827148
1,B2,v2_standard_10003_clear_4067,0,0.1581404060125351
1,B2,v2_standard_10003_vertical_mid_4260,1,0.6594105362892151
1,B2,v2_standard_10003_central_furniture_4451,0,0.23102910816669464
1,B2,v2_standard_10003_clear_4829,1,0.6926207542419434
1,B2,v2_standard_10003_central_furniture_5086,0,0.10763835161924362
1,B2,v2_standard_10003_central_furniture_5451,1,0.3748627007007599
1,B2,v2_standard_10003_central_furniture_5712,1,0.3378080427646637
1,B2,v2_standard_10003_central_furniture_5795,0,0.3043818175792694
1,B2,v2_standard_10003_clear_5840,0,0.4253372848033905
1,B2,v2_standard_10003_vertical_mid_5859,0,0.32970336079597473
1,B2,v2_standard_10003_central_furniture_5962,1,0.5331659317016602
1,B2,v2_standard_10004_vertical_mid_349,1,0.3971330225467682
1,B2,v2_standard_10004_clear_419,0,0.0974745899438858
1,B2,v2_standard_10004_vertical_mid_611,0,0.3971377909183502
1,B2,v2_standard_10004_clear_676,1,0.5562976002693176
1,B2,v2_standard_10004_clear_788,1,0.5204311609268188
1,B2,v2_standard_10004_central_furniture_808,0,0.5222059488296509
1,B2,v2_standard_10004_central_furniture_867,0,0.19392909109592438
1,B2,v2_standard_10004_central_furniture_967,1,0.5071871876716614
1,B2,v2_standard_10004_central_furniture_1123,0,0.30207449197769165
1,B2,v2_standard_10004_central_furniture_1139,1,0.4400957226753235
1,B2,v2_standard_10004_clear_1210,0,0.32633334398269653
1,B2,v2_standard_10004_vertical_mid_1443,0,0.42146340012550354
1,B2,v2_standard_10004_vertical_mid_1955,0,0.21547073125839233
1,B2,v2_standard_10004_clear_2083,0,0.2940104603767395
1,B2,v2_standard_10004_central_furniture_2418,1,0.5636452436447144
1,B2,v2_standard_10004_clear_2807,0,0.47576281428337097
1,B2,v2_standard_10004_central_furniture_2915,0,0.11054039746522903
1,B2,v2_standard_10004_vertical_mid_3427,0,0.1655844748020172
1,B2,v2_standard_10004_clear_3447,1,0.3489421606063843
1,B2,v2_standard_10004_central_furniture_3555,0,0.2611239552497864
1,B2,v2_standard_10004_vertical_mid_3743,1,0.4425751268863678
1,B2,v2_standard_10004_central_furniture_4033,1,0.41545990109443665
1,B2,v2_standard_10004_central_furniture_4052,1,0.4193062484264374
1,B2,v2_standard_10004_clear_4131,0,0.1531347632408142
1,B2,v2_standard_10004_vertical_mid_4259,0,0.17209970951080322
1,B2,v2_standard_10004_clear_4382,0,0.18847838044166565
1,B2,v2_standard_10004_central_furniture_4387,0,0.12076505273580551
1,B2,v2_standard_10004_vertical_mid_4491,1,0.4046335518360138
1,B2,v2_standard_10004_central_furniture_4515,0,0.3023103177547455
1,B2,v2_standard_10004_central_furniture_4577,1,0.23683947324752808
1,B2,v2_standard_10004_central_furniture_4643,0,0.14083866775035858
1,B2,v2_standard_10004_central_furniture_5163,0,0.08728359639644623
1,B2,v2_standard_10004_central_furniture_5475,0,0.2802094519138336
1,B2,v2_standard_10004_clear_5603,0,0.2600425183773041
1,B2,v2_standard_10004_clear_5731,0,0.3451223373413086
1,B2,v2_standard_10004_vertical_mid_5780,0,0.44985082745552063
1,B2,v2_harsh_10001_vertical_mid_163,0,0.11048690974712372
1,B2,v2_harsh_10001_central_furniture_227,0,0.17393171787261963
1,B2,v2_harsh_10001_central_furniture_233,0,0.27975860238075256
1,B2,v2_harsh_10001_vertical_mid_739,0,0.22141054272651672
1,B2,v2_harsh_10001_vertical_mid_1034,0,0.24501223862171173
1,B2,v2_harsh_10001_vertical_mid_1137,1,0.4200296103954315
1,B2,v2_harsh_10001_central_furniture_1251,0,0.0514679029583931
1,B2,v2_harsh_10001_clear_1493,0,0.46127286553382874
1,B2,v2_harsh_10001_vertical_mid_1668,1,0.650209903717041
1,B2,v2_harsh_10001_central_furniture_2083,0,0.08646050095558167
1,B2,v2_harsh_10001_vertical_mid_2339,0,0.4341668486595154
1,B2,v2_harsh_10001_central_furniture_2374,1,0.4215363562107086
1,B2,v2_harsh_10001_central_furniture_2531,0,0.23198479413986206
1,B2,v2_harsh_10001_central_furniture_2834,1,0.113303042948246
1,B2,v2_harsh_10001_vertical_mid_2851,0,0.17995059490203857
1,B2,v2_harsh_10001_central_furniture_3419,1,0.6210450530052185
1,B2,v2_harsh_10001_clear_3447,0,0.44383856654167175
1,B2,v2_harsh_10001_vertical_mid_3875,0,0.32238543033599854
1,B2,v2_harsh_10001_clear_3939,0,0.07826991379261017
1,B2,v2_harsh_10001_clear_4128,1,0.3758229613304138
1,B2,v2_harsh_10001_central_furniture_4195,0,0.07978371530771255
1,B2,v2_harsh_10001_central_furniture_4310,0,0.17886103689670563
1,B2,v2_harsh_10001_central_furniture_4387,0,0.23842205107212067
1,B2,v2_harsh_10001_clear_4541,1,0.3725108206272125
1,B2,v2_harsh_10001_central_furniture_4578,1,0.36921119689941406
1,B2,v2_harsh_10001_central_furniture_4643,0,0.14262771606445312
1,B2,v2_harsh_10001_clear_4835,0,0.25070270895957947
1,B2,v2_harsh_10001_clear_4951,1,0.43207812309265137
1,B2,v2_harsh_10001_central_furniture_5155,0,0.16389082372188568
1,B2,v2_harsh_10001_central_furniture_5411,0,0.12780627608299255
1,B2,v2_harsh_10001_vertical_mid_5445,0,0.5192015171051025
1,B2,v2_harsh_10001_clear_5475,0,0.07393781840801239
1,B2,v2_harsh_10001_clear_5603,0,0.10313064604997635
1,B2,v2_harsh_10001_vertical_mid_5624,1,0.7117021083831787
1,B2,v2_harsh_10001_central_furniture_5659,1,0.580388605594635
1,B2,v2_harsh_10001_clear_5734,1,0.2669215500354767
1,B2,v2_harsh_10002_clear_163,0,0.048011261969804764
1,B2,v2_harsh_10002_central_furniture_227,0,0.11867846548557281
1,B2,v2_harsh_10002_central_furniture_291,0,0.06120394915342331
1,B2,v2_harsh_10002_clear_483,0,0.12618914246559143
1,B2,v2_harsh_10002_vertical_mid_727,0,0.22340603172779083
1,B2,v2_harsh_10002_vertical_mid_824,0,0.44075945019721985
1,B2,v2_harsh_10002_vertical_mid_867,1,0.37985724210739136
1,B2,v2_harsh_10002_clear_995,0,0.3575896620750427
1,B2,v2_harsh_10002_vertical_mid_1100,1,0.5037364959716797
1,B2,v2_harsh_10002_clear_1153,0,0.5711458921432495
1,B2,v2_harsh_10002_vertical_mid_1187,0,0.3762156665325165
1,B2,v2_harsh_10002_vertical_mid_1443,0,0.15076979994773865
1,B2,v2_harsh_10002_vertical_mid_1533,1,0.5455712676048279
1,B2,v2_harsh_10002_clear_1590,1,0.6249111890792847
1,B2,v2_harsh_10002_vertical_mid_2211,0,0.2695568799972534
1,B2,v2_harsh_10002_vertical_mid_2403,0,0.36362192034721375
1,B2,v2_harsh_10002_central_furniture_2467,0,0.10870040208101273
1,B2,v2_harsh_10002_vertical_mid_2551,0,0.17768700420856476
1,B2,v2_harsh_10002_clear_2902,1,0.6634254455566406
1,B2,v2_harsh_10002_central_furniture_3043,0,0.1383824646472931
1,B2,v2_harsh_10002_vertical_mid_3137,1,0.38181260228157043
1,B2,v2_harsh_10002_vertical_mid_3527,1,0.5144596695899963
1,B2,v2_harsh_10002_clear_3555,1,0.6656869053840637
1,B2,v2_harsh_10002_vertical_mid_3747,0,0.19886477291584015
1,B2,v2_harsh_10002_central_furniture_3802,1,0.3720192015171051
1,B2,v2_harsh_10002_central_furniture_3811,0,0.15592001378536224
1,B2,v2_harsh_10002_clear_3939,0,0.134900763630867
1,B2,v2_harsh_10002_vertical_mid_4283,1,0.37540382146835327
1,B2,v2_harsh_10002_clear_4369,0,0.3568487763404846
1,B2,v2_harsh_10002_central_furniture_4387,0,0.24029648303985596
1,B2,v2_harsh_10002_clear_4579,0,0.2268322855234146
1,B2,v2_harsh_10002_vertical_mid_5326,0,0.3075771927833557
1,B2,v2_harsh_10002_central_furniture_5347,0,0.22331637144088745
1,B2,v2_harsh_10002_vertical_mid_5411,0,0.19559931755065918
1,B2,v2_harsh_10002_central_furniture_5462,1,0.4441962242126465
1,B2,v2_harsh_10002_clear_5745,1,0.5002649426460266
1,B2,v2_harsh_10003_central_furniture_163,0,0.1689998358488083
1,B2,v2_harsh_10003_central_furniture_227,0,0.09870590269565582
1,B2,v2_harsh_10003_clear_291,0,0.153671532869339
1,B2,v2_harsh_10003_clear_580,1,0.6849514842033386
1,B2,v2_harsh_10003_clear_916,1,0.514083206653595
1,B2,v2_harsh_10003_clear_931,0,0.20464082062244415
1,B2,v2_harsh_10003_clear_1128,1,0.7076590657234192
1,B2,v2_harsh_10003_clear_1571,0,0.13872258365154266
1,B2,v2_harsh_10003_central_furniture_1763,0,0.1671925038099289
1,B2,v2_harsh_10003_clear_1888,1,0.6413569450378418
1,B2,v2_harsh_10003_central_furniture_1944,1,0.5153577327728271
1,B2,v2_harsh_10003_central_furniture_2247,1,0.5813121199607849
1,B2,v2_harsh_10003_clear_2534,0,0.1976967453956604
1,B2,v2_harsh_10003_central_furniture_2595,0,0.13519340753555298
1,B2,v2_harsh_10003_central_furniture_2633,1,0.6405881643295288
1,B2,v2_harsh_10003_clear_2710,0,0.3045821785926819
1,B2,v2_harsh_10003_clear_3363,0,0.20249420404434204
1,B2,v2_harsh_10003_vertical_mid_3415,0,0.3326786756515503
1,B2,v2_harsh_10003_clear_3491,0,0.2460070699453354
1,B2,v2_harsh_10003_vertical_mid_3530,0,0.37926265597343445
1,B2,v2_harsh_10003_vertical_mid_3542,1,0.43392571806907654
1,B2,v2_harsh_10003_vertical_mid_3555,0,0.34686365723609924
1,B2,v2_harsh_10003_vertical_mid_3665,1,0.45602113008499146
1,B2,v2_harsh_10003_vertical_mid_3670,1,0.40958133339881897
1,B2,v2_harsh_10003_clear_3683,0,0.04313776269555092
1,B2,v2_harsh_10003_vertical_mid_3747,0,0.29803815484046936
1,B2,v2_harsh_10003_vertical_mid_4195,0,0.3986220061779022
1,B2,v2_harsh_10003_central_furniture_4282,0,0.28461724519729614
1,B2,v2_harsh_10003_central_furniture_4451,0,0.25508055090904236
1,B2,v2_harsh_10003_central_furniture_4643,0,0.050942566245794296
1,B2,v2_harsh_10003_vertical_mid_4960,1,0.2969360649585724
1,B2,v2_harsh_10003_vertical_mid_5155,0,0.43930870294570923
1,B2,v2_harsh_10003_clear_5411,0,0.12275083363056183
1,B2,v2_harsh_10003_vertical_mid_5858,0,0.27439793944358826
1,B2,v2_harsh_10003_vertical_mid_5901,1,0.4642162024974823
1,B2,v2_harsh_10003_vertical_mid_5923,0,0.28866076469421387
1,B2,v2_harsh_10004_clear_163,0,0.03658019006252289
1,B2,v2_harsh_10004_clear_184,1,0.472893089056015
1,B2,v2_harsh_10004_clear_242,1,0.4449373781681061
1,B2,v2_harsh_10004_clear_249,0,0.362909197807312
1,B2,v2_harsh_10004_vertical_mid_355,0,0.255646675825119
1,B2,v2_harsh_10004_clear_464,1,0.5263010859489441
1,B2,v2_harsh_10004_clear_867,0,0.07736294716596603
1,B2,v2_harsh_10004_clear_931,0,0.1865580826997757
1,B2,v2_harsh_10004_central_furniture_1059,0,0.14162878692150116
1,B2,v2_harsh_10004_clear_1315,0,0.07977388799190521
1,B2,v2_harsh_10004_central_furniture_1385,0,0.13720083236694336
1,B2,v2_harsh_10004_vertical_mid_1443,0,0.38350939750671387
1,B2,v2_harsh_10004_clear_1827,0,0.059609733521938324
1,B2,v2_harsh_10004_central_furniture_1877,1,0.16393548250198364
1,B2,v2_harsh_10004_central_furniture_1977,1,0.29351717233657837
1,B2,v2_harsh_10004_central_furniture_2147,0,0.17527265846729279
1,B2,v2_harsh_10004_clear_2275,0,0.15849964320659637
1,B2,v2_harsh_10004_central_furniture_2531,0,0.11615340411663055
1,B2,v2_harsh_10004_central_furniture_2634,0,0.2825031280517578
1,B2,v2_harsh_10004_central_furniture_2659,0,0.19168028235435486
1,B2,v2_harsh_10004_central_furniture_3247,1,0.40373659133911133
1,B2,v2_harsh_10004_vertical_mid_3363,0,0.16821955144405365
1,B2,v2_harsh_10004_vertical_mid_3545,0,0.31194886565208435
1,B2,v2_harsh_10004_central_furniture_3619,0,0.20986127853393555
1,B2,v2_harsh_10004_central_furniture_4347,1,0.4373575747013092
1,B2,v2_harsh_10004_central_furniture_4387,0,0.16715297102928162
1,B2,v2_harsh_10004_vertical_mid_4579,0,0.2511792480945587
1,B2,v2_harsh_10004_vertical_mid_4781,1,0.5749558210372925
1,B2,v2_harsh_10004_vertical_mid_4874,0,0.30883288383483887
1,B2,v2_harsh_10004_clear_4936,0,0.4639081060886383
1,B2,v2_harsh_10004_clear_5091,0,0.2578068673610687
1,B2,v2_harsh_10004_vertical_mid_5108,1,0.6318671703338623
1,B2,v2_harsh_10004_vertical_mid_5383,1,0.5559614300727844
1,B2,v2_harsh_10004_clear_5540,1,0.6673436760902405
1,B2,v2_harsh_10004_clear_5667,0,0.06718581169843674
1,B2,v2_harsh_10004_clear_5888,1,0.6006742119789124
2,B1,v2_standard_10001_clear_163,0,0.18351253867149353
2,B1,v2_standard_10001_clear_380,1,0.6517258286476135
2,B1,v2_standard_10001_clear_419,0,0.610663652420044
2,B1,v2_standard_10001_clear_427,1,0.6785978674888611
2,B1,v2_standard_10001_clear_591,1,0.6964912414550781
2,B1,v2_standard_10001_clear_712,1,0.5744019746780396
2,B1,v2_standard_10001_clear_787,0,0.5344349145889282
2,B1,v2_standard_10001_clear_931,0,0.3669760525226593
2,B1,v2_standard_10001_clear_1059,0,0.4253631830215454
2,B1,v2_standard_10001_clear_1315,0,0.3600158095359802
2,B1,v2_standard_10001_clear_1373,0,0.6941033005714417
2,B1,v2_standard_10001_clear_1571,0,0.42653888463974
2,B1,v2_standard_10001_clear_1612,1,0.5465097427368164
2,B1,v2_standard_10001_clear_1667,1,0.5855112075805664
2,B1,v2_standard_10001_clear_1688,1,0.4193131923675537
2,B1,v2_standard_10001_clear_2339,0,0.3470767140388489
2,B1,v2_standard_10001_clear_2392,0,0.6567346453666687
2,B1,v2_standard_10001_clear_2478,1,0.5632550120353699
2,B1,v2_standard_10001_clear_2892,0,0.4926566481590271
2,B1,v2_standard_10001_clear_3228,1,0.5166950225830078
2,B1,v2_standard_10001_clear_3493,1,0.5626208186149597
2,B1,v2_standard_10001_clear_3555,0,0.2726832628250122
2,B1,v2_standard_10001_clear_3811,0,0.3548160791397095
2,B1,v2_standard_10001_clear_4042,0,0.3081988990306854
2,B1,v2_standard_10001_clear_4067,0,0.3284737765789032
2,B1,v2_standard_10001_clear_4131,0,0.41843053698539734
2,B1,v2_standard_10001_clear_4259,0,0.49603062868118286
2,B1,v2_standard_10001_clear_4271,1,0.7181400656700134
2,B1,v2_standard_10001_clear_4515,0,0.39675718545913696
2,B1,v2_standard_10001_clear_4707,0,0.5270237922668457
2,B1,v2_standard_10001_clear_4963,0,0.22195209562778473
2,B1,v2_standard_10001_clear_5091,0,0.34521105885505676
2,B1,v2_standard_10001_clear_5155,0,0.6187890768051147
2,B1,v2_standard_10001_clear_5411,0,0.4131186306476593
2,B1,v2_standard_10001_clear_5601,0,0.33146125078201294
2,B1,v2_standard_10001_clear_5611,1,0.31400251388549805
2,B1,v2_standard_10002_clear_324,1,0.8222501873970032
2,B1,v2_standard_10002_clear_419,0,0.5441426634788513
2,B1,v2_standard_10002_clear_729,1,0.513131856918335
2,B1,v2_standard_10002_clear_833,1,0.4136023223400116
2,B1,v2_standard_10002_clear_867,0,0.37449634075164795
2,B1,v2_standard_10002_clear_1059,0,0.4498177468776703
2,B1,v2_standard_10002_clear_1554,1,0.5213214755058289
2,B1,v2_standard_10002_clear_2083,0,0.6267618536949158
2,B1,v2_standard_10002_clear_2403,0,0.3557905852794647
2,B1,v2_standard_10002_clear_2531,0,0.41848599910736084
2,B1,v2_standard_10002_clear_2571,0,0.6510422229766846
2,B1,v2_standard_10002_clear_2624,0,0.5366174578666687
2,B1,v2_standard_10002_clear_2900,0,0.43160519003868103
2,B1,v2_standard_10002_clear_2977,0,0.40818527340888977
2,B1,v2_standard_10002_clear_3107,0,0.2900216579437256
2,B1,v2_standard_10002_clear_3112,0,0.5104539394378662
2,B1,v2_standard_10002_clear_3235,0,0.3207472562789917
2,B1,v2_standard_10002_clear_3363,0,0.34784799814224243
2,B1,v2_standard_10002_clear_3538,1,0.46638965606689453
2,B1,v2_standard_10002_clear_3555,0,0.23533104360103607
2,B1,v2_standard_10002_clear_3625,0,0.3249734044075012
2,B1,v2_standard_10002_clear_3758,1,0.654822587966919
2,B1,v2_standard_10002_clear_3875,0,0.3811277449131012
2,B1,v2_standard_10002_clear_4003,0,0.354318767786026
2,B1,v2_standard_10002_clear_4100,1,0.5628098249435425
2,B1,v2_standard_10002_clear_4131,0,0.5004239082336426
2,B1,v2_standard_10002_clear_4323,0,0.49326789379119873
2,B1,v2_standard_10002_clear_4449,1,0.5638694763183594
2,B1,v2_standard_10002_clear_4515,0,0.3710322082042694
2,B1,v2_standard_10002_clear_4621,1,0.6191725730895996
2,B1,v2_standard_10002_clear_4771,0,0.39301836490631104
2,B1,v2_standard_10002_clear_4852,1,0.4485277831554413
2,B1,v2_standard_10002_clear_5334,1,0.44703972339630127
2,B1,v2_standard_10002_clear_5411,0,0.2818014919757843
2,B1,v2_standard_10002_clear_5433,1,0.5024989247322083
2,B1,v2_standard_10002_clear_5731,0,0.3530735969543457
2,B1,v2_standard_10003_clear_163,0,0.3999291658401489
2,B1,v2_standard_10003_clear_227,0,0.44127151370048523
2,B1,v2_standard_10003_clear_291,0,0.7055630683898926
2,B1,v2_standard_10003_clear_355,0,0.4448438584804535
2,B1,v2_standard_10003_clear_547,0,0.2646175026893616
2,B1,v2_standard_10003_clear_671,1,0.6091753840446472
2,B1,v2_standard_10003_clear_860,1,0.438060462474823
2,B1,v2_standard_10003_clear_923,1,0.6128764748573303
2,B1,v2_standard_10003_clear_931,0,0.40929460525512695
2,B1,v2_standard_10003_clear_983,0,0.522879421710968
2,B1,v2_standard_10003_clear_1099,1,0.5582316517829895
2,B1,v2_standard_10003_clear_1323,0,0.39104732871055603
2,B1,v2_standard_10003_clear_1418,1,0.5182947516441345
2,B1,v2_standard_10003_clear_1443,0,0.4187646508216858
2,B1,v2_standard_10003_clear_1594,1,0.6158188581466675
2,B1,v2_standard_10003_clear_1995,0,0.45746755599975586
2,B1,v2_standard_10003_clear_2019,0,0.37213990092277527
2,B1,v2_standard_10003_clear_2147,0,0.45419400930404663
2,B1,v2_standard_10003_clear_2809,0,0.5436016321182251
2,B1,v2_standard_10003_clear_2979,0,0.33829453587532043
2,B1,v2_standard_10003_clear_3171,0,0.3649917542934418
2,B1,v2_standard_10003_clear_3256,1,0.5513565540313721
2,B1,v2_standard_10003_clear_3619,0,0.21718069911003113
2,B1,v2_standard_10003_clear_3747,0,0.4394659996032715
2,B1,v2_standard_10003_clear_3939,0,0.3469209671020508
2,B1,v2_standard_10003_clear_4067,0,0.3015645444393158
2,B1,v2_standard_10003_clear_4260,1,0.7568004727363586
2,B1,v2_standard_10003_clear_4451,0,0.4621122479438782
2,B1,v2_standard_10003_clear_4829,1,0.8143491148948669
2,B1,v2_standard_10003_clear_5086,0,0.38549742102622986
2,B1,v2_standard_10003_clear_5451,1,0.6640150547027588
2,B1,v2_standard_10003_clear_5712,1,0.45937609672546387
2,B1,v2_standard_10003_clear_5795,0,0.44778528809547424
2,B1,v2_standard_10003_clear_5840,0,0.49486827850341797
2,B1,v2_standard_10003_clear_5859,0,0.35734301805496216
2,B1,v2_standard_10003_clear_5962,1,0.4709888994693756
2,B1,v2_standard_10004_clear_349,1,0.37520819902420044
2,B1,v2_standard_10004_clear_419,0,0.23321671783924103
2,B1,v2_standard_10004_clear_611,0,0.2877579629421234
2,B1,v2_standard_10004_clear_676,1,0.4217579960823059
2,B1,v2_standard_10004_clear_788,1,0.5155034065246582
2,B1,v2_standard_10004_clear_808,0,0.40133166313171387
2,B1,v2_standard_10004_clear_867,0,0.36519160866737366
2,B1,v2_standard_10004_clear_967,1,0.7873899340629578
2,B1,v2_standard_10004_clear_1123,0,0.4244380295276642
2,B1,v2_standard_10004_clear_1139,1,0.4990251958370209
2,B1,v2_standard_10004_clear_1210,0,0.4280346930027008
2,B1,v2_standard_10004_clear_1443,0,0.33451029658317566
2,B1,v2_standard_10004_clear_1955,0,0.35964274406433105
2,B1,v2_standard_10004_clear_2083,0,0.38469910621643066
2,B1,v2_standard_10004_clear_2418,1,0.6837483644485474
2,B1,v2_standard_10004_clear_2807,0,0.5328914523124695
2,B1,v2_standard_10004_clear_2915,0,0.3852916359901428
2,B1,v2_standard_10004_clear_3427,0,0.2763095498085022
2,B1,v2_standard_10004_clear_3447,1,0.49231743812561035
2,B1,v2_standard_10004_clear_3555,0,0.33207353949546814
2,B1,v2_standard_10004_clear_3743,1,0.46198031306266785
2,B1,v2_standard_10004_clear_4033,1,0.5493037104606628
2,B1,v2_standard_10004_clear_4052,1,0.5222793221473694
2,B1,v2_standard_10004_clear_4131,0,0.2489226907491684
2,B1,v2_standard_10004_clear_4259,0,0.261266827583313
2,B1,v2_standard_10004_clear_4382,0,0.3945368528366089
2,B1,v2_standard_10004_clear_4387,0,0.2732204496860504
2,B1,v2_standard_10004_clear_4491,1,0.47973066568374634
2,B1,v2_standard_10004_clear_4515,0,0.31019484996795654
2,B1,v2_standard_10004_clear_4577,1,0.5118833184242249
2,B1,v2_standard_10004_clear_4643,0,0.2008867859840393
2,B1,v2_standard_10004_clear_5163,0,0.24020695686340332
2,B1,v2_standard_10004_clear_5475,0,0.4098394811153412
2,B1,v2_standard_10004_clear_5603,0,0.4490307867527008
2,B1,v2_standard_10004_clear_5731,0,0.5074025988578796
2,B1,v2_standard_10004_clear_5780,0,0.37144413590431213
2,B1,v2_harsh_10001_clear_163,0,0.174701526761055
2,B1,v2_harsh_10001_clear_227,0,0.193402960896492
2,B1,v2_harsh_10001_clear_233,0,0.39088523387908936
2,B1,v2_harsh_10001_clear_739,0,0.2217479944229126
2,B1,v2_harsh_10001_clear_1034,0,0.6247618198394775
2,B1,v2_harsh_10001_clear_1137,1,0.5828073024749756
2,B1,v2_harsh_10001_clear_1251,0,0.2688865065574646
2,B1,v2_harsh_10001_clear_1493,0,0.5559398531913757
2,B1,v2_harsh_10001_clear_1668,1,0.8523769378662109
2,B1,v2_harsh_10001_clear_2083,0,0.17352309823036194
2,B1,v2_harsh_10001_clear_2339,0,0.48663899302482605
2,B1,v2_harsh_10001_clear_2374,1,0.7686933875083923
2,B1,v2_harsh_10001_clear_2531,0,0.37671661376953125
2,B1,v2_harsh_10001_clear_2834,1,0.4131010174751282
2,B1,v2_harsh_10001_clear_2851,0,0.15071138739585876
2,B1,v2_harsh_10001_clear_3419,1,0.7396870255470276
2,B1,v2_harsh_10001_clear_3447,0,0.5953859090805054
2,B1,v2_harsh_10001_clear_3875,0,0.46545615792274475
2,B1,v2_harsh_10001_clear_3939,0,0.2683144509792328
2,B1,v2_harsh_10001_clear_4128,1,0.776131808757782
2,B1,v2_harsh_10001_clear_4195,0,0.22809569537639618
2,B1,v2_harsh_10001_clear_4310,0,0.6080750226974487
2,B1,v2_harsh_10001_clear_4387,0,0.3797647953033447
2,B1,v2_harsh_10001_clear_4541,1,0.5245906710624695
2,B1,v2_harsh_10001_clear_4578,1,0.514191746711731
2,B1,v2_harsh_10001_clear_4643,0,0.21652351319789886
2,B1,v2_harsh_10001_clear_4835,0,0.36025550961494446
2,B1,v2_harsh_10001_clear_4951,1,0.5889861583709717
2,B1,v2_harsh_10001_clear_5155,0,0.42147910594940186
2,B1,v2_harsh_10001_clear_5411,0,0.4456367492675781
2,B1,v2_harsh_10001_clear_5445,0,0.4865669906139374
2,B1,v2_harsh_10001_clear_5475,0,0.1955074816942215
2,B1,v2_harsh_10001_clear_5603,0,0.2769746780395508
2,B1,v2_harsh_10001_clear_5624,1,0.7646986246109009
2,B1,v2_harsh_10001_clear_5659,1,0.862366259098053
2,B1,v2_harsh_10001_clear_5734,1,0.7242960333824158
2,B1,v2_harsh_10002_clear_163,0,0.19159454107284546
2,B1,v2_harsh_10002_clear_227,0,0.222224161028862
2,B1,v2_harsh_10002_clear_291,0,0.22043998539447784
2,B1,v2_harsh_10002_clear_483,0,0.30604249238967896
2,B1,v2_harsh_10002_clear_727,0,0.4625619351863861
2,B1,v2_harsh_10002_clear_824,0,0.7123387455940247
2,B1,v2_harsh_10002_clear_867,1,0.6045933365821838
2,B1,v2_harsh_10002_clear_995,0,0.5363718271255493
2,B1,v2_harsh_10002_clear_1100,1,0.6877220869064331
2,B1,v2_harsh_10002_clear_1153,0,0.7397810816764832
2,B1,v2_harsh_10002_clear_1187,0,0.5005115866661072
2,B1,v2_harsh_10002_clear_1443,0,0.31807732582092285
2,B1,v2_harsh_10002_clear_1533,1,0.583837628364563
2,B1,v2_harsh_10002_clear_1590,1,0.870427668094635
2,B1,v2_harsh_10002_clear_2211,0,0.41103896498680115
2,B1,v2_harsh_10002_clear_2403,0,0.22908686101436615
2,B1,v2_harsh_10002_clear_2467,0,0.2200755923986435
2,B1,v2_harsh_10002_clear_2551,0,0.36544954776763916
2,B1,v2_harsh_10002_clear_2902,1,0.8600958585739136
2,B1,v2_harsh_10002_clear_3043,0,0.29334279894828796
2,B1,v2_harsh_10002_clear_3137,1,0.6399304270744324
2,B1,v2_harsh_10002_clear_3527,1,0.6633406281471252
2,B1,v2_harsh_10002_clear_3555,1,0.7372872829437256
2,B1,v2_harsh_10002_clear_3747,0,0.40574073791503906
2,B1,v2_harsh_10002_clear_3802,1,0.6400688290596008
2,B1,v2_harsh_10002_clear_3811,0,0.35633498430252075
2,B1,v2_harsh_10002_clear_3939,0,0.3836038112640381
2,B1,v2_harsh_10002_clear_4283,1,0.6409900188446045
2,B1,v2_harsh_10002_clear_4369,0,0.6607136130332947
2,B1,v2_harsh_10002_clear_4387,0,0.3624154031276703
2,B1,v2_harsh_10002_clear_4579,0,0.3995093107223511
2,B1,v2_harsh_10002_clear_5326,0,0.6507279276847839
2,B1,v2_harsh_10002_clear_5347,0,0.4349248707294464
2,B1,v2_harsh_10002_clear_5411,0,0.2266925424337387
2,B1,v2_harsh_10002_clear_5462,1,0.6664334535598755
2,B1,v2_harsh_10002_clear_5745,1,0.7054035663604736
2,B1,v2_harsh_10003_clear_163,0,0.2481101155281067
2,B1,v2_harsh_10003_clear_227,0,0.2877507507801056
2,B1,v2_harsh_10003_clear_291,0,0.3645130693912506
2,B1,v2_harsh_10003_clear_580,1,0.8787546157836914
2,B1,v2_harsh_10003_clear_916,1,0.7748602628707886
2,B1,v2_harsh_10003_clear_931,0,0.3325044512748718
2,B1,v2_harsh_10003_clear_1128,1,0.862860918045044
2,B1,v2_harsh_10003_clear_1571,0,0.27222391963005066
2,B1,v2_harsh_10003_clear_1763,0,0.41679883003234863
2,B1,v2_harsh_10003_clear_1888,1,0.8445857167243958
2,B1,v2_harsh_10003_clear_1944,1,0.8386319279670715
2,B1,v2_harsh_10003_clear_2247,1,0.7495635747909546
2,B1,v2_harsh_10003_clear_2534,0,0.5804843306541443
2,B1,v2_harsh_10003_clear_2595,0,0.25291553139686584
2,B1,v2_harsh_10003_clear_2633,1,0.7599536180496216
2,B1,v2_harsh_10003_clear_2710,0,0.5807382464408875
2,B1,v2_harsh_10003_clear_3363,0,0.3385286331176758
2,B1,v2_harsh_10003_clear_3415,0,0.4709150195121765
2,B1,v2_harsh_10003_clear_3491,0,0.4937726855278015
2,B1,v2_harsh_10003_clear_3530,0,0.6187920570373535
2,B1,v2_harsh_10003_clear_3542,1,0.712871253490448
2,B1,v2_harsh_10003_clear_3555,0,0.30683428049087524
2,B1,v2_harsh_10003_clear_3665,1,0.5375218391418457
2,B1,v2_harsh_10003_clear_3670,1,0.4479215443134308
2,B1,v2_harsh_10003_clear_3683,0,0.14346690475940704
2,B1,v2_harsh_10003_clear_3747,0,0.42043691873550415
2,B1,v2_harsh_10003_clear_4195,0,0.2865033447742462
2,B1,v2_harsh_10003_clear_4282,0,0.6383772492408752
2,B1,v2_harsh_10003_clear_4451,0,0.5030142068862915
2,B1,v2_harsh_10003_clear_4643,0,0.2256634533405304
2,B1,v2_harsh_10003_clear_4960,1,0.8143200278282166
2,B1,v2_harsh_10003_clear_5155,0,0.24167431890964508
2,B1,v2_harsh_10003_clear_5411,0,0.27378034591674805
2,B1,v2_harsh_10003_clear_5858,0,0.5996997952461243
2,B1,v2_harsh_10003_clear_5901,1,0.65156090259552
2,B1,v2_harsh_10003_clear_5923,0,0.2487601488828659
2,B1,v2_harsh_10004_clear_163,0,0.11404278129339218
2,B1,v2_harsh_10004_clear_184,1,0.6779859662055969
2,B1,v2_harsh_10004_clear_242,1,0.6923165321350098
2,B1,v2_harsh_10004_clear_249,0,0.5042798519134521
2,B1,v2_harsh_10004_clear_355,0,0.25380533933639526
2,B1,v2_harsh_10004_clear_464,1,0.6299246549606323
2,B1,v2_harsh_10004_clear_867,0,0.16679570078849792
2,B1,v2_harsh_10004_clear_931,0,0.19915318489074707
2,B1,v2_harsh_10004_clear_1059,0,0.3217282295227051
2,B1,v2_harsh_10004_clear_1315,0,0.2745240032672882
2,B1,v2_harsh_10004_clear_1385,0,0.3619149923324585
2,B1,v2_harsh_10004_clear_1443,0,0.20569278299808502
2,B1,v2_harsh_10004_clear_1827,0,0.2160453349351883
2,B1,v2_harsh_10004_clear_1877,1,0.4825739562511444
2,B1,v2_harsh_10004_clear_1977,1,0.7569159865379333
2,B1,v2_harsh_10004_clear_2147,0,0.2406715303659439
2,B1,v2_harsh_10004_clear_2275,0,0.32327038049697876
2,B1,v2_harsh_10004_clear_2531,0,0.39237216114997864
2,B1,v2_harsh_10004_clear_2634,0,0.5228177905082703
2,B1,v2_harsh_10004_clear_2659,0,0.2884984314441681
2,B1,v2_harsh_10004_clear_3247,1,0.6356952786445618
2,B1,v2_harsh_10004_clear_3363,0,0.22003281116485596
2,B1,v2_harsh_10004_clear_3545,0,0.6402947902679443
2,B1,v2_harsh_10004_clear_3619,0,0.4320213198661804
2,B1,v2_harsh_10004_clear_4347,1,0.7019861936569214
2,B1,v2_harsh_10004_clear_4387,0,0.35215121507644653
2,B1,v2_harsh_10004_clear_4579,0,0.3587811291217804
2,B1,v2_harsh_10004_clear_4781,1,0.7211295366287231
2,B1,v2_harsh_10004_clear_4874,0,0.4863533675670624
2,B1,v2_harsh_10004_clear_4936,0,0.6627318859100342
2,B1,v2_harsh_10004_clear_5091,0,0.5458065271377563
2,B1,v2_harsh_10004_clear_5108,1,0.8676730990409851
2,B1,v2_harsh_10004_clear_5383,1,0.7343565225601196
2,B1,v2_harsh_10004_clear_5540,1,0.8748908042907715
2,B1,v2_harsh_10004_clear_5667,0,0.22579702734947205
2,B1,v2_harsh_10004_clear_5888,1,0.8841071128845215
2,B2,v2_standard_10001_central_furniture_163,0,0.3532716631889343
2,B2,v2_standard_10001_clear_380,1,0.5141968131065369
2,B2,v2_standard_10001_clear_419,0,0.4855027198791504
2,B2,v2_standard_10001_clear_427,1,0.4821857511997223
2,B2,v2_standard_10001_vertical_mid_591,1,0.3675065040588379
2,B2,v2_standard_10001_central_furniture_712,1,0.37474456429481506
2,B2,v2_standard_10001_vertical_mid_787,0,0.3698587119579315
2,B2,v2_standard_10001_clear_931,0,0.3355489671230316
2,B2,v2_standard_10001_vertical_mid_1059,0,0.35598960518836975
2,B2,v2_standard_10001_vertical_mid_1315,0,0.36073121428489685
2,B2,v2_standard_10001_central_furniture_1373,0,0.44869932532310486
2,B2,v2_standard_10001_central_furniture_1571,0,0.36444592475891113
2,B2,v2_standard_10001_central_furniture_1612,1,0.363064169883728
2,B2,v2_standard_10001_clear_1667,1,0.3785681426525116
2,B2,v2_standard_10001_central_furniture_1688,1,0.36891594529151917
2,B2,v2_standard_10001_clear_2339,0,0.3973690867424011
2,B2,v2_standard_10001_vertical_mid_2392,0,0.39813730120658875
2,B2,v2_standard_10001_clear_2478,1,0.3735228180885315
2,B2,v2_standard_10001_clear_2892,0,0.3679758608341217
2,B2,v2_standard_10001_vertical_mid_3228,1,0.3740318715572357
2,B2,v2_standard_10001_clear_3493,1,0.39764276146888733
2,B2,v2_standard_10001_vertical_mid_3555,0,0.34298086166381836
2,B2,v2_standard_10001_clear_3811,0,0.35064682364463806
2,B2,v2_standard_10001_clear_4042,0,0.33433449268341064
2,B2,v2_standard_10001_central_furniture_4067,0,0.3552234172821045
2,B2,v2_standard_10001_vertical_mid_4131,0,0.36900150775909424
2,B2,v2_standard_10001_central_furniture_4259,0,0.417010098695755
2,B2,v2_standard_10001_central_furniture_4271,1,0.43132731318473816
2,B2,v2_standard_10001_central_furniture_4515,0,0.397341251373291
2,B2,v2_standard_10001_vertical_mid_4707,0,0.3666794002056122
2,B2,v2_standard_10001_clear_4963,0,0.3938741981983185
2,B2,v2_standard_10001_vertical_mid_5091,0,0.36571380496025085
2,B2,v2_standard_10001_central_furniture_5155,0,0.42331916093826294
2,B2,v2_standard_10001_central_furniture_5411,0,0.3893686532974243
2,B2,v2_standard_10001_central_furniture_5601,0,0.36355090141296387
2,B2,v2_standard_10001_central_furniture_5611,1,0.35799843072891235
2,B2,v2_standard_10002_vertical_mid_324,1,0.3699091970920563
2,B2,v2_standard_10002_vertical_mid_419,0,0.36803436279296875
2,B2,v2_standard_10002_clear_729,1,0.39934226870536804
2,B2,v2_standard_10002_clear_833,1,0.3812901973724365
2,B2,v2_standard_10002_clear_867,0,0.36300501227378845
2,B2,v2_standard_10002_vertical_mid_1059,0,0.36759480834007263
2,B2,v2_standard_10002_vertical_mid_1554,1,0.3960796594619751
2,B2,v2_standard_10002_vertical_mid_2083,0,0.36762070655822754
2,B2,v2_standard_10002_central_furniture_2403,0,0.407486230134964
2,B2,v2_standard_10002_central_furniture_2531,0,0.4206835627555847
2,B2,v2_standard_10002_central_furniture_2571,0,0.4039863348007202
2,B2,v2_standard_10002_central_furniture_2624,0,0.37974533438682556
2,B2,v2_standard_10002_central_furniture_2900,0,0.36464259028434753
2,B2,v2_standard_10002_clear_2977,0,0.3497582674026489
2,B2,v2_standard_10002_central_furniture_3107,0,0.3522126376628876
2,B2,v2_standard_10002_central_furniture_3112,0,0.3631824851036072
2,B2,v2_standard_10002_clear_3235,0,0.38928109407424927
2,B2,v2_standard_10002_vertical_mid_3363,0,0.3622068762779236
2,B2,v2_standard_10002_vertical_mid_3538,1,0.396451473236084
2,B2,v2_standard_10002_central_furniture_3555,0,0.3877754509449005
2,B2,v2_standard_10002_central_furniture_3625,0,0.3608042299747467
2,B2,v2_standard_10002_clear_3758,1,0.43143174052238464
2,B2,v2_standard_10002_vertical_mid_3875,0,0.3909045457839966
2,B2,v2_standard_10002_clear_4003,0,0.34520742297172546
2,B2,v2_standard_10002_central_furniture_4100,1,0.4278929829597473
2,B2,v2_standard_10002_clear_4131,0,0.4356202483177185
2,B2,v2_standard_10002_vertical_mid_4323,0,0.37064728140830994
2,B2,v2_standard_10002_central_furniture_4449,1,0.40301719307899475
2,B2,v2_standard_10002_vertical_mid_4515,0,0.39138126373291016
2,B2,v2_standard_10002_central_furniture_4621,1,0.44266408681869507
2,B2,v2_standard_10002_vertical_mid_4771,0,0.3587988018989563
2,B2,v2_standard_10002_central_furniture_4852,1,0.38434797525405884
2,B2,v2_standard_10002_vertical_mid_5334,1,0.347920298576355
2,B2,v2_standard_10002_vertical_mid_5411,0,0.36053377389907837
2,B2,v2_standard_10002_vertical_mid_5433,1,0.38057997822761536
2,B2,v2_standard_10002_vertical_mid_5731,0,0.3570767343044281
2,B2,v2_standard_10003_vertical_mid_163,0,0.3694014847278595
2,B2,v2_standard_10003_vertical_mid_227,0,0.36724570393562317
2,B2,v2_standard_10003_central_furniture_291,0,0.47679442167282104
2,B2,v2_standard_10003_vertical_mid_355,0,0.37195292115211487
2,B2,v2_standard_10003_vertical_mid_547,0,0.3780829608440399
2,B2,v2_standard_10003_central_furniture_671,1,0.44810086488723755
2,B2,v2_standard_10003_clear_860,1,0.33433693647384644
2,B2,v2_standard_10003_vertical_mid_923,1,0.3874589800834656
2,B2,v2_standard_10003_vertical_mid_931,0,0.3881756067276001
2,B2,v2_standard_10003_central_furniture_983,0,0.40591907501220703
2,B2,v2_standard_10003_vertical_mid_1099,1,0.3807806968688965
2,B2,v2_standard_10003_vertical_mid_1323,0,0.3765415847301483
2,B2,v2_standard_10003_clear_1418,1,0.41348522901535034
2,B2,v2_standard_10003_central_furniture_1443,0,0.40006422996520996
2,B2,v2_standard_10003_vertical_mid_1594,1,0.4057256877422333
2,B2,v2_standard_10003_vertical_mid_1995,0,0.37339645624160767
2,B2,v2_standard_10003_clear_2019,0,0.36235448718070984
2,B2,v2_standard_10003_central_furniture_2147,0,0.3835430443286896
2,B2,v2_standard_10003_vertical_mid_2809,0,0.38294345140457153
2,B2,v2_standard_10003_vertical_mid_2979,0,0.3667706847190857
2,B2,v2_standard_10003_central_furniture_3171,0,0.39201003313064575
2,B2,v2_standard_10003_vertical_mid_3256,1,0.3620903491973877
2,B2,v2_standard_10003_clear_3619,0,0.3492792248725891
2,B2,v2_standard_10003_clear_3747,0,0.35531166195869446
2,B2,v2_standard_10003_clear_3939,0,0.3955076038837433
2,B2,v2_standard_10003_clear_4067,0,0.381171315908432
2,B2,v2_standard_10003_vertical_mid_4260,1,0.42557838559150696
2,B2,v2_standard_10003_clear_4451,0,0.4345819354057312
2,B2,v2_standard_10003_vertical_mid_4829,1,0.36665740609169006
2,B2,v2_standard_10003_central_furniture_5086,0,0.33820897340774536
2,B2,v2_standard_10003_vertical_mid_5451,1,0.36775487661361694
2,B2,v2_standard_10003_vertical_mid_5712,1,0.3743259608745575
2,B2,v2_standard_10003_clear_5795,0,0.3686218857765198
2,B2,v2_standard_10003_central_furniture_5840,0,0.35640737414360046
2,B2,v2_standard_10003_clear_5859,0,0.3560395836830139
2,B2,v2_standard_10003_central_furniture_5962,1,0.370449960231781
2,B2,v2_standard_10004_vertical_mid_349,1,0.3668616712093353
2,B2,v2_standard_10004_vertical_mid_419,0,0.3676625192165375
2,B2,v2_standard_10004_central_furniture_611,0,0.35753965377807617
2,B2,v2_standard_10004_central_furniture_676,1,0.35933056473731995
2,B2,v2_standard_10004_central_furniture_788,1,0.36607691645622253
2,B2,v2_standard_10004_vertical_mid_808,0,0.367584228515625
2,B2,v2_standard_10004_clear_867,0,0.32633695006370544
2,B2,v2_standard_10004_central_furniture_967,1,0.46351975202560425
2,B2,v2_standard_10004_central_furniture_1123,0,0.4220024645328522
2,B2,v2_standard_10004_vertical_mid_1139,1,0.4072425663471222
2,B2,v2_standard_10004_vertical_mid_1210,0,0.3842199146747589
2,B2,v2_standard_10004_clear_1443,0,0.40038058161735535
2,B2,v2_standard_10004_central_furniture_1955,0,0.39377009868621826
2,B2,v2_standard_10004_clear_2083,0,0.4193838834762573
2,B2,v2_standard_10004_vertical_mid_2418,1,0.3918800354003906
2,B2,v2_standard_10004_clear_2807,0,0.3672286570072174
2,B2,v2_standard_10004_central_furniture_2915,0,0.32511961460113525
2,B2,v2_standard_10004_vertical_mid_3427,0,0.35225051641464233
2,B2,v2_standard_10004_clear_3447,1,0.3753857910633087
2,B2,v2_standard_10004_clear_3555,0,0.37688562273979187
2,B2,v2_standard_10004_clear_3743,1,0.3783940374851227
2,B2,v2_standard_10004_clear_4033,1,0.38781848549842834
2,B2,v2_standard_10004_central_furniture_4052,1,0.40294745564460754
2,B2,v2_standard_10004_central_furniture_4131,0,0.3614555895328522
2,B2,v2_standard_10004_vertical_mid_4259,0,0.33548980951309204
2,B2,v2_standard_10004_clear_4382,0,0.3542024493217468
2,B2,v2_standard_10004_clear_4387,0,0.3468743562698364
2,B2,v2_standard_10004_vertical_mid_4491,1,0.38399115204811096
2,B2,v2_standard_10004_vertical_mid_4515,0,0.3804595470428467
2,B2,v2_standard_10004_vertical_mid_4577,1,0.38110777735710144
2,B2,v2_standard_10004_vertical_mid_4643,0,0.36306115984916687
2,B2,v2_standard_10004_vertical_mid_5163,0,0.36764201521873474
2,B2,v2_standard_10004_vertical_mid_5475,0,0.37054911255836487
2,B2,v2_standard_10004_vertical_mid_5603,0,0.36703377962112427
2,B2,v2_standard_10004_vertical_mid_5731,0,0.36806485056877136
2,B2,v2_standard_10004_central_furniture_5780,0,0.33626243472099304
2,B2,v2_harsh_10001_central_furniture_163,0,0.323219358921051
2,B2,v2_harsh_10001_central_furniture_227,0,0.32558876276016235
2,B2,v2_harsh_10001_clear_233,0,0.33487558364868164
2,B2,v2_harsh_10001_vertical_mid_739,0,0.36135879158973694
2,B2,v2_harsh_10001_central_furniture_1034,0,0.32129165530204773
2,B2,v2_harsh_10001_vertical_mid_1137,1,0.3711303174495697
2,B2,v2_harsh_10001_clear_1251,0,0.4742411673069
2,B2,v2_harsh_10001_vertical_mid_1493,0,0.3928147256374359
2,B2,v2_harsh_10001_vertical_mid_1668,1,0.4298037886619568
2,B2,v2_harsh_10001_central_furniture_2083,0,0.3792201280593872
2,B2,v2_harsh_10001_vertical_mid_2339,0,0.4498039782047272
2,B2,v2_harsh_10001_clear_2374,1,0.4509541988372803
2,B2,v2_harsh_10001_clear_2531,0,0.3347136378288269
2,B2,v2_harsh_10001_central_furniture_2834,1,0.3113001585006714
2,B2,v2_harsh_10001_central_furniture_2851,0,0.293378084897995
2,B2,v2_harsh_10001_vertical_mid_3419,1,0.40859583020210266
2,B2,v2_harsh_10001_clear_3447,0,0.39968326687812805
2,B2,v2_harsh_10001_clear_3875,0,0.5122151970863342
2,B2,v2_harsh_10001_central_furniture_3939,0,0.34256061911582947
2,B2,v2_harsh_10001_clear_4128,1,0.41491684317588806
2,B2,v2_harsh_10001_vertical_mid_4195,0,0.3953179717063904
2,B2,v2_harsh_10001_central_furniture_4310,0,0.3963230848312378
2,B2,v2_harsh_10001_clear_4387,0,0.29893288016319275
2,B2,v2_harsh_10001_central_furniture_4541,1,0.294486939907074
2,B2,v2_harsh_10001_clear_4578,1,0.3143540918827057
2,B2,v2_harsh_10001_clear_4643,0,0.30456283688545227
2,B2,v2_harsh_10001_clear_4835,0,0.3148549795150757
2,B2,v2_harsh_10001_clear_4951,1,0.3407392203807831
2,B2,v2_harsh_10001_vertical_mid_5155,0,0.36813536286354065
2,B2,v2_harsh_10001_clear_5411,0,0.5143388509750366
2,B2,v2_harsh_10001_vertical_mid_5445,0,0.3726312518119812
2,B2,v2_harsh_10001_central_furniture_5475,0,0.2674669027328491
2,B2,v2_harsh_10001_vertical_mid_5603,0,0.4164128601551056
2,B2,v2_harsh_10001_clear_5624,1,0.5075842142105103
2,B2,v2_harsh_10001_central_furniture_5659,1,0.5509044528007507
2,B2,v2_harsh_10001_clear_5734,1,0.47321292757987976
2,B2,v2_harsh_10002_vertical_mid_163,0,0.3500131666660309
2,B2,v2_harsh_10002_central_furniture_227,0,0.27667731046676636
2,B2,v2_harsh_10002_vertical_mid_291,0,0.39312300086021423
2,B2,v2_harsh_10002_vertical_mid_483,0,0.3686200678348541
2,B2,v2_harsh_10002_clear_727,0,0.3435725271701813
2,B2,v2_harsh_10002_clear_824,0,0.3784749507904053
2,B2,v2_harsh_10002_clear_867,1,0.3804355263710022
2,B2,v2_harsh_10002_clear_995,0,0.382670521736145
2,B2,v2_harsh_10002_central_furniture_1100,1,0.3761463165283203
2,B2,v2_harsh_10002_vertical_mid_1153,0,0.47345441579818726
2,B2,v2_harsh_10002_central_furniture_1187,0,0.5082246661186218
2,B2,v2_harsh_10002_vertical_mid_1443,0,0.34914901852607727
2,B2,v2_harsh_10002_central_furniture_1533,1,0.48108986020088196
2,B2,v2_harsh_10002_vertical_mid_1590,1,0.4121078848838806
2,B2,v2_harsh_10002_vertical_mid_2211,0,0.46656662225723267
2,B2,v2_harsh_10002_clear_2403,0,0.29775452613830566
2,B2,v2_harsh_10002_central_furniture_2467,0,0.2691119909286499
2,B2,v2_harsh_10002_clear_2551,0,0.32460907101631165
2,B2,v2_harsh_10002_central_furniture_2902,1,0.5175669193267822
2,B2,v2_harsh_10002_clear_3043,0,0.3238303065299988
2,B2,v2_harsh_10002_central_furniture_3137,1,0.4084395170211792
2,B2,v2_harsh_10002_vertical_mid_3527,1,0.36324331164360046
2,B2,v2_harsh_10002_central_furniture_3555,1,0.39212676882743835
2,B2,v2_harsh_10002_clear_3747,0,0.424513041973114
2,B2,v2_harsh_10002_clear_3802,1,0.36998751759529114
2,B2,v2_harsh_10002_vertical_mid_3811,0,0.3556027114391327
2,B2,v2_harsh_10002_clear_3939,0,0.5245914459228516
2,B2,v2_harsh_10002_clear_4283,1,0.38563787937164307
2,B2,v2_harsh_10002_central_furniture_4369,0,0.36081987619400024
2,B2,v2_harsh_10002_central_furniture_4387,0,0.32460787892341614
2,B2,v2_harsh_10002_vertical_mid_4579,0,0.3943449556827545
2,B2,v2_harsh_10002_central_furniture_5326,0,0.37700191140174866
2,B2,v2_harsh_10002_clear_5347,0,0.3987332582473755
2,B2,v2_harsh_10002_clear_5411,0,0.39082881808280945
2,B2,v2_harsh_10002_central_furniture_5462,1,0.3795856237411499
2,B2,v2_harsh_10002_clear_5745,1,0.4598253071308136
2,B2,v2_harsh_10003_central_furniture_163,0,0.3056120276451111
2,B2,v2_harsh_10003_vertical_mid_227,0,0.3637155294418335
2,B2,v2_harsh_10003_central_furniture_291,0,0.5188809633255005
2,B2,v2_harsh_10003_central_furniture_580,1,0.6298466920852661
2,B2,v2_harsh_10003_central_furniture_916,1,0.5213264226913452
2,B2,v2_harsh_10003_clear_931,0,0.5263885259628296
2,B2,v2_harsh_10003_central_furniture_1128,1,0.5646253824234009
2,B2,v2_harsh_10003_clear_1571,0,0.4782814681529999
2,B2,v2_harsh_10003_clear_1763,0,0.43629053235054016
2,B2,v2_harsh_10003_vertical_mid_1888,1,0.3983962833881378
2,B2,v2_harsh_10003_clear_1944,1,0.5878015756607056
2,B2,v2_harsh_10003_central_furniture_2247,1,0.47616663575172424
2,B2,v2_harsh_10003_central_furniture_2534,0,0.42015591263771057
2,B2,v2_harsh_10003_central_furniture_2595,0,0.3171500265598297
2,B2,v2_harsh_10003_central_furniture_2633,1,0.4170069396495819
2,B2,v2_harsh_10003_central_furniture_2710,0,0.48515215516090393
2,B2,v2_harsh_10003_clear_3363,0,0.34860605001449585
2,B2,v2_harsh_10003_central_furniture_3415,0,0.33174845576286316
2,B2,v2_harsh_10003_clear_3491,0,0.5065687298774719
2,B2,v2_harsh_10003_clear_3530,0,0.5228709578514099
2,B2,v2_harsh_10003_central_furniture_3542,1,0.4731362462043762
2,B2,v2_harsh_10003_central_furniture_3555,0,0.38195550441741943
2,B2,v2_harsh_10003_central_furniture_3665,1,0.2970426380634308
2,B2,v2_harsh_10003_vertical_mid_3670,1,0.371523916721344
2,B2,v2_harsh_10003_central_furniture_3683,0,0.29586222767829895
2,B2,v2_harsh_10003_clear_3747,0,0.35896772146224976
2,B2,v2_harsh_10003_clear_4195,0,0.3000625967979431
2,B2,v2_harsh_10003_clear_4282,0,0.520128071308136
2,B2,v2_harsh_10003_clear_4451,0,0.6072297692298889
2,B2,v2_harsh_10003_vertical_mid_4643,0,0.3644387722015381
2,B2,v2_harsh_10003_clear_4960,1,0.5731824636459351
2,B2,v2_harsh_10003_vertical_mid_5155,0,0.36903610825538635
2,B2,v2_harsh_10003_vertical_mid_5411,0,0.44599753618240356
2,B2,v2_harsh_10003_vertical_mid_5858,0,0.34089046716690063
2,B2,v2_harsh_10003_vertical_mid_5901,1,0.3850592076778412
2,B2,v2_harsh_10003_central_furniture_5923,0,0.3523106276988983
2,B2,v2_harsh_10004_central_furniture_163,0,0.30818936228752136
2,B2,v2_harsh_10004_central_furniture_184,1,0.3436988592147827
2,B2,v2_harsh_10004_central_furniture_242,1,0.3534579873085022
2,B2,v2_harsh_10004_vertical_mid_249,0,0.332553505897522
2,B2,v2_harsh_10004_vertical_mid_355,0,0.3826720118522644
2,B2,v2_harsh_10004_central_furniture_464,1,0.39410364627838135
2,B2,v2_harsh_10004_vertical_mid_867,0,0.35261622071266174
2,B2,v2_harsh_10004_vertical_mid_931,0,0.34476029872894287
2,B2,v2_harsh_10004_central_furniture_1059,0,0.2933255136013031
2,B2,v2_harsh_10004_central_furniture_1315,0,0.30149754881858826
2,B2,v2_harsh_10004_vertical_mid_1385,0,0.3693142831325531
2,B2,v2_harsh_10004_vertical_mid_1443,0,0.3681800067424774
2,B2,v2_harsh_10004_clear_1827,0,0.30707550048828125
2,B2,v2_harsh_10004_central_furniture_1877,1,0.29702964425086975
2,B2,v2_harsh_10004_central_furniture_1977,1,0.5105361342430115
2,B2,v2_harsh_10004_clear_2147,0,0.37951284646987915
2,B2,v2_harsh_10004_vertical_mid_2275,0,0.4506779909133911
2,B2,v2_harsh_10004_central_furniture_2531,0,0.377665638923645
2,B2,v2_harsh_10004_vertical_mid_2634,0,0.4195500314235687
2,B2,v2_harsh_10004_vertical_mid_2659,0,0.36342260241508484
2,B2,v2_harsh_10004_clear_3247,1,0.46912428736686707
2,B2,v2_harsh_10004_central_furniture_3363,0,0.35036930441856384
2,B2,v2_harsh_10004_vertical_mid_3545,0,0.3680361211299896
2,B2,v2_harsh_10004_clear_3619,0,0.3646712005138397
2,B2,v2_harsh_10004_vertical_mid_4347,1,0.4425363540649414
2,B2,v2_harsh_10004_vertical_mid_4387,0,0.37233564257621765
2,B2,v2_harsh_10004_vertical_mid_4579,0,0.45809313654899597
2,B2,v2_harsh_10004_clear_4781,1,0.3877224326133728
2,B2,v2_harsh_10004_vertical_mid_4874,0,0.38334032893180847
2,B2,v2_harsh_10004_clear_4936,0,0.46115642786026
2,B2,v2_harsh_10004_vertical_mid_5091,0,0.4035581946372986
2,B2,v2_harsh_10004_clear_5108,1,0.5909920930862427
2,B2,v2_harsh_10004_clear_5383,1,0.3699250817298889
2,B2,v2_harsh_10004_central_furniture_5540,1,0.5945382118225098
2,B2,v2_harsh_10004_central_furniture_5667,0,0.32182714343070984
2,B2,v2_harsh_10004_central_furniture_5888,1,0.6069342494010925
3,B1,v2_standard_10001_clear_163,0,0.11044075340032578
3,B1,v2_standard_10001_clear_380,1,0.6877492070198059
3,B1,v2_standard_10001_clear_419,0,0.39843302965164185
3,B1,v2_standard_10001_clear_427,1,0.7513487935066223
3,B1,v2_standard_10001_clear_591,1,0.9100990891456604
3,B1,v2_standard_10001_clear_712,1,0.713061511516571
3,B1,v2_standard_10001_clear_787,0,0.7620751857757568
3,B1,v2_standard_10001_clear_931,0,0.14035950601100922
3,B1,v2_standard_10001_clear_1059,0,0.26898661255836487
3,B1,v2_standard_10001_clear_1315,0,0.27058058977127075
3,B1,v2_standard_10001_clear_1373,0,0.7215613722801208
3,B1,v2_standard_10001_clear_1571,0,0.2635232210159302
3,B1,v2_standard_10001_clear_1612,1,0.47244492173194885
3,B1,v2_standard_10001_clear_1667,1,0.7976104021072388
3,B1,v2_standard_10001_clear_1688,1,0.6098760366439819
3,B1,v2_standard_10001_clear_2339,0,0.22281838953495026
3,B1,v2_standard_10001_clear_2392,0,0.7518686652183533
3,B1,v2_standard_10001_clear_2478,1,0.8267359733581543
3,B1,v2_standard_10001_clear_2892,0,0.6245085000991821
3,B1,v2_standard_10001_clear_3228,1,0.9035760164260864
3,B1,v2_standard_10001_clear_3493,1,0.5090594291687012
3,B1,v2_standard_10001_clear_3555,0,0.09198986738920212
3,B1,v2_standard_10001_clear_3811,0,0.23660635948181152
3,B1,v2_standard_10001_clear_4042,0,0.2733670175075531
3,B1,v2_standard_10001_clear_4067,0,0.17998400330543518
3,B1,v2_standard_10001_clear_4131,0,0.08898303657770157
3,B1,v2_standard_10001_clear_4259,0,0.3035351037979126
3,B1,v2_standard_10001_clear_4271,1,0.8013007044792175
3,B1,v2_standard_10001_clear_4515,0,0.2263595163822174
3,B1,v2_standard_10001_clear_4707,0,0.29204854369163513
3,B1,v2_standard_10001_clear_4963,0,0.1090017706155777
3,B1,v2_standard_10001_clear_5091,0,0.2654908299446106
3,B1,v2_standard_10001_clear_5155,0,0.21076706051826477
3,B1,v2_standard_10001_clear_5411,0,0.4714806079864502
3,B1,v2_standard_10001_clear_5601,0,0.13670772314071655
3,B1,v2_standard_10001_clear_5611,1,0.2758837938308716
3,B1,v2_standard_10002_clear_324,1,0.9498429298400879
3,B1,v2_standard_10002_clear_419,0,0.3193952739238739
3,B1,v2_standard_10002_clear_729,1,0.6876047849655151
3,B1,v2_standard_10002_clear_833,1,0.37284910678863525
3,B1,v2_standard_10002_clear_867,0,0.20614264905452728
3,B1,v2_standard_10002_clear_1059,0,0.2624252736568451
3,B1,v2_standard_10002_clear_1554,1,0.4639616012573242
3,B1,v2_standard_10002_clear_2083,0,0.34737661480903625
3,B1,v2_standard_10002_clear_2403,0,0.23149137198925018
3,B1,v2_standard_10002_clear_2531,0,0.17153280973434448
3,B1,v2_standard_10002_clear_2571,0,0.47106698155403137
3,B1,v2_standard_10002_clear_2624,0,0.5658130645751953
3,B1,v2_standard_10002_clear_2900,0,0.47157007455825806
3,B1,v2_standard_10002_clear_2977,0,0.21734189987182617
3,B1,v2_standard_10002_clear_3107,0,0.1298988312482834
3,B1,v2_standard_10002_clear_3112,0,0.5379759073257446
3,B1,v2_standard_10002_clear_3235,0,0.24695530533790588
3,B1,v2_standard_10002_clear_3363,0,0.2216307669878006
3,B1,v2_standard_10002_clear_3538,1,0.6695727109909058
3,B1,v2_standard_10002_clear_3555,0,0.10197299718856812
3,B1,v2_standard_10002_clear_3625,0,0.2116481363773346
3,B1,v2_standard_10002_clear_3758,1,0.7141372561454773
3,B1,v2_standard_10002_clear_3875,0,0.30243033170700073
3,B1,v2_standard_10002_clear_4003,0,0.17460104823112488
3,B1,v2_standard_10002_clear_4100,1,0.7229521870613098
3,B1,v2_standard_10002_clear_4131,0,0.2694220542907715
3,B1,v2_standard_10002_clear_4323,0,0.3703392744064331
3,B1,v2_standard_10002_clear_4449,1,0.7948644161224365
3,B1,v2_standard_10002_clear_4515,0,0.16996608674526215
3,B1,v2_standard_10002_clear_4621,1,0.8170148134231567
3,B1,v2_standard_10002_clear_4771,0,0.29092535376548767
3,B1,v2_standard_10002_clear_4852,1,0.601798415184021
3,B1,v2_standard_10002_clear_5334,1,0.5508198142051697
3,B1,v2_standard_10002_clear_5411,0,0.14531515538692474
3,B1,v2_standard_10002_clear_5433,1,0.6726509928703308
3,B1,v2_standard_10002_clear_5731,0,0.3683125078678131
3,B1,v2_standard_10003_clear_163,0,0.25000861287117004
3,B1,v2_standard_10003_clear_227,0,0.2265935093164444
3,B1,v2_standard_10003_clear_291,0,0.5632330775260925
3,B1,v2_standard_10003_clear_355,0,0.26322734355926514
3,B1,v2_standard_10003_clear_547,0,0.18910428881645203
3,B1,v2_standard_10003_clear_671,1,0.7784243822097778
3,B1,v2_standard_10003_clear_860,1,0.6469110250473022
3,B1,v2_standard_10003_clear_923,1,0.8059735894203186
3,B1,v2_standard_10003_clear_931,0,0.18294012546539307
3,B1,v2_standard_10003_clear_983,0,0.6304062604904175
3,B1,v2_standard_10003_clear_1099,1,0.4601699113845825
3,B1,v2_standard_10003_clear_1323,0,0.1943601816892624
3,B1,v2_standard_10003_clear_1418,1,0.5627941489219666
3,B1,v2_standard_10003_clear_1443,0,0.2658306360244751
3,B1,v2_standard_10003_clear_1594,1,0.736458420753479
3,B1,v2_standard_10003_clear_1995,0,0.7540134787559509
3,B1,v2_standard_10003_clear_2019,0,0.14639373123645782
3,B1,v2_standard_10003_clear_2147,0,0.3917182385921478
3,B1,v2_standard_10003_clear_2809,0,0.7836429476737976
3,B1,v2_standard_10003_clear_2979,0,0.22122909128665924
3,B1,v2_standard_10003_clear_3171,0,0.1057187095284462
3,B1,v2_standard_10003_clear_3256,1,0.6862629652023315
3,B1,v2_standard_10003_clear_3619,0,0.223531112074852
3,B1,v2_standard_10003_clear_3747,0,0.43380656838417053
3,B1,v2_standard_10003_clear_3939,0,0.3094504773616791
3,B1,v2_standard_10003_clear_4067,0,0.1258171647787094
3,B1,v2_standard_10003_clear_4260,1,0.8908348679542542
3,B1,v2_standard_10003_clear_4451,0,0.14850996434688568
3,B1,v2_standard_10003_clear_4829,1,0.9196546673774719
3,B1,v2_standard_10003_clear_5086,0,0.5395116209983826
3,B1,v2_standard_10003_clear_5451,1,0.8464895486831665
3,B1,v2_standard_10003_clear_5712,1,0.6004976034164429
3,B1,v2_standard_10003_clear_5795,0,0.4382838010787964
3,B1,v2_standard_10003_clear_5840,0,0.4478518068790436
3,B1,v2_standard_10003_clear_5859,0,0.18648718297481537
3,B1,v2_standard_10003_clear_5962,1,0.6846431493759155
3,B1,v2_standard_10004_clear_349,1,0.6358009576797485
3,B1,v2_standard_10004_clear_419,0,0.06117035448551178
3,B1,v2_standard_10004_clear_611,0,0.11143389344215393
3,B1,v2_standard_10004_clear_676,1,0.4937082529067993
3,B1,v2_standard_10004_clear_788,1,0.6992200016975403
3,B1,v2_standard_10004_clear_808,0,0.2021203488111496
3,B1,v2_standard_10004_clear_867,0,0.20205366611480713
3,B1,v2_standard_10004_clear_967,1,0.9155288338661194
3,B1,v2_standard_10004_clear_1123,0,0.18244560062885284
3,B1,v2_standard_10004_clear_1139,1,0.6624390482902527
3,B1,v2_standard_10004_clear_1210,0,0.7501382827758789
3,B1,v2_standard_10004_clear_1443,0,0.1594007909297943
3,B1,v2_standard_10004_clear_1955,0,0.2650444209575653
3,B1,v2_standard_10004_clear_2083,0,0.3187118172645569
3,B1,v2_standard_10004_clear_2418,1,0.8072034120559692
3,B1,v2_standard_10004_clear_2807,0,0.4752728044986725
3,B1,v2_standard_10004_clear_2915,0,0.18465548753738403
3,B1,v2_standard_10004_clear_3427,0,0.14424286782741547
3,B1,v2_standard_10004_clear_3447,1,0.6952019333839417
3,B1,v2_standard_10004_clear_3555,0,0.21252089738845825
3,B1,v2_standard_10004_clear_3743,1,0.5908556580543518
3,B1,v2_standard_10004_clear_4033,1,0.697099506855011
3,B1,v2_standard_10004_clear_4052,1,0.6724273562431335
3,B1,v2_standard_10004_clear_4131,0,0.21405011415481567
3,B1,v2_standard_10004_clear_4259,0,0.11169929802417755
3,B1,v2_standard_10004_clear_4382,0,0.11555314064025879
3,B1,v2_standard_10004_clear_4387,0,0.08524885028600693
3,B1,v2_standard_10004_clear_4491,1,0.7864170670509338
3,B1,v2_standard_10004_clear_4515,0,0.07079687714576721
3,B1,v2_standard_10004_clear_4577,1,0.6775552034378052
3,B1,v2_standard_10004_clear_4643,0,0.09001874923706055
3,B1,v2_standard_10004_clear_5163,0,0.2045634537935257
3,B1,v2_standard_10004_clear_5475,0,0.35416194796562195
3,B1,v2_standard_10004_clear_5603,0,0.22124943137168884
3,B1,v2_standard_10004_clear_5731,0,0.24307939410209656
3,B1,v2_standard_10004_clear_5780,0,0.31276872754096985
3,B1,v2_harsh_10001_clear_163,0,0.04387073963880539
3,B1,v2_harsh_10001_clear_227,0,0.048998843878507614
3,B1,v2_harsh_10001_clear_233,0,0.7271719574928284
3,B1,v2_harsh_10001_clear_739,0,0.0778626799583435
3,B1,v2_harsh_10001_clear_1034,0,0.9316797852516174
3,B1,v2_harsh_10001_clear_1137,1,0.9540268182754517
3,B1,v2_harsh_10001_clear_1251,0,0.11943496018648148
3,B1,v2_harsh_10001_clear_1493,0,0.4720221757888794
3,B1,v2_harsh_10001_clear_1668,1,0.965886116027832
3,B1,v2_harsh_10001_clear_2083,0,0.03813624382019043
3,B1,v2_harsh_10001_clear_2339,0,0.09993116557598114
3,B1,v2_harsh_10001_clear_2374,1,0.9690301418304443
3,B1,v2_harsh_10001_clear_2531,0,0.050634197890758514
3,B1,v2_harsh_10001_clear_2834,1,0.9423131942749023
3,B1,v2_harsh_10001_clear_2851,0,0.022252442315220833
3,B1,v2_harsh_10001_clear_3419,1,0.9750015139579773
3,B1,v2_harsh_10001_clear_3447,0,0.2987753748893738
3,B1,v2_harsh_10001_clear_3875,0,0.15350839495658875
3,B1,v2_harsh_10001_clear_3939,0,0.06647492200136185
3,B1,v2_harsh_10001_clear_4128,1,0.9499933123588562
3,B1,v2_harsh_10001_clear_4195,0,0.03386634215712547
3,B1,v2_harsh_10001_clear_4310,0,0.845476508140564
3,B1,v2_harsh_10001_clear_4387,0,0.2896497845649719
3,B1,v2_harsh_10001_clear_4541,1,0.9154489040374756
3,B1,v2_harsh_10001_clear_4578,1,0.8964893817901611
3,B1,v2_harsh_10001_clear_4643,0,0.055302269756793976
3,B1,v2_harsh_10001_clear_4835,0,0.22424376010894775
3,B1,v2_harsh_10001_clear_4951,1,0.8975028991699219
3,B1,v2_harsh_10001_clear_5155,0,0.3686569929122925
3,B1,v2_harsh_10001_clear_5411,0,0.20836621522903442
3,B1,v2_harsh_10001_clear_5445,0,0.4297463297843933
3,B1,v2_harsh_10001_clear_5475,0,0.045707643032073975
3,B1,v2_harsh_10001_clear_5603,0,0.1523286998271942
3,B1,v2_harsh_10001_clear_5624,1,0.9662536978721619
3,B1,v2_harsh_10001_clear_5659,1,0.9777680039405823
3,B1,v2_harsh_10001_clear_5734,1,0.9715517163276672
3,B1,v2_harsh_10002_clear_163,0,0.05860362946987152
3,B1,v2_harsh_10002_clear_227,0,0.08501401543617249
3,B1,v2_harsh_10002_clear_291,0,0.03462550416588783
3,B1,v2_harsh_10002_clear_483,0,0.047080982476472855
3,B1,v2_harsh_10002_clear_727,0,0.5923274159431458
3,B1,v2_harsh_10002_clear_824,0,0.7948706150054932
3,B1,v2_harsh_10002_clear_867,1,0.8876892328262329
3,B1,v2_harsh_10002_clear_995,0,0.5800386667251587
3,B1,v2_harsh_10002_clear_1100,1,0.9138777256011963
3,B1,v2_harsh_10002_clear_1153,0,0.9178311824798584
3,B1,v2_harsh_10002_clear_1187,0,0.23932376503944397
3,B1,v2_harsh_10002_clear_1443,0,0.13402187824249268
3,B1,v2_harsh_10002_clear_1533,1,0.8550704717636108
3,B1,v2_harsh_10002_clear_1590,1,0.989010751247406
3,B1,v2_harsh_10002_clear_2211,0,0.212943896651268
3,B1,v2_harsh_10002_clear_2403,0,0.047459572553634644
3,B1,v2_harsh_10002_clear_2467,0,0.14564423263072968
3,B1,v2_harsh_10002_clear_2551,0,0.13415324687957764
3,B1,v2_harsh_10002_clear_2902,1,0.9812488555908203
3,B1,v2_harsh_10002_clear_3043,0,0.04383859783411026
3,B1,v2_harsh_10002_clear_3137,1,0.946256160736084
3,B1,v2_harsh_10002_clear_3527,1,0.9156041741371155
3,B1,v2_harsh_10002_clear_3555,1,0.9419976472854614
3,B1,v2_harsh_10002_clear_3747,0,0.1659129559993744
3,B1,v2_harsh_10002_clear_3802,1,0.9350507855415344
3,B1,v2_harsh_10002_clear_3811,0,0.049270275980234146
3,B1,v2_harsh_10002_clear_3939,0,0.05379535257816315
3,B1,v2_harsh_10002_clear_4283,1,0.8612745404243469
3,B1,v2_harsh_10002_clear_4369,0,0.694913387298584
3,B1,v2_harsh_10002_clear_4387,0,0.04290424659848213
3,B1,v2_harsh_10002_clear_4579,0,0.09227245301008224
3,B1,v2_harsh_10002_clear_5326,0,0.6650105714797974
3,B1,v2_harsh_10002_clear_5347,0,0.15177351236343384
3,B1,v2_harsh_10002_clear_5411,0,0.05790109187364578
3,B1,v2_harsh_10002_clear_5462,1,0.9608609080314636
3,B1,v2_harsh_10002_clear_5745,1,0.9322288036346436
3,B1,v2_harsh_10003_clear_163,0,0.05056267976760864
3,B1,v2_harsh_10003_clear_227,0,0.07605960965156555
3,B1,v2_harsh_10003_clear_291,0,0.04749472811818123
3,B1,v2_harsh_10003_clear_580,1,0.9805024266242981
3,B1,v2_harsh_10003_clear_916,1,0.9730491638183594
3,B1,v2_harsh_10003_clear_931,0,0.0681600347161293
3,B1,v2_harsh_10003_clear_1128,1,0.9820757508277893
3,B1,v2_harsh_10003_clear_1571,0,0.056191716343164444
3,B1,v2_harsh_10003_clear_1763,0,0.10572103410959244
3,B1,v2_harsh_10003_clear_1888,1,0.9709452986717224
3,B1,v2_harsh_10003_clear_1944,1,0.986851155757904
3,B1,v2_harsh_10003_clear_2247,1,0.9660695791244507
3,B1,v2_harsh_10003_clear_2534,0,0.5592065453529358
3,B1,v2_harsh_10003_clear_2595,0,0.02370741404592991
3,B1,v2_harsh_10003_clear_2633,1,0.9621451497077942
3,B1,v2_harsh_10003_clear_2710,0,0.23072201013565063
3,B1,v2_harsh_10003_clear_3363,0,0.09427705407142639
3,B1,v2_harsh_10003_clear_3415,0,0.4509706497192383
3,B1,v2_harsh_10003_clear_3491,0,0.35520219802856445
3,B1,v2_harsh_10003_clear_3530,0,0.3570443093776703
3,B1,v2_harsh_10003_clear_3542,1,0.9032196998596191
3,B1,v2_harsh_10003_clear_3555,0,0.09115316718816757
3,B1,v2_harsh_10003_clear_3665,1,0.9528900980949402
3,B1,v2_harsh_10003_clear_3670,1,0.8575426340103149
3,B1,v2_harsh_10003_clear_3683,0,0.028614932671189308
3,B1,v2_harsh_10003_clear_3747,0,0.30103036761283875
3,B1,v2_harsh_10003_clear_4195,0,0.15073198080062866
3,B1,v2_harsh_10003_clear_4282,0,0.6573962569236755
3,B1,v2_harsh_10003_clear_4451,0,0.22291256487369537
3,B1,v2_harsh_10003_clear_4643,0,0.05236661061644554
3,B1,v2_harsh_10003_clear_4960,1,0.9769176244735718
3,B1,v2_harsh_10003_clear_5155,0,0.12502814829349518
3,B1,v2_harsh_10003_clear_5411,0,0.12158064544200897
3,B1,v2_harsh_10003_clear_5858,0,0.8217255473136902
3,B1,v2_harsh_10003_clear_5901,1,0.9649040102958679
3,B1,v2_harsh_10003_clear_5923,0,0.07927562296390533
3,B1,v2_harsh_10004_clear_163,0,0.01661316119134426
3,B1,v2_harsh_10004_clear_184,1,0.868782639503479
3,B1,v2_harsh_10004_clear_242,1,0.9503179788589478
3,B1,v2_harsh_10004_clear_249,0,0.26075479388237
3,B1,v2_harsh_10004_clear_355,0,0.0850875973701477
3,B1,v2_harsh_10004_clear_464,1,0.8428804278373718
3,B1,v2_harsh_10004_clear_867,0,0.042014844715595245
3,B1,v2_harsh_10004_clear_931,0,0.04224218800663948
3,B1,v2_harsh_10004_clear_1059,0,0.07795503735542297
3,B1,v2_harsh_10004_clear_1315,0,0.10822086036205292
3,B1,v2_harsh_10004_clear_1385,0,0.356651246547699
3,B1,v2_harsh_10004_clear_1443,0,0.04013098403811455
3,B1,v2_harsh_10004_clear_1827,0,0.17321698367595673
3,B1,v2_harsh_10004_clear_1877,1,0.9420387148857117
3,B1,v2_harsh_10004_clear_1977,1,0.9588119983673096
3,B1,v2_harsh_10004_clear_2147,0,0.08811859786510468
3,B1,v2_harsh_10004_clear_2275,0,0.06630729138851166
3,B1,v2_harsh_10004_clear_2531,0,0.5315625071525574
3,B1,v2_harsh_10004_clear_2634,0,0.4097635746002197
3,B1,v2_harsh_10004_clear_2659,0,0.08929867297410965
3,B1,v2_harsh_10004_clear_3247,1,0.9008450508117676
3,B1,v2_harsh_10004_clear_3363,0,0.023964175954461098
3,B1,v2_harsh_10004_clear_3545,0,0.6826678514480591
3,B1,v2_harsh_10004_clear_3619,0,0.08761300146579742
3,B1,v2_harsh_10004_clear_4347,1,0.9417256712913513
3,B1,v2_harsh_10004_clear_4387,0,0.13998505473136902
3,B1,v2_harsh_10004_clear_4579,0,0.1434970200061798
3,B1,v2_harsh_10004_clear_4781,1,0.938051164150238
3,B1,v2_harsh_10004_clear_4874,0,0.3190065026283264
3,B1,v2_harsh_10004_clear_4936,0,0.9193282127380371
3,B1,v2_harsh_10004_clear_5091,0,0.4321783781051636
3,B1,v2_harsh_10004_clear_5108,1,0.9620884656906128
3,B1,v2_harsh_10004_clear_5383,1,0.9793883562088013
3,B1,v2_harsh_10004_clear_5540,1,0.9794692993164062
3,B1,v2_harsh_10004_clear_5667,0,0.030620696023106575
3,B1,v2_harsh_10004_clear_5888,1,0.993126392364502
3,B2,v2_standard_10001_central_furniture_163,0,0.2162238210439682
3,B2,v2_standard_10001_clear_380,1,0.5856917500495911
3,B2,v2_standard_10001_clear_419,0,0.5076557993888855
3,B2,v2_standard_10001_clear_427,1,0.5313639044761658
3,B2,v2_standard_10001_clear_591,1,0.5066817402839661
3,B2,v2_standard_10001_central_furniture_712,1,0.41603732109069824
3,B2,v2_standard_10001_central_furniture_787,0,0.39037877321243286
3,B2,v2_standard_10001_vertical_mid_931,0,0.3366873264312744
3,B2,v2_standard_10001_clear_1059,0,0.3266034424304962
3,B2,v2_standard_10001_clear_1315,0,0.352328360080719
3,B2,v2_standard_10001_clear_1373,0,0.5235729217529297
3,B2,v2_standard_10001_vertical_mid_1571,0,0.35260942578315735
3,B2,v2_standard_10001_vertical_mid_1612,1,0.3795222342014313
3,B2,v2_standard_10001_vertical_mid_1667,1,0.38004428148269653
3,B2,v2_standard_10001_clear_1688,1,0.3647629916667938
3,B2,v2_standard_10001_clear_2339,0,0.3850809931755066
3,B2,v2_standard_10001_central_furniture_2392,0,0.4882635176181793
3,B2,v2_standard_10001_central_furniture_2478,1,0.3784598708152771
3,B2,v2_standard_10001_clear_2892,0,0.3867631256580353
3,B2,v2_standard_10001_clear_3228,1,0.45592737197875977
3,B2,v2_standard_10001_vertical_mid_3493,1,0.41749048233032227
3,B2,v2_standard_10001_vertical_mid_3555,0,0.2366378754377365
3,B2,v2_standard_10001_central_furniture_3811,0,0.2949374318122864
3,B2,v2_standard_10001_vertical_mid_4042,0,0.33728471398353577
3,B2,v2_standard_10001_vertical_mid_4067,0,0.2947305142879486
3,B2,v2_standard_10001_vertical_mid_4131,0,0.3227716088294983
3,B2,v2_standard_10001_vertical_mid_4259,0,0.37260639667510986
3,B2,v2_standard_10001_vertical_mid_4271,1,0.4584241807460785
3,B2,v2_standard_10001_clear_4515,0,0.38104188442230225
3,B2,v2_standard_10001_central_furniture_4707,0,0.40188732743263245
3,B2,v2_standard_10001_central_furniture_4963,0,0.30001309514045715
3,B2,v2_standard_10001_central_furniture_5091,0,0.40517061948776245
3,B2,v2_standard_10001_central_furniture_5155,0,0.456443727016449
3,B2,v2_standard_10001_clear_5411,0,0.3951587975025177
3,B2,v2_standard_10001_clear_5601,0,0.3193143308162689
3,B2,v2_standard_10001_vertical_mid_5611,1,0.30002373456954956
3,B2,v2_standard_10002_vertical_mid_324,1,0.3504599630832672
3,B2,v2_standard_10002_central_furniture_419,0,0.4105140268802643
3,B2,v2_standard_10002_central_furniture_729,1,0.4558146297931671
3,B2,v2_standard_10002_clear_833,1,0.3399328887462616
3,B2,v2_standard_10002_central_furniture_867,0,0.243991881608963
3,B2,v2_standard_10002_clear_1059,0,0.4481716454029083
3,B2,v2_standard_10002_clear_1554,1,0.4384918808937073
3,B2,v2_standard_10002_central_furniture_2083,0,0.4183187484741211
3,B2,v2_standard_10002_central_furniture_2403,0,0.36172839999198914
3,B2,v2_standard_10002_clear_2531,0,0.39089444279670715
3,B2,v2_standard_10002_clear_2571,0,0.42882585525512695
3,B2,v2_standard_10002_clear_2624,0,0.4421345889568329
3,B2,v2_standard_10002_clear_2900,0,0.3280826807022095
3,B2,v2_standard_10002_central_furniture_2977,0,0.26243746280670166
3,B2,v2_standard_10002_vertical_mid_3107,0,0.24583519995212555
3,B2,v2_standard_10002_vertical_mid_3112,0,0.3153122067451477
3,B2,v2_standard_10002_clear_3235,0,0.36567991971969604
3,B2,v2_standard_10002_vertical_mid_3363,0,0.3361777365207672
3,B2,v2_standard_10002_clear_3538,1,0.4988137483596802
3,B2,v2_standard_10002_central_furniture_3555,0,0.3340599238872528
3,B2,v2_standard_10002_vertical_mid_3625,0,0.2841269075870514
3,B2,v2_standard_10002_clear_3758,1,0.497146874666214
3,B2,v2_standard_10002_clear_3875,0,0.42973533272743225
3,B2,v2_standard_10002_central_furniture_4003,0,0.3071318566799164
3,B2,v2_standard_10002_vertical_mid_4100,1,0.4786699712276459
3,B2,v2_standard_10002_vertical_mid_4131,0,0.4186798334121704
3,B2,v2_standard_10002_clear_4323,0,0.5189756155014038
3,B2,v2_standard_10002_clear_4449,1,0.4881647229194641
3,B2,v2_standard_10002_vertical_mid_4515,0,0.3859723210334778
3,B2,v2_standard_10002_vertical_mid_4621,1,0.42531171441078186
3,B2,v2_standard_10002_vertical_mid_4771,0,0.3142523765563965
3,B2,v2_standard_10002_central_furniture_4852,1,0.3953380882740021
3,B2,v2_standard_10002_central_furniture_5334,1,0.33417919278144836
3,B2,v2_standard_10002_clear_5411,0,0.3294467628002167
3,B2,v2_standard_10002_vertical_mid_5433,1,0.38548213243484497
3,B2,v2_standard_10002_vertical_mid_5731,0,0.29451465606689453
3,B2,v2_standard_10003_clear_163,0,0.4812605082988739
3,B2,v2_standard_10003_clear_227,0,0.3635373115539551
3,B2,v2_standard_10003_vertical_mid_291,0,0.341924786567688
3,B2,v2_standard_10003_central_furniture_355,0,0.4444756507873535
3,B2,v2_standard_10003_clear_547,0,0.30637094378471375
3,B2,v2_standard_10003_central_furniture_671,1,0.44138193130493164
3,B2,v2_standard_10003_vertical_mid_860,1,0.3337481915950775
3,B2,v2_standard_10003_clear_923,1,0.477562814950943
3,B2,v2_standard_10003_vertical_mid_931,0,0.3506157100200653
3,B2,v2_standard_10003_central_furniture_983,0,0.4217436909675598
3,B2,v2_standard_10003_central_furniture_1099,1,0.4048052728176117
3,B2,v2_standard_10003_vertical_mid_1323,0,0.36584222316741943
3,B2,v2_standard_10003_clear_1418,1,0.4521925747394562
3,B2,v2_standard_10003_central_furniture_1443,0,0.32724273204803467
3,B2,v2_standard_10003_clear_1594,1,0.4461112916469574
3,B2,v2_standard_10003_central_furniture_1995,0,0.38742595911026
3,B2,v2_standard_10003_central_furniture_2019,0,0.2837175130844116
3,B2,v2_standard_10003_vertical_mid_2147,0,0.3461834192276001
3,B2,v2_standard_10003_central_furniture_2809,0,0.4201553463935852
3,B2,v2_standard_10003_central_furniture_2979,0,0.22089827060699463
3,B2,v2_standard_10003_clear_3171,0,0.30282437801361084
3,B2,v2_standard_10003_central_furniture_3256,1,0.4476083815097809
3,B2,v2_standard_10003_vertical_mid_3619,0,0.33127957582473755
3,B2,v2_standard_10003_clear_3747,0,0.40962040424346924
3,B2,v2_standard_10003_vertical_mid_3939,0,0.32394635677337646
3,B2,v2_standard_10003_central_furniture_4067,0,0.2311965674161911
3,B2,v2_standard_10003_vertical_mid_4260,1,0.5023471713066101
3,B2,v2_standard_10003_vertical_mid_4451,0,0.33159974217414856
3,B2,v2_standard_10003_central_furniture_4829,1,0.48385366797447205
3,B2,v2_standard_10003_vertical_mid_5086,0,0.33187809586524963
3,B2,v2_standard_10003_vertical_mid_5451,1,0.33560386300086975
3,B2,v2_standard_10003_clear_5712,1,0.3947286903858185
3,B2,v2_standard_10003_clear_5795,0,0.4037006199359894
3,B2,v2_standard_10003_central_furniture_5840,0,0.2950252890586853
3,B2,v2_standard_10003_central_furniture_5859,0,0.33517420291900635
3,B2,v2_standard_10003_clear_5962,1,0.42123091220855713
3,B2,v2_standard_10004_vertical_mid_349,1,0.32916751503944397
3,B2,v2_standard_10004_central_furniture_419,0,0.2274591475725174
3,B2,v2_standard_10004_clear_611,0,0.2712402939796448
3,B2,v2_standard_10004_clear_676,1,0.3920740783214569
3,B2,v2_standard_10004_vertical_mid_788,1,0.3128097355365753
3,B2,v2_standard_10004_vertical_mid_808,0,0.3333890438079834
3,B2,v2_standard_10004_vertical_mid_867,0,0.3300042748451233
3,B2,v2_standard_10004_vertical_mid_967,1,0.4282163679599762
3,B2,v2_standard_10004_clear_1123,0,0.4731099009513855
3,B2,v2_standard_10004_vertical_mid_1139,1,0.4343230724334717
3,B2,v2_standard_10004_central_furniture_1210,0,0.3838982582092285
3,B2,v2_standard_10004_clear_1443,0,0.3263263702392578
3,B2,v2_standard_10004_central_furniture_1955,0,0.3661160469055176
3,B2,v2_standard_10004_clear_2083,0,0.44066259264945984
3,B2,v2_standard_10004_clear_2418,1,0.530896008014679
3,B2,v2_standard_10004_central_furniture_2807,0,0.36156517267227173
3,B2,v2_standard_10004_clear_2915,0,0.3441881835460663
3,B2,v2_standard_10004_central_furniture_3427,0,0.2504845857620239
3,B2,v2_standard_10004_clear_3447,1,0.4016464948654175
3,B2,v2_standard_10004_vertical_mid_3555,0,0.3186597526073456
3,B2,v2_standard_10004_central_furniture_3743,1,0.4107283353805542
3,B2,v2_standard_10004_central_furniture_4033,1,0.41646936535835266
3,B2,v2_standard_10004_vertical_mid_4052,1,0.4059257209300995
3,B2,v2_standard_10004_clear_4131,0,0.35616251826286316
3,B2,v2_standard_10004_clear_4259,0,0.2587163746356964
3,B2,v2_standard_10004_central_furniture_4382,0,0.27140215039253235
3,B2,v2_standard_10004_vertical_mid_4387,0,0.21099527180194855
3,B2,v2_standard_10004_clear_4491,1,0.43068861961364746
3,B2,v2_standard_10004_central_furniture_4515,0,0.3393895626068115
3,B2,v2_standard_10004_central_furniture_4577,1,0.37257590889930725
3,B2,v2_standard_10004_central_furniture_4643,0,0.27206847071647644
3,B2,v2_standard_10004_vertical_mid_5163,0,0.3388800024986267
3,B2,v2_standard_10004_central_furniture_5475,0,0.3665197789669037
3,B2,v2_standard_10004_vertical_mid_5603,0,0.3313405513763428
3,B2,v2_standard_10004_vertical_mid_5731,0,0.338206022977829
3,B2,v2_standard_10004_central_furniture_5780,0,0.270036518573761
3,B2,v2_harsh_10001_vertical_mid_163,0,0.22581875324249268
3,B2,v2_harsh_10001_central_furniture_227,0,0.22225314378738403
3,B2,v2_harsh_10001_vertical_mid_233,0,0.2624305188655853
3,B2,v2_harsh_10001_central_furniture_739,0,0.2517348527908325
3,B2,v2_harsh_10001_central_furniture_1034,0,0.37057098746299744
3,B2,v2_harsh_10001_clear_1137,1,0.4400657117366791
3,B2,v2_harsh_10001_vertical_mid_1251,0,0.3236767053604126
3,B2,v2_harsh_10001_vertical_mid_1493,0,0.40808212757110596
3,B2,v2_harsh_10001_clear_1668,1,0.7034285068511963
3,B2,v2_harsh_10001_clear_2083,0,0.2813778519630432
3,B2,v2_harsh_10001_clear_2339,0,0.5168664455413818
3,B2,v2_harsh_10001_clear_2374,1,0.5760896801948547
3,B2,v2_harsh_10001_central_furniture_2531,0,0.25036171078681946
3,B2,v2_harsh_10001_clear_2834,1,0.3248522877693176
3,B2,v2_harsh_10001_vertical_mid_2851,0,0.2530571222305298
3,B2,v2_harsh_10001_central_furniture_3419,1,0.5788892507553101
3,B2,v2_harsh_10001_vertical_mid_3447,0,0.45684507489204407
3,B2,v2_harsh_10001_clear_3875,0,0.4353260397911072
3,B2,v2_harsh_10001_clear_3939,0,0.2717586159706116
3,B2,v2_harsh_10001_clear_4128,1,0.4844786822795868
3,B2,v2_harsh_10001_vertical_mid_4195,0,0.32196712493896484
3,B2,v2_harsh_10001_vertical_mid_4310,0,0.39808133244514465
3,B2,v2_harsh_10001_clear_4387,0,0.3317486345767975
3,B2,v2_harsh_10001_central_furniture_4541,1,0.40354853868484497
3,B2,v2_harsh_10001_vertical_mid_4578,1,0.3559463322162628
3,B2,v2_harsh_10001_central_furniture_4643,0,0.23462112247943878
3,B2,v2_harsh_10001_central_furniture_4835,0,0.3372454047203064
3,B2,v2_harsh_10001_central_furniture_4951,1,0.371541291475296
3,B2,v2_harsh_10001_clear_5155,0,0.3401128053665161
3,B2,v2_harsh_10001_clear_5411,0,0.4016486406326294
3,B2,v2_harsh_10001_central_furniture_5445,0,0.24938735365867615
3,B2,v2_harsh_10001_vertical_mid_5475,0,0.3382660746574402
3,B2,v2_harsh_10001_central_furniture_5603,0,0.3022049069404602
3,B2,v2_harsh_10001_central_furniture_5624,1,0.5713698863983154
3,B2,v2_harsh_10001_central_furniture_5659,1,0.6461992263793945
3,B2,v2_harsh_10001_clear_5734,1,0.5072290301322937
3,B2,v2_harsh_10002_clear_163,0,0.29798316955566406
3,B2,v2_harsh_10002_central_furniture_227,0,0.20177793502807617
3,B2,v2_harsh_10002_vertical_mid_291,0,0.36457332968711853
3,B2,v2_harsh_10002_vertical_mid_483,0,0.33389905095100403
3,B2,v2_harsh_10002_clear_727,0,0.31409427523612976
3,B2,v2_harsh_10002_vertical_mid_824,0,0.3654465675354004
3,B2,v2_harsh_10002_clear_867,1,0.5150377750396729
3,B2,v2_harsh_10002_central_furniture_995,0,0.41285693645477295
3,B2,v2_harsh_10002_central_furniture_1100,1,0.428187757730484
3,B2,v2_harsh_10002_central_furniture_1153,0,0.5271535515785217
3,B2,v2_harsh_10002_clear_1187,0,0.45492836833000183
3,B2,v2_harsh_10002_vertical_mid_1443,0,0.24181877076625824
3,B2,v2_harsh_10002_clear_1533,1,0.5263658761978149
3,B2,v2_harsh_10002_vertical_mid_1590,1,0.3928039073944092
3,B2,v2_harsh_10002_central_furniture_2211,0,0.4443020820617676
3,B2,v2_harsh_10002_clear_2403,0,0.20864124596118927
3,B2,v2_harsh_10002_clear_2467,0,0.22517390549182892
3,B2,v2_harsh_10002_vertical_mid_2551,0,0.277815043926239
3,B2,v2_harsh_10002_vertical_mid_2902,1,0.5182214975357056
3,B2,v2_harsh_10002_clear_3043,0,0.2416926473379135
3,B2,v2_harsh_10002_central_furniture_3137,1,0.527776300907135
3,B2,v2_harsh_10002_vertical_mid_3527,1,0.5237292647361755
3,B2,v2_harsh_10002_central_furniture_3555,1,0.5078311562538147
3,B2,v2_harsh_10002_vertical_mid_3747,0,0.33562713861465454
3,B2,v2_harsh_10002_central_furniture_3802,1,0.4130403399467468
3,B2,v2_harsh_10002_central_furniture_3811,0,0.2875652313232422
3,B2,v2_harsh_10002_vertical_mid_3939,0,0.331613689661026
3,B2,v2_harsh_10002_vertical_mid_4283,1,0.4603903889656067
3,B2,v2_harsh_10002_central_furniture_4369,0,0.3173435926437378
3,B2,v2_harsh_10002_clear_4387,0,0.3046411871910095
3,B2,v2_harsh_10002_vertical_mid_4579,0,0.3747502863407135
3,B2,v2_harsh_10002_vertical_mid_5326,0,0.3858489692211151
3,B2,v2_harsh_10002_clear_5347,0,0.42017775774002075
3,B2,v2_harsh_10002_clear_5411,0,0.3597189486026764
3,B2,v2_harsh_10002_clear_5462,1,0.48530885577201843
3,B2,v2_harsh_10002_central_furniture_5745,1,0.5475599765777588
3,B2,v2_harsh_10003_central_furniture_163,0,0.24706679582595825
3,B2,v2_harsh_10003_vertical_mid_227,0,0.31354543566703796
3,B2,v2_harsh_10003_central_furniture_291,0,0.3695053458213806
3,B2,v2_harsh_10003_vertical_mid_580,1,0.37412968277931213
3,B2,v2_harsh_10003_clear_916,1,0.6806102395057678
3,B2,v2_harsh_10003_central_furniture_931,0,0.35860273241996765
3,B2,v2_harsh_10003_clear_1128,1,0.6586942076683044
3,B2,v2_harsh_10003_vertical_mid_1571,0,0.3091273605823517
3,B2,v2_harsh_10003_clear_1763,0,0.3756088316440582
3,B2,v2_harsh_10003_vertical_mid_1888,1,0.48790422081947327
3,B2,v2_harsh_10003_central_furniture_1944,1,0.6546403169631958
3,B2,v2_harsh_10003_vertical_mid_2247,1,0.545362651348114
3,B2,v2_harsh_10003_vertical_mid_2534,0,0.36836308240890503
3,B2,v2_harsh_10003_vertical_mid_2595,0,0.16961005330085754
3,B2,v2_harsh_10003_clear_2633,1,0.5792670845985413
3,B2,v2_harsh_10003_clear_2710,0,0.529232382774353
3,B2,v2_harsh_10003_clear_3363,0,0.31019261479377747
3,B2,v2_harsh_10003_vertical_mid_3415,0,0.30685585737228394
3,B2,v2_harsh_10003_clear_3491,0,0.49719515442848206
3,B2,v2_harsh_10003_central_furniture_3530,0,0.3904430866241455
3,B2,v2_harsh_10003_central_furniture_3542,1,0.3955383896827698
3,B2,v2_harsh_10003_vertical_mid_3555,0,0.32509368658065796
3,B2,v2_harsh_10003_central_furniture_3665,1,0.3666931390762329
3,B2,v2_harsh_10003_central_furniture_3670,1,0.369419664144516
3,B2,v2_harsh_10003_clear_3683,0,0.2510226368904114
3,B2,v2_harsh_10003_central_furniture_3747,0,0.37710750102996826
3,B2,v2_harsh_10003_clear_4195,0,0.30304422974586487
3,B2,v2_harsh_10003_central_furniture_4282,0,0.4846391975879669
3,B2,v2_harsh_10003_central_furniture_4451,0,0.5247471332550049
3,B2,v2_harsh_10003_central_furniture_4643,0,0.1530153751373291
3,B2,v2_harsh_10003_clear_4960,1,0.659755527973175
3,B2,v2_harsh_10003_central_furniture_5155,0,0.19812951982021332
3,B2,v2_harsh_10003_central_furniture_5411,0,0.386177122592926
3,B2,v2_harsh_10003_central_furniture_5858,0,0.3777354061603546
3,B2,v2_harsh_10003_central_furniture_5901,1,0.46307018399238586
3,B2,v2_harsh_10003_clear_5923,0,0.28497880697250366
3,B2,v2_harsh_10004_vertical_mid_163,0,0.11373143643140793
3,B2,v2_harsh_10004_vertical_mid_184,1,0.35186997056007385
3,B2,v2_harsh_10004_central_furniture_242,1,0.3986692726612091
3,B2,v2_harsh_10004_vertical_mid_249,0,0.29081302881240845
3,B2,v2_harsh_10004_vertical_mid_355,0,0.33392903208732605
3,B2,v2_harsh_10004_clear_464,1,0.5101895928382874
3,B2,v2_harsh_10004_vertical_mid_867,0,0.2678990364074707
3,B2,v2_harsh_10004_vertical_mid_931,0,0.22859109938144684
3,B2,v2_harsh_10004_vertical_mid_1059,0,0.31083938479423523
3,B2,v2_harsh_10004_clear_1315,0,0.24094346165657043
3,B2,v2_harsh_10004_vertical_mid_1385,0,0.3493351638317108
3,B2,v2_harsh_10004_vertical_mid_1443,0,0.3312940299510956
3,B2,v2_harsh_10004_clear_1827,0,0.24246086180210114
3,B2,v2_harsh_10004_vertical_mid_1877,1,0.38470369577407837
3,B2,v2_harsh_10004_central_furniture_1977,1,0.5615727305412292
3,B2,v2_harsh_10004_clear_2147,0,0.32366326451301575
3,B2,v2_harsh_10004_vertical_mid_2275,0,0.38860100507736206
3,B2,v2_harsh_10004_vertical_mid_2531,0,0.37472718954086304
3,B2,v2_harsh_10004_central_furniture_2634,0,0.3629096448421478
3,B2,v2_harsh_10004_vertical_mid_2659,0,0.2781760096549988
3,B2,v2_harsh_10004_clear_3247,1,0.5255288481712341
3,B2,v2_harsh_10004_central_furniture_3363,0,0.2640600800514221
3,B2,v2_harsh_10004_central_furniture_3545,0,0.3946995139122009
3,B2,v2_harsh_10004_clear_3619,0,0.34469276666641235
3,B2,v2_harsh_10004_clear_4347,1,0.5956854224205017
3,B2,v2_harsh_10004_clear_4387,0,0.3488544523715973
3,B2,v2_harsh_10004_vertical_mid_4579,0,0.4242907166481018
3,B2,v2_harsh_10004_vertical_mid_4781,1,0.49300578236579895
3,B2,v2_harsh_10004_vertical_mid_4874,0,0.3750703036785126
3,B2,v2_harsh_10004_vertical_mid_4936,0,0.4388558268547058
3,B2,v2_harsh_10004_central_furniture_5091,0,0.5479710102081299
3,B2,v2_harsh_10004_vertical_mid_5108,1,0.49567005038261414
3,B2,v2_harsh_10004_clear_5383,1,0.5355337262153625
3,B2,v2_harsh_10004_clear_5540,1,0.7138425707817078
3,B2,v2_harsh_10004_clear_5667,0,0.1501740962266922
3,B2,v2_harsh_10004_clear_5888,1,0.6926716566085815
4,B1,v2_standard_10001_clear_163,0,0.25613725185394287
4,B1,v2_standard_10001_clear_380,1,0.41722092032432556
4,B1,v2_standard_10001_clear_419,0,0.4232088029384613
4,B1,v2_standard_10001_clear_427,1,0.4195970892906189
4,B1,v2_standard_10001_clear_591,1,0.33013102412223816
4,B1,v2_standard_10001_clear_712,1,0.3125278353691101
4,B1,v2_standard_10001_clear_787,0,0.3019227087497711
4,B1,v2_standard_10001_clear_931,0,0.27549800276756287
4,B1,v2_standard_10001_clear_1059,0,0.2618166208267212
4,B1,v2_standard_10001_clear_1315,0,0.27818483114242554
4,B1,v2_standard_10001_clear_1373,0,0.39784374833106995
4,B1,v2_standard_10001_clear_1571,0,0.3044881522655487
4,B1,v2_standard_10001_clear_1612,1,0.29857850074768066
4,B1,v2_standard_10001_clear_1667,1,0.29721537232398987
4,B1,v2_standard_10001_clear_1688,1,0.2646847069263458
4,B1,v2_standard_10001_clear_2339,0,0.28920549154281616
4,B1,v2_standard_10001_clear_2392,0,0.41498640179634094
4,B1,v2_standard_10001_clear_2478,1,0.3178042471408844
4,B1,v2_standard_10001_clear_2892,0,0.31831181049346924
4,B1,v2_standard_10001_clear_3228,1,0.3257792890071869
4,B1,v2_standard_10001_clear_3493,1,0.34751471877098083
4,B1,v2_standard_10001_clear_3555,0,0.2777954936027527
4,B1,v2_standard_10001_clear_3811,0,0.2953758239746094
4,B1,v2_standard_10001_clear_4042,0,0.24415108561515808
4,B1,v2_standard_10001_clear_4067,0,0.27922898530960083
4,B1,v2_standard_10001_clear_4131,0,0.30612868070602417
4,B1,v2_standard_10001_clear_4259,0,0.35863417387008667
4,B1,v2_standard_10001_clear_4271,1,0.4208540916442871
4,B1,v2_standard_10001_clear_4515,0,0.30752670764923096
4,B1,v2_standard_10001_clear_4707,0,0.376106321811676
4,B1,v2_standard_10001_clear_4963,0,0.33306872844696045
4,B1,v2_standard_10001_clear_5091,0,0.3641104996204376
4,B1,v2_standard_10001_clear_5155,0,0.406288743019104
4,B1,v2_standard_10001_clear_5411,0,0.3341839909553528
4,B1,v2_standard_10001_clear_5601,0,0.2997707724571228
4,B1,v2_standard_10001_clear_5611,1,0.2869338095188141
4,B1,v2_standard_10002_clear_324,1,0.4126785695552826
4,B1,v2_standard_10002_clear_419,0,0.3633120656013489
4,B1,v2_standard_10002_clear_729,1,0.33221444487571716
4,B1,v2_standard_10002_clear_833,1,0.27297934889793396
4,B1,v2_standard_10002_clear_867,0,0.2626269459724426
4,B1,v2_standard_10002_clear_1059,0,0.37957561016082764
4,B1,v2_standard_10002_clear_1554,1,0.3335567116737366
4,B1,v2_standard_10002_clear_2083,0,0.3958530128002167
4,B1,v2_standard_10002_clear_2403,0,0.3287634253501892
4,B1,v2_standard_10002_clear_2531,0,0.32737281918525696
4,B1,v2_standard_10002_clear_2571,0,0.382293701171875
4,B1,v2_standard_10002_clear_2624,0,0.3316574990749359
4,B1,v2_standard_10002_clear_2900,0,0.2998942732810974
4,B1,v2_standard_10002_clear_2977,0,0.2702612280845642
4,B1,v2_standard_10002_clear_3107,0,0.2972298562526703
4,B1,v2_standard_10002_clear_3112,0,0.3066883385181427
4,B1,v2_standard_10002_clear_3235,0,0.32514673471450806
4,B1,v2_standard_10002_clear_3363,0,0.35056886076927185
4,B1,v2_standard_10002_clear_3538,1,0.33326971530914307
4,B1,v2_standard_10002_clear_3555,0,0.3273804783821106
4,B1,v2_standard_10002_clear_3625,0,0.2731586992740631
4,B1,v2_standard_10002_clear_3758,1,0.3883618414402008
4,B1,v2_standard_10002_clear_3875,0,0.34906458854675293
4,B1,v2_standard_10002_clear_4003,0,0.2592325508594513
4,B1,v2_standard_10002_clear_4100,1,0.3614160418510437
4,B1,v2_standard_10002_clear_4131,0,0.36128005385398865
4,B1,v2_standard_10002_clear_4323,0,0.3904971182346344
4,B1,v2_standard_10002_clear_4449,1,0.3368832468986511
4,B1,v2_standard_10002_clear_4515,0,0.36004579067230225
4,B1,v2_standard_10002_clear_4621,1,0.40725189447402954
4,B1,v2_standard_10002_clear_4771,0,0.2906234860420227
4,B1,v2_standard_10002_clear_4852,1,0.31800100207328796
4,B1,v2_standard_10002_clear_5334,1,0.2991377115249634
4,B1,v2_standard_10002_clear_5411,0,0.26670366525650024
4,B1,v2_standard_10002_clear_5433,1,0.3493393659591675
4,B1,v2_standard_10002_clear_5731,0,0.3050743043422699
4,B1,v2_standard_10003_clear_163,0,0.3913339674472809
4,B1,v2_standard_10003_clear_227,0,0.30775076150894165
4,B1,v2_standard_10003_clear_291,0,0.4240381121635437
4,B1,v2_standard_10003_clear_355,0,0.3883751332759857
4,B1,v2_standard_10003_clear_547,0,0.23039907217025757
4,B1,v2_standard_10003_clear_671,1,0.38883134722709656
4,B1,v2_standard_10003_clear_860,1,0.2682200074195862
4,B1,v2_standard_10003_clear_923,1,0.3216259777545929
4,B1,v2_standard_10003_clear_931,0,0.3061777353286743
4,B1,v2_standard_10003_clear_983,0,0.3563095033168793
4,B1,v2_standard_10003_clear_1099,1,0.32506275177001953
4,B1,v2_standard_10003_clear_1323,0,0.3178309500217438
4,B1,v2_standard_10003_clear_1418,1,0.3469576835632324
4,B1,v2_standard_10003_clear_1443,0,0.32495278120040894
4,B1,v2_standard_10003_clear_1594,1,0.3300136625766754
4,B1,v2_standard_10003_clear_1995,0,0.2691163122653961
4,B1,v2_standard_10003_clear_2019,0,0.26497456431388855
4,B1,v2_standard_10003_clear_2147,0,0.31895938515663147
4,B1,v2_standard_10003_clear_2809,0,0.3212304413318634
4,B1,v2_standard_10003_clear_2979,0,0.23992276191711426
4,B1,v2_standard_10003_clear_3171,0,0.26728665828704834
4,B1,v2_standard_10003_clear_3256,1,0.31507608294487
4,B1,v2_standard_10003_clear_3619,0,0.21993306279182434
4,B1,v2_standard_10003_clear_3747,0,0.2889806032180786
4,B1,v2_standard_10003_clear_3939,0,0.2713678777217865
4,B1,v2_standard_10003_clear_4067,0,0.24779769778251648
4,B1,v2_standard_10003_clear_4260,1,0.42138031125068665
4,B1,v2_standard_10003_clear_4451,0,0.3210503160953522
4,B1,v2_standard_10003_clear_4829,1,0.45679059624671936
4,B1,v2_standard_10003_clear_5086,0,0.24569524824619293
4,B1,v2_standard_10003_clear_5451,1,0.3142707049846649
4,B1,v2_standard_10003_clear_5712,1,0.3136676549911499
4,B1,v2_standard_10003_clear_5795,0,0.2982976734638214
4,B1,v2_standard_10003_clear_5840,0,0.2893027067184448
4,B1,v2_standard_10003_clear_5859,0,0.2873924672603607
4,B1,v2_standard_10003_clear_5962,1,0.2997739315032959
4,B1,v2_standard_10004_clear_349,1,0.22677887976169586
4,B1,v2_standard_10004_clear_419,0,0.21741899847984314
4,B1,v2_standard_10004_clear_611,0,0.23530051112174988
4,B1,v2_standard_10004_clear_676,1,0.2808931767940521
4,B1,v2_standard_10004_clear_788,1,0.3020239770412445
4,B1,v2_standard_10004_clear_808,0,0.28520381450653076
4,B1,v2_standard_10004_clear_867,0,0.27481746673583984
4,B1,v2_standard_10004_clear_967,1,0.41141512989997864
4,B1,v2_standard_10004_clear_1123,0,0.38893598318099976
4,B1,v2_standard_10004_clear_1139,1,0.35359126329421997
4,B1,v2_standard_10004_clear_1210,0,0.32195425033569336
4,B1,v2_standard_10004_clear_1443,0,0.26827529072761536
4,B1,v2_standard_10004_clear_1955,0,0.3227134346961975
4,B1,v2_standard_10004_clear_2083,0,0.35446733236312866
4,B1,v2_standard_10004_clear_2418,1,0.3643534183502197
4,B1,v2_standard_10004_clear_2807,0,0.29643622040748596
4,B1,v2_standard_10004_clear_2915,0,0.26196935772895813
4,B1,v2_standard_10004_clear_3427,0,0.2938748300075531
4,B1,v2_standard_10004_clear_3447,1,0.32329174876213074
4,B1,v2_standard_10004_clear_3555,0,0.32338541746139526
4,B1,v2_standard_10004_clear_3743,1,0.3239174485206604
4,B1,v2_standard_10004_clear_4033,1,0.3218618631362915
4,B1,v2_standard_10004_clear_4052,1,0.33417338132858276
4,B1,v2_standard_10004_clear_4131,0,0.2705191969871521
4,B1,v2_standard_10004_clear_4259,0,0.26906818151474
4,B1,v2_standard_10004_clear_4382,0,0.29570677876472473
4,B1,v2_standard_10004_clear_4387,0,0.2836762070655823
4,B1,v2_standard_10004_clear_4491,1,0.3234599530696869
4,B1,v2_standard_10004_clear_4515,0,0.33979862928390503
4,B1,v2_standard_10004_clear_4577,1,0.34860336780548096
4,B1,v2_standard_10004_clear_4643,0,0.3046146333217621
4,B1,v2_standard_10004_clear_5163,0,0.212932750582695
4,B1,v2_standard_10004_clear_5475,0,0.3046298027038574
4,B1,v2_standard_10004_clear_5603,0,0.3123674690723419
4,B1,v2_standard_10004_clear_5731,0,0.2908278703689575
4,B1,v2_standard_10004_clear_5780,0,0.24041326344013214
4,B1,v2_harsh_10001_clear_163,0,0.20046758651733398
4,B1,v2_harsh_10001_clear_227,0,0.20924735069274902
4,B1,v2_harsh_10001_clear_233,0,0.2216034084558487
4,B1,v2_harsh_10001_clear_739,0,0.19745191931724548
4,B1,v2_harsh_10001_clear_1034,0,0.24181479215621948
4,B1,v2_harsh_10001_clear_1137,1,0.24845446646213531
4,B1,v2_harsh_10001_clear_1251,0,0.25733107328414917
4,B1,v2_harsh_10001_clear_1493,0,0.36440739035606384
4,B1,v2_harsh_10001_clear_1668,1,0.46855103969573975
4,B1,v2_harsh_10001_clear_2083,0,0.30349624156951904
4,B1,v2_harsh_10001_clear_2339,0,0.3778376877307892
4,B1,v2_harsh_10001_clear_2374,1,0.390216588973999
4,B1,v2_harsh_10001_clear_2531,0,0.2007598578929901
4,B1,v2_harsh_10001_clear_2834,1,0.17235873639583588
4,B1,v2_harsh_10001_clear_2851,0,0.15983878076076508
4,B1,v2_harsh_10001_clear_3419,1,0.4339723289012909
4,B1,v2_harsh_10001_clear_3447,0,0.3288721442222595
4,B1,v2_harsh_10001_clear_3875,0,0.33398646116256714
4,B1,v2_harsh_10001_clear_3939,0,0.20754151046276093
4,B1,v2_harsh_10001_clear_4128,1,0.25977495312690735
4,B1,v2_harsh_10001_clear_4195,0,0.2600087523460388
4,B1,v2_harsh_10001_clear_4310,0,0.2576639652252197
4,B1,v2_harsh_10001_clear_4387,0,0.2405261993408203
4,B1,v2_harsh_10001_clear_4541,1,0.2421889305114746
4,B1,v2_harsh_10001_clear_4578,1,0.249570831656456
4,B1,v2_harsh_10001_clear_4643,0,0.20342819392681122
4,B1,v2_harsh_10001_clear_4835,0,0.26031818985939026
4,B1,v2_harsh_10001_clear_4951,1,0.24005740880966187
4,B1,v2_harsh_10001_clear_5155,0,0.23199059069156647
4,B1,v2_harsh_10001_clear_5411,0,0.2876986861228943
4,B1,v2_harsh_10001_clear_5445,0,0.22024086117744446
4,B1,v2_harsh_10001_clear_5475,0,0.1827760934829712
4,B1,v2_harsh_10001_clear_5603,0,0.22837448120117188
4,B1,v2_harsh_10001_clear_5624,1,0.3574518859386444
4,B1,v2_harsh_10001_clear_5659,1,0.42650365829467773
4,B1,v2_harsh_10001_clear_5734,1,0.2753736972808838
4,B1,v2_harsh_10002_clear_163,0,0.2357446849346161
4,B1,v2_harsh_10002_clear_227,0,0.20053893327713013
4,B1,v2_harsh_10002_clear_291,0,0.25065892934799194
4,B1,v2_harsh_10002_clear_483,0,0.25185099244117737
4,B1,v2_harsh_10002_clear_727,0,0.2168693244457245
4,B1,v2_harsh_10002_clear_824,0,0.3109513223171234
4,B1,v2_harsh_10002_clear_867,1,0.3399045765399933
4,B1,v2_harsh_10002_clear_995,0,0.30958622694015503
4,B1,v2_harsh_10002_clear_1100,1,0.34698277711868286
4,B1,v2_harsh_10002_clear_1153,0,0.3257386088371277
4,B1,v2_harsh_10002_clear_1187,0,0.39140084385871887
4,B1,v2_harsh_10002_clear_1443,0,0.2230927050113678
4,B1,v2_harsh_10002_clear_1533,1,0.26571208238601685
4,B1,v2_harsh_10002_clear_1590,1,0.40236762166023254
4,B1,v2_harsh_10002_clear_2211,0,0.3806057572364807
4,B1,v2_harsh_10002_clear_2403,0,0.1725252866744995
4,B1,v2_harsh_10002_clear_2467,0,0.20226603746414185
4,B1,v2_harsh_10002_clear_2551,0,0.2382529079914093
4,B1,v2_harsh_10002_clear_2902,1,0.45317625999450684
4,B1,v2_harsh_10002_clear_3043,0,0.22401684522628784
4,B1,v2_harsh_10002_clear_3137,1,0.3324092924594879
4,B1,v2_harsh_10002_clear_3527,1,0.3362883925437927
4,B1,v2_harsh_10002_clear_3555,1,0.3936467170715332
4,B1,v2_harsh_10002_clear_3747,0,0.37166422605514526
4,B1,v2_harsh_10002_clear_3802,1,0.3234961926937103
4,B1,v2_harsh_10002_clear_3811,0,0.2955116331577301
4,B1,v2_harsh_10002_clear_3939,0,0.3329004943370819
4,B1,v2_harsh_10002_clear_4283,1,0.2947491705417633
4,B1,v2_harsh_10002_clear_4369,0,0.22527043521404266
4,B1,v2_harsh_10002_clear_4387,0,0.22138077020645142
4,B1,v2_harsh_10002_clear_4579,0,0.27282223105430603
4,B1,v2_harsh_10002_clear_5326,0,0.29656100273132324
4,B1,v2_harsh_10002_clear_5347,0,0.31406158208847046
4,B1,v2_harsh_10002_clear_5411,0,0.31555765867233276
4,B1,v2_harsh_10002_clear_5462,1,0.3215629756450653
4,B1,v2_harsh_10002_clear_5745,1,0.36634793877601624
4,B1,v2_harsh_10003_clear_163,0,0.21306565403938293
4,B1,v2_harsh_10003_clear_227,0,0.2094765454530716
4,B1,v2_harsh_10003_clear_291,0,0.38220149278640747
4,B1,v2_harsh_10003_clear_580,1,0.4566653370857239
4,B1,v2_harsh_10003_clear_916,1,0.44749757647514343
4,B1,v2_harsh_10003_clear_931,0,0.4080698788166046
4,B1,v2_harsh_10003_clear_1128,1,0.36427953839302063
4,B1,v2_harsh_10003_clear_1571,0,0.3604154884815216
4,B1,v2_harsh_10003_clear_1763,0,0.27423420548439026
4,B1,v2_harsh_10003_clear_1888,1,0.4763193428516388
4,B1,v2_harsh_10003_clear_1944,1,0.45640432834625244
4,B1,v2_harsh_10003_clear_2247,1,0.40438681840896606
4,B1,v2_harsh_10003_clear_2534,0,0.3657127618789673
4,B1,v2_harsh_10003_clear_2595,0,0.2385883629322052
4,B1,v2_harsh_10003_clear_2633,1,0.37128913402557373
4,B1,v2_harsh_10003_clear_2710,0,0.3830430507659912
4,B1,v2_harsh_10003_clear_3363,0,0.2911716401576996
4,B1,v2_harsh_10003_clear_3415,0,0.2572943866252899
4,B1,v2_harsh_10003_clear_3491,0,0.38233867287635803
4,B1,v2_harsh_10003_clear_3530,0,0.3105011284351349
4,B1,v2_harsh_10003_clear_3542,1,0.2899675965309143
4,B1,v2_harsh_10003_clear_3555,0,0.2303863912820816
4,B1,v2_harsh_10003_clear_3665,1,0.23801672458648682
4,B1,v2_harsh_10003_clear_3670,1,0.24257628619670868
4,B1,v2_harsh_10003_clear_3683,0,0.1813039928674698
4,B1,v2_harsh_10003_clear_3747,0,0.2545071244239807
4,B1,v2_harsh_10003_clear_4195,0,0.2011186182498932
4,B1,v2_harsh_10003_clear_4282,0,0.40661710500717163
4,B1,v2_harsh_10003_clear_4451,0,0.42227622866630554
4,B1,v2_harsh_10003_clear_4643,0,0.17039835453033447
4,B1,v2_harsh_10003_clear_4960,1,0.4031998813152313
4,B1,v2_harsh_10003_clear_5155,0,0.18063312768936157
4,B1,v2_harsh_10003_clear_5411,0,0.3086789846420288
4,B1,v2_harsh_10003_clear_5858,0,0.24099823832511902
4,B1,v2_harsh_10003_clear_5901,1,0.25588318705558777
4,B1,v2_harsh_10003_clear_5923,0,0.22287236154079437
4,B1,v2_harsh_10004_clear_163,0,0.20412838459014893
4,B1,v2_harsh_10004_clear_184,1,0.2978111803531647
4,B1,v2_harsh_10004_clear_242,1,0.2887079119682312
4,B1,v2_harsh_10004_clear_249,0,0.265871524810791
4,B1,v2_harsh_10004_clear_355,0,0.3210205137729645
4,B1,v2_harsh_10004_clear_464,1,0.354298859834671
4,B1,v2_harsh_10004_clear_867,0,0.19703605771064758
4,B1,v2_harsh_10004_clear_931,0,0.20995230972766876
4,B1,v2_harsh_10004_clear_1059,0,0.21135751903057098
4,B1,v2_harsh_10004_clear_1315,0,0.1877261847257614
4,B1,v2_harsh_10004_clear_1385,0,0.21112887561321259
4,B1,v2_harsh_10004_clear_1443,0,0.19926361739635468
4,B1,v2_harsh_10004_clear_1827,0,0.1825689971446991
4,B1,v2_harsh_10004_clear_1877,1,0.21910716593265533
4,B1,v2_harsh_10004_clear_1977,1,0.3390161991119385
4,B1,v2_harsh_10004_clear_2147,0,0.29995131492614746
4,B1,v2_harsh_10004_clear_2275,0,0.3753930926322937
4,B1,v2_harsh_10004_clear_2531,0,0.2291153073310852
4,B1,v2_harsh_10004_clear_2634,0,0.2849534749984741
4,B1,v2_harsh_10004_clear_2659,0,0.22917285561561584
4,B1,v2_harsh_10004_clear_3247,1,0.349554181098938
4,B1,v2_harsh_10004_clear_3363,0,0.28019949793815613
4,B1,v2_harsh_10004_clear_3545,0,0.30370092391967773
4,B1,v2_harsh_10004_clear_3619,0,0.24849443137645721
4,B1,v2_harsh_10004_clear_4347,1,0.4034157395362854
4,B1,v2_harsh_10004_clear_4387,0,0.3135552704334259
4,B1,v2_harsh_10004_clear_4579,0,0.3555324673652649
4,B1,v2_harsh_10004_clear_4781,1,0.30582383275032043
4,B1,v2_harsh_10004_clear_4874,0,0.3335324823856354
4,B1,v2_harsh_10004_clear_4936,0,0.3673042356967926
4,B1,v2_harsh_10004_clear_5091,0,0.41471490263938904
4,B1,v2_harsh_10004_clear_5108,1,0.5013718605041504
4,B1,v2_harsh_10004_clear_5383,1,0.32233718037605286
4,B1,v2_harsh_10004_clear_5540,1,0.49352216720581055
4,B1,v2_harsh_10004_clear_5667,0,0.2142363041639328
4,B1,v2_harsh_10004_clear_5888,1,0.46611636877059937
4,B2,v2_standard_10001_central_furniture_163,0,0.19308748841285706
4,B2,v2_standard_10001_central_furniture_380,1,0.31688666343688965
4,B2,v2_standard_10001_central_furniture_419,0,0.29312267899513245
4,B2,v2_standard_10001_vertical_mid_427,1,0.2918364107608795
4,B2,v2_standard_10001_central_furniture_591,1,0.2779366374015808
4,B2,v2_standard_10001_central_furniture_712,1,0.2528572082519531
4,B2,v2_standard_10001_central_furniture_787,0,0.23153580725193024
4,B2,v2_standard_10001_clear_931,0,0.21841031312942505
4,B2,v2_standard_10001_vertical_mid_1059,0,0.22300930321216583
4,B2,v2_standard_10001_vertical_mid_1315,0,0.23069815337657928
4,B2,v2_standard_10001_clear_1373,0,0.31815803050994873
4,B2,v2_standard_10001_vertical_mid_1571,0,0.2286677211523056
4,B2,v2_standard_10001_vertical_mid_1612,1,0.2340773195028305
4,B2,v2_standard_10001_central_furniture_1667,1,0.24551068246364594
4,B2,v2_standard_10001_vertical_mid_1688,1,0.22583265602588654
4,B2,v2_standard_10001_clear_2339,0,0.22832803428173065
4,B2,v2_standard_10001_central_furniture_2392,0,0.294644832611084
4,B2,v2_standard_10001_central_furniture_2478,1,0.25400516390800476
4,B2,v2_standard_10001_clear_2892,0,0.2443418651819229
4,B2,v2_standard_10001_vertical_mid_3228,1,0.263824462890625
4,B2,v2_standard_10001_vertical_mid_3493,1,0.30023080110549927
4,B2,v2_standard_10001_central_furniture_3555,0,0.20067504048347473
4,B2,v2_standard_10001_clear_3811,0,0.22599348425865173
4,B2,v2_standard_10001_vertical_mid_4042,0,0.24010400474071503
4,B2,v2_standard_10001_central_furniture_4067,0,0.22652070224285126
4,B2,v2_standard_10001_vertical_mid_4131,0,0.22537820041179657
4,B2,v2_standard_10001_clear_4259,0,0.2900660037994385
4,B2,v2_standard_10001_central_furniture_4271,1,0.3040558993816376
4,B2,v2_standard_10001_central_furniture_4515,0,0.22427898645401
4,B2,v2_standard_10001_central_furniture_4707,0,0.27073976397514343
4,B2,v2_standard_10001_central_furniture_4963,0,0.25719401240348816
4,B2,v2_standard_10001_vertical_mid_5091,0,0.2632756531238556
4,B2,v2_standard_10001_central_furniture_5155,0,0.3029279112815857
4,B2,v2_standard_10001_central_furniture_5411,0,0.2522229850292206
4,B2,v2_standard_10001_vertical_mid_5601,0,0.24733379483222961
4,B2,v2_standard_10001_central_furniture_5611,1,0.22637097537517548
4,B2,v2_standard_10002_vertical_mid_324,1,0.26451990008354187
4,B2,v2_standard_10002_clear_419,0,0.31214600801467896
4,B2,v2_standard_10002_vertical_mid_729,1,0.2655255198478699
4,B2,v2_standard_10002_vertical_mid_833,1,0.26418569684028625
4,B2,v2_standard_10002_clear_867,0,0.2277153730392456
4,B2,v2_standard_10002_central_furniture_1059,0,0.27271637320518494
4,B2,v2_standard_10002_vertical_mid_1554,1,0.28456494212150574
4,B2,v2_standard_10002_central_furniture_2083,0,0.25929906964302063
4,B2,v2_standard_10002_clear_2403,0,0.266805499792099
4,B2,v2_standard_10002_vertical_mid_2531,0,0.2933730483055115
4,B2,v2_standard_10002_clear_2571,0,0.3010900914669037
4,B2,v2_standard_10002_clear_2624,0,0.2733567953109741
4,B2,v2_standard_10002_vertical_mid_2900,0,0.24711887538433075
4,B2,v2_standard_10002_vertical_mid_2977,0,0.21690183877944946
4,B2,v2_standard_10002_vertical_mid_3107,0,0.22772875428199768
4,B2,v2_standard_10002_vertical_mid_3112,0,0.2419387549161911
4,B2,v2_standard_10002_central_furniture_3235,0,0.2467089146375656
4,B2,v2_standard_10002_vertical_mid_3363,0,0.26364222168922424
4,B2,v2_standard_10002_vertical_mid_3538,1,0.2761552035808563
4,B2,v2_standard_10002_central_furniture_3555,0,0.2426692247390747
4,B2,v2_standard_10002_central_furniture_3625,0,0.21838894486427307
4,B2,v2_standard_10002_vertical_mid_3758,1,0.31715697050094604
4,B2,v2_standard_10002_clear_3875,0,0.26519495248794556
4,B2,v2_standard_10002_clear_4003,0,0.24283528327941895
4,B2,v2_standard_10002_clear_4100,1,0.28543993830680847
4,B2,v2_standard_10002_vertical_mid_4131,0,0.30678749084472656
4,B2,v2_standard_10002_vertical_mid_4323,0,0.2668887674808502
4,B2,v2_standard_10002_vertical_mid_4449,1,0.26984071731567383
4,B2,v2_standard_10002_central_furniture_4515,0,0.2884970009326935
4,B2,v2_standard_10002_central_furniture_4621,1,0.3020121157169342
4,B2,v2_standard_10002_vertical_mid_4771,0,0.24634622037410736
4,B2,v2_standard_10002_vertical_mid_4852,1,0.2713787257671356
4,B2,v2_standard_10002_clear_5334,1,0.25708839297294617
4,B2,v2_standard_10002_clear_5411,0,0.2427927851676941
4,B2,v2_standard_10002_central_furniture_5433,1,0.2786353826522827
4,B2,v2_standard_10002_central_furniture_5731,0,0.22250255942344666
4,B2,v2_standard_10003_clear_163,0,0.33149054646492004
4,B2,v2_standard_10003_vertical_mid_227,0,0.2627054750919342
4,B2,v2_standard_10003_vertical_mid_291,0,0.2637467086315155
4,B2,v2_standard_10003_central_furniture_355,0,0.30777108669281006
4,B2,v2_standard_10003_clear_547,0,0.21497337520122528
4,B2,v2_standard_10003_vertical_mid_671,1,0.2698931396007538
4,B2,v2_standard_10003_vertical_mid_860,1,0.26193708181381226
4,B2,v2_standard_10003_clear_923,1,0.22977101802825928
4,B2,v2_standard_10003_central_furniture_931,0,0.22318299114704132
4,B2,v2_standard_10003_central_furniture_983,0,0.27724817395210266
4,B2,v2_standard_10003_clear_1099,1,0.26341840624809265
4,B2,v2_standard_10003_central_furniture_1323,0,0.23900391161441803
4,B2,v2_standard_10003_vertical_mid_1418,1,0.27843916416168213
4,B2,v2_standard_10003_clear_1443,0,0.26651784777641296
4,B2,v2_standard_10003_vertical_mid_1594,1,0.2759025990962982
4,B2,v2_standard_10003_vertical_mid_1995,0,0.24780374765396118
4,B2,v2_standard_10003_vertical_mid_2019,0,0.2536872327327728
4,B2,v2_standard_10003_vertical_mid_2147,0,0.2694830596446991
4,B2,v2_standard_10003_central_furniture_2809,0,0.25075599551200867
4,B2,v2_standard_10003_clear_2979,0,0.20686623454093933
4,B2,v2_standard_10003_central_furniture_3171,0,0.22218558192253113
4,B2,v2_standard_10003_clear_3256,1,0.2629074156284332
4,B2,v2_standard_10003_central_furniture_3619,0,0.19435462355613708
4,B2,v2_standard_10003_central_furniture_3747,0,0.20874634385108948
4,B2,v2_standard_10003_clear_3939,0,0.2378922700881958
4,B2,v2_standard_10003_central_furniture_4067,0,0.19556908309459686
4,B2,v2_standard_10003_clear_4260,1,0.35864394903182983
4,B2,v2_standard_10003_vertical_mid_4451,0,0.262325257062912
4,B2,v2_standard_10003_vertical_mid_4829,1,0.2630307972431183
4,B2,v2_standard_10003_central_furniture_5086,0,0.23545534908771515
4,B2,v2_standard_10003_clear_5451,1,0.26491913199424744
4,B2,v2_standard_10003_clear_5712,1,0.25699785351753235
4,B2,v2_standard_10003_clear_5795,0,0.25550398230552673
4,B2,v2_standard_10003_central_furniture_5840,0,0.2255229949951172
4,B2,v2_standard_10003_clear_5859,0,0.2094395011663437
4,B2,v2_standard_10003_vertical_mid_5962,1,0.24803394079208374
4,B2,v2_standard_10004_clear_349,1,0.19860301911830902
4,B2,v2_standard_10004_central_furniture_419,0,0.18591071665287018
4,B2,v2_standard_10004_central_furniture_611,0,0.1888105571269989
4,B2,v2_standard_10004_clear_676,1,0.1940021961927414
4,B2,v2_standard_10004_central_furniture_788,1,0.2008715271949768
4,B2,v2_standard_10004_vertical_mid_808,0,0.24931901693344116
4,B2,v2_standard_10004_clear_867,0,0.22611545026302338
4,B2,v2_standard_10004_vertical_mid_967,1,0.28220969438552856
4,B2,v2_standard_10004_clear_1123,0,0.32866618037223816
4,B2,v2_standard_10004_central_furniture_1139,1,0.28190237283706665
4,B2,v2_standard_10004_clear_1210,0,0.25881996750831604
4,B2,v2_standard_10004_vertical_mid_1443,0,0.2637675702571869
4,B2,v2_standard_10004_vertical_mid_1955,0,0.2559329867362976
4,B2,v2_standard_10004_vertical_mid_2083,0,0.27141073346138
4,B2,v2_standard_10004_clear_2418,1,0.31735438108444214
4,B2,v2_standard_10004_central_furniture_2807,0,0.22455434501171112
4,B2,v2_standard_10004_central_furniture_2915,0,0.2373623549938202
4,B2,v2_standard_10004_central_furniture_3427,0,0.23491507768630981
4,B2,v2_standard_10004_clear_3447,1,0.2547852098941803
4,B2,v2_standard_10004_vertical_mid_3555,0,0.25932440161705017
4,B2,v2_standard_10004_vertical_mid_3743,1,0.26982295513153076
4,B2,v2_standard_10004_clear_4033,1,0.250388503074646
4,B2,v2_standard_10004_clear_4052,1,0.26111769676208496
4,B2,v2_standard_10004_central_furniture_4131,0,0.23328109085559845
4,B2,v2_standard_10004_central_furniture_4259,0,0.2060042768716812
4,B2,v2_standard_10004_clear_4382,0,0.2217998504638672
4,B2,v2_standard_10004_clear_4387,0,0.21066461503505707
4,B2,v2_standard_10004_vertical_mid_4491,1,0.23835545778274536
4,B2,v2_standard_10004_central_furniture_4515,0,0.2472914457321167
4,B2,v2_standard_10004_central_furniture_4577,1,0.2614101469516754
4,B2,v2_standard_10004_clear_4643,0,0.23278453946113586
4,B2,v2_standard_10004_central_furniture_5163,0,0.19012461602687836
4,B2,v2_standard_10004_clear_5475,0,0.24861684441566467
4,B2,v2_standard_10004_clear_5603,0,0.2663514316082001
4,B2,v2_standard_10004_central_furniture_5731,0,0.21659013628959656
4,B2,v2_standard_10004_clear_5780,0,0.23031242191791534
4,B2,v2_harsh_10001_clear_163,0,0.11726386845111847
4,B2,v2_harsh_10001_central_furniture_227,0,0.12515942752361298
4,B2,v2_harsh_10001_clear_233,0,0.13936260342597961
4,B2,v2_harsh_10001_vertical_mid_739,0,0.2298557162284851
4,B2,v2_harsh_10001_vertical_mid_1034,0,0.2154463529586792
4,B2,v2_harsh_10001_clear_1137,1,0.26204198598861694
4,B2,v2_harsh_10001_vertical_mid_1251,0,0.2401226907968521
4,B2,v2_harsh_10001_vertical_mid_1493,0,0.26971736550331116
4,B2,v2_harsh_10001_clear_1668,1,0.4242390990257263
4,B2,v2_harsh_10001_clear_2083,0,0.22814548015594482
4,B2,v2_harsh_10001_central_furniture_2339,0,0.285793274641037
4,B2,v2_harsh_10001_central_furniture_2374,1,0.2915600836277008
4,B2,v2_harsh_10001_vertical_mid_2531,0,0.1450934112071991
4,B2,v2_harsh_10001_vertical_mid_2834,1,0.23590579628944397
4,B2,v2_harsh_10001_central_furniture_2851,0,0.11674679815769196
4,B2,v2_harsh_10001_central_furniture_3419,1,0.412446528673172
4,B2,v2_harsh_10001_vertical_mid_3447,0,0.29161396622657776
4,B2,v2_harsh_10001_clear_3875,0,0.32256925106048584
4,B2,v2_harsh_10001_clear_3939,0,0.22992749512195587
4,B2,v2_harsh_10001_vertical_mid_4128,1,0.2632385790348053
4,B2,v2_harsh_10001_vertical_mid_4195,0,0.2716362178325653
4,B2,v2_harsh_10001_vertical_mid_4310,0,0.2656078040599823
4,B2,v2_harsh_10001_vertical_mid_4387,0,0.23751716315746307
4,B2,v2_harsh_10001_vertical_mid_4541,1,0.2569623291492462
4,B2,v2_harsh_10001_central_furniture_4578,1,0.20162545144557953
4,B2,v2_harsh_10001_vertical_mid_4643,0,0.19908247888088226
4,B2,v2_harsh_10001_vertical_mid_4835,0,0.24498966336250305
4,B2,v2_harsh_10001_vertical_mid_4951,1,0.2118057906627655
4,B2,v2_harsh_10001_central_furniture_5155,0,0.23121853172779083
4,B2,v2_harsh_10001_vertical_mid_5411,0,0.26348546147346497
4,B2,v2_harsh_10001_vertical_mid_5445,0,0.2660217881202698
4,B2,v2_harsh_10001_vertical_mid_5475,0,0.24156314134597778
4,B2,v2_harsh_10001_clear_5603,0,0.247018963098526
4,B2,v2_harsh_10001_clear_5624,1,0.34425726532936096
4,B2,v2_harsh_10001_clear_5659,1,0.3934210538864136
4,B2,v2_harsh_10001_clear_5734,1,0.28670963644981384
4,B2,v2_harsh_10002_central_furniture_163,0,0.16545335948467255
4,B2,v2_harsh_10002_clear_227,0,0.1825999915599823
4,B2,v2_harsh_10002_vertical_mid_291,0,0.27728524804115295
4,B2,v2_harsh_10002_vertical_mid_483,0,0.24320966005325317
4,B2,v2_harsh_10002_central_furniture_727,0,0.19187404215335846
4,B2,v2_harsh_10002_vertical_mid_824,0,0.28435924649238586
4,B2,v2_harsh_10002_clear_867,1,0.28179359436035156
4,B2,v2_harsh_10002_clear_995,0,0.23505647480487823
4,B2,v2_harsh_10002_central_furniture_1100,1,0.2810991406440735
4,B2,v2_harsh_10002_central_furniture_1153,0,0.28311970829963684
4,B2,v2_harsh_10002_central_furniture_1187,0,0.31422629952430725
4,B2,v2_harsh_10002_vertical_mid_1443,0,0.19382381439208984
4,B2,v2_harsh_10002_vertical_mid_1533,1,0.2700115442276001
4,B2,v2_harsh_10002_vertical_mid_1590,1,0.2878485918045044
4,B2,v2_harsh_10002_vertical_mid_2211,0,0.28993239998817444
4,B2,v2_harsh_10002_vertical_mid_2403,0,0.24151474237442017
4,B2,v2_harsh_10002_clear_2467,0,0.17533989250659943
4,B2,v2_harsh_10002_central_furniture_2551,0,0.1476280838251114
4,B2,v2_harsh_10002_vertical_mid_2902,1,0.3358841836452484
4,B2,v2_harsh_10002_vertical_mid_3043,0,0.17817991971969604
4,B2,v2_harsh_10002_central_furniture_3137,1,0.2948935031890869
4,B2,v2_harsh_10002_clear_3527,1,0.26037079095840454
4,B2,v2_harsh_10002_vertical_mid_3555,1,0.3656807243824005
4,B2,v2_harsh_10002_clear_3747,0,0.3095771372318268
4,B2,v2_harsh_10002_vertical_mid_3802,1,0.2687247395515442
4,B2,v2_harsh_10002_central_furniture_3811,0,0.20980170369148254
4,B2,v2_harsh_10002_clear_3939,0,0.2997649610042572
4,B2,v2_harsh_10002_clear_4283,1,0.2998974323272705
4,B2,v2_harsh_10002_vertical_mid_4369,0,0.1823432892560959
4,B2,v2_harsh_10002_central_furniture_4387,0,0.18911948800086975
4,B2,v2_harsh_10002_clear_4579,0,0.2159499228000641
4,B2,v2_harsh_10002_vertical_mid_5326,0,0.24959193170070648
4,B2,v2_harsh_10002_vertical_mid_5347,0,0.2540438175201416
4,B2,v2_harsh_10002_vertical_mid_5411,0,0.2604343295097351
4,B2,v2_harsh_10002_clear_5462,1,0.265338271856308
4,B2,v2_harsh_10002_central_furniture_5745,1,0.2890041172504425
4,B2,v2_harsh_10003_central_furniture_163,0,0.18726441264152527
4,B2,v2_harsh_10003_clear_227,0,0.22707898914813995
4,B2,v2_harsh_10003_central_furniture_291,0,0.29323455691337585
4,B2,v2_harsh_10003_clear_580,1,0.4277968406677246
4,B2,v2_harsh_10003_vertical_mid_916,1,0.32003965973854065
4,B2,v2_harsh_10003_clear_931,0,0.322139710187912
4,B2,v2_harsh_10003_clear_1128,1,0.36054542660713196
4,B2,v2_harsh_10003_vertical_mid_1571,0,0.2533990740776062
4,B2,v2_harsh_10003_vertical_mid_1763,0,0.25052502751350403
4,B2,v2_harsh_10003_central_furniture_1888,1,0.4063556492328644
4,B2,v2_harsh_10003_vertical_mid_1944,1,0.27980491518974304
4,B2,v2_harsh_10003_central_furniture_2247,1,0.30273908376693726
4,B2,v2_harsh_10003_vertical_mid_2534,0,0.2614207863807678
4,B2,v2_harsh_10003_central_furniture_2595,0,0.1652064025402069
4,B2,v2_harsh_10003_central_furniture_2633,1,0.29082417488098145
4,B2,v2_harsh_10003_vertical_mid_2710,0,0.3097234070301056
4,B2,v2_harsh_10003_central_furniture_3363,0,0.21647949516773224
4,B2,v2_harsh_10003_clear_3415,0,0.19576618075370789
4,B2,v2_harsh_10003_central_furniture_3491,0,0.28816965222358704
4,B2,v2_harsh_10003_clear_3530,0,0.31070050597190857
4,B2,v2_harsh_10003_central_furniture_3542,1,0.2585493326187134
4,B2,v2_harsh_10003_vertical_mid_3555,0,0.24842409789562225
4,B2,v2_harsh_10003_clear_3665,1,0.2713780999183655
4,B2,v2_harsh_10003_central_furniture_3670,1,0.2629433572292328
4,B2,v2_harsh_10003_central_furniture_3683,0,0.1804375946521759
4,B2,v2_harsh_10003_vertical_mid_3747,0,0.23079566657543182
4,B2,v2_harsh_10003_vertical_mid_4195,0,0.24540166556835175
4,B2,v2_harsh_10003_vertical_mid_4282,0,0.3292289078235626
4,B2,v2_harsh_10003_central_furniture_4451,0,0.31125032901763916
4,B2,v2_harsh_10003_central_furniture_4643,0,0.13131083548069
4,B2,v2_harsh_10003_clear_4960,1,0.3720262050628662
4,B2,v2_harsh_10003_vertical_mid_5155,0,0.24753320217132568
4,B2,v2_harsh_10003_clear_5411,0,0.27852848172187805
4,B2,v2_harsh_10003_central_furniture_5858,0,0.2067686915397644
4,B2,v2_harsh_10003_central_furniture_5901,1,0.2523413300514221
4,B2,v2_harsh_10003_vertical_mid_5923,0,0.24029475450515747
4,B2,v2_harsh_10004_central_furniture_163,0,0.1424829214811325
4,B2,v2_harsh_10004_vertical_mid_184,1,0.21833762526512146
4,B2,v2_harsh_10004_vertical_mid_242,1,0.23714031279087067
4,B2,v2_harsh_10004_vertical_mid_249,0,0.21081700921058655
4,B2,v2_harsh_10004_vertical_mid_355,0,0.24885262548923492
4,B2,v2_harsh_10004_vertical_mid_464,1,0.2722923159599304
4,B2,v2_harsh_10004_vertical_mid_867,0,0.20481432974338531
4,B2,v2_harsh_10004_clear_931,0,0.1225699707865715
4,B2,v2_harsh_10004_vertical_mid_1059,0,0.23831215500831604
4,B2,v2_harsh_10004_central_furniture_1315,0,0.1861322671175003
4,B2,v2_harsh_10004_vertical_mid_1385,0,0.2529028654098511
4,B2,v2_harsh_10004_central_furniture_1443,0,0.20722420513629913
4,B2,v2_harsh_10004_vertical_mid_1827,0,0.2507246136665344
4,B2,v2_harsh_10004_central_furniture_1877,1,0.20860303938388824
4,B2,v2_harsh_10004_central_furniture_1977,1,0.2775779366493225
4,B2,v2_harsh_10004_vertical_mid_2147,0,0.21310190856456757
4,B2,v2_harsh_10004_clear_2275,0,0.3075008690357208
4,B2,v2_harsh_10004_vertical_mid_2531,0,0.24599339067935944
4,B2,v2_harsh_10004_central_furniture_2634,0,0.26632940769195557
4,B2,v2_harsh_10004_central_furniture_2659,0,0.19536077976226807
4,B2,v2_harsh_10004_central_furniture_3247,1,0.2729499042034149
4,B2,v2_harsh_10004_clear_3363,0,0.22231033444404602
4,B2,v2_harsh_10004_clear_3545,0,0.23392561078071594
4,B2,v2_harsh_10004_central_furniture_3619,0,0.2000742107629776
4,B2,v2_harsh_10004_vertical_mid_4347,1,0.32729580998420715
4,B2,v2_harsh_10004_clear_4387,0,0.2560007572174072
4,B2,v2_harsh_10004_central_furniture_4579,0,0.2579769194126129
4,B2,v2_harsh_10004_central_furniture_4781,1,0.27789825201034546
4,B2,v2_harsh_10004_central_furniture_4874,0,0.2709106206893921
4,B2,v2_harsh_10004_clear_4936,0,0.2912803888320923
4,B2,v2_harsh_10004_central_furniture_5091,0,0.3467019200325012
4,B2,v2_harsh_10004_central_furniture_5108,1,0.40169984102249146
4,B2,v2_harsh_10004_central_furniture_5383,1,0.2638206481933594
4,B2,v2_harsh_10004_clear_5540,1,0.4455075263977051
4,B2,v2_harsh_10004_clear_5667,0,0.14372731745243073
4,B2,v2_harsh_10004_vertical_mid_5888,1,0.27190494537353516
