seed,method,sample_id,label,score,threshold
0,B1,116,0,0.004914619494229555,0.8144004344940187
0,B1,1029,0,0.000527427822817117,0.8144004344940187
0,B1,444,0,0.11698700487613678,0.8144004344940187
0,B1,367,0,0.09546880424022675,0.8144004344940187
0,B1,1111,0,0.004329271148890257,0.8144004344940187
0,B1,334,0,0.6947272419929504,0.8144004344940187
0,B1,831,0,0.4292900562286377,0.8144004344940187
0,B1,287,0,0.003392324782907963,0.8144004344940187
0,B1,589,0,0.013398155570030212,0.8144004344940187
0,B1,204,0,0.000727528880815953,0.8144004344940187
0,B1,889,0,0.0016000010073184967,0.8144004344940187
0,B1,616,0,0.0038852207362651825,0.8144004344940187
0,B1,11,0,0.17821760475635529,0.8144004344940187
0,B1,1110,0,0.041868291795253754,0.8144004344940187
0,B1,1048,0,0.0753847062587738,0.8144004344940187
0,B1,434,0,0.0035517814103513956,0.8144004344940187
0,B1,725,0,0.005325313191860914,0.8144004344940187
0,B1,51,0,0.8636779189109802,0.8144004344940187
0,B1,826,0,0.05084830895066261,0.8144004344940187
0,B1,792,0,0.4409509301185608,0.8144004344940187
0,B1,1012,0,0.21054959297180176,0.8144004344940187
0,B1,968,0,0.004384446423500776,0.8144004344940187
0,B1,494,0,0.07088487595319748,0.8144004344940187
0,B1,810,0,0.13695140182971954,0.8144004344940187
0,B1,637,0,0.09518376737833023,0.8144004344940187
0,B1,706,0,0.08574261516332626,0.8144004344940187
0,B1,216,0,0.002598741091787815,0.8144004344940187
0,B1,1116,0,0.00119292875751853,0.8144004344940187
0,B1,851,0,0.004227046389132738,0.8144004344940187
0,B1,3,0,0.005368800833821297,0.8144004344940187
0,B1,304,0,0.012161619029939175,0.8144004344940187
0,B1,891,0,0.38072651624679565,0.8144004344940187
0,B1,1018,0,0.017959963530302048,0.8144004344940187
0,B1,337,0,0.0004824870848096907,0.8144004344940187
0,B1,1047,0,9.793450590223074e-05,0.8144004344940187
0,B1,1101,0,3.51289490936324e-05,0.8144004344940187
0,B1,606,0,7.484653178835288e-05,0.8144004344940187
0,B1,527,0,3.063901749555953e-05,0.8144004344940187
0,B1,882,0,0.000117523581138812,0.8144004344940187
0,B1,808,0,0.0002733637811616063,0.8144004344940187
0,B1,1121,0,0.00020554261573124677,0.8144004344940187
0,B1,523,0,0.00011346027895342559,0.8144004344940187
0,B1,104,0,0.00011945221194764599,0.8144004344940187
0,B1,188,0,0.0001083599345292896,0.8144004344940187
0,B1,714,0,9.938135190168396e-05,0.8144004344940187
0,B1,690,0,0.0001879132178146392,0.8144004344940187
0,B1,652,0,0.0005620658048428595,0.8144004344940187
0,B1,1120,0,0.0018267810810357332,0.8144004344940187
0,B1,834,0,0.003235315904021263,0.8144004344940187
0,B1,226,0,0.0017115346854552627,0.8144004344940187
0,B1,821,0,0.002028323709964752,0.8144004344940187
0,B1,476,0,0.0013630095636472106,0.8144004344940187
0,B1,1164,0,0.00151578348595649,0.8144004344940187
0,B1,453,0,0.003950668033212423,0.8144004344940187
0,B1,74,0,0.008055949583649635,0.8144004344940187
0,B1,33,0,0.025404833257198334,0.8144004344940187
0,B1,214,0,0.0025897466111928225,0.8144004344940187
0,B1,654,0,0.0014523403951898217,0.8144004344940187
0,B1,733,0,0.0071761514991521835,0.8144004344940187
0,B1,774,0,0.010376270860433578,0.8144004344940187
0,B1,203,0,0.006477611605077982,0.8144004344940187
0,B1,357,0,0.01108183991163969,0.8144004344940187
0,B1,625,0,0.010434851050376892,0.8144004344940187
0,B1,311,0,0.005587118212133646,0.8144004344940187
0,B1,489,0,0.01983286626636982,0.8144004344940187
0,B1,402,0,0.008400914259254932,0.8144004344940187
0,B1,1015,0,0.0009215987520292401,0.8144004344940187
0,B1,841,0,0.0008081011474132538,0.8144004344940187
0,B1,503,0,0.0005256017902866006,0.8144004344940187
0,B1,405,0,0.0007215649820864201,0.8144004344940187
0,B1,923,0,0.00045208618394099176,0.8144004344940187
0,B1,1055,0,0.0004633442731574178,0.8144004344940187
0,B1,747,0,0.0004584038397297263,0.8144004344940187
0,B1,1053,0,0.00032351783011108637,0.8144004344940187
0,B1,875,0,0.0003864857426378876,0.8144004344940187
0,B1,170,0,0.031547874212265015,0.8144004344940187
0,B1,790,0,0.8238648176193237,0.8144004344940187
0,B1,213,0,0.5666651725769043,0.8144004344940187
0,B1,559,0,0.7574332356452942,0.8144004344940187
0,B1,258,0,0.022374192252755165,0.8144004344940187
0,B1,732,0,0.002330270130187273,0.8144004344940187
0,B1,274,0,0.0012010049540549517,0.8144004344940187
0,B1,135,0,0.00011951904889428988,0.8144004344940187
0,B1,437,0,0.000153703847900033,0.8144004344940187
0,B1,328,0,0.00105491210706532,0.8144004344940187
0,B1,954,0,0.009232391603291035,0.8144004344940187
0,B1,307,0,0.12204442918300629,0.8144004344940187
0,B1,651,0,0.6931412816047668,0.8144004344940187
0,B1,1128,0,0.9189515709877014,0.8144004344940187
0,B1,626,0,0.8286223411560059,0.8144004344940187
0,B1,270,0,0.23989449441432953,0.8144004344940187
0,B1,530,0,0.3630666136741638,0.8144004344940187
0,B1,850,0,0.059806302189826965,0.8144004344940187
0,B1,62,0,0.016863906756043434,0.8144004344940187
0,B1,806,0,0.2773192524909973,0.8144004344940187
0,B1,1106,0,0.14669321477413177,0.8144004344940187
0,B1,75,0,0.57943195104599,0.8144004344940187
0,B1,1054,0,0.4967796504497528,0.8144004344940187
0,B1,28,0,0.8082951307296753,0.8144004344940187
0,B1,218,0,0.9153497219085693,0.8144004344940187
0,B1,699,0,0.9921464323997498,0.8144004344940187
0,B1,1135,0,0.9984980821609497,0.8144004344940187
0,B1,395,0,0.9888100028038025,0.8144004344940187
0,B1,1058,0,0.8495368361473083,0.8144004344940187
0,B1,93,0,0.14712366461753845,0.8144004344940187
0,B1,426,0,0.014092068187892437,0.8144004344940187
0,B1,339,0,0.0022419646847993135,0.8144004344940187
0,B1,303,0,0.1174217090010643,0.8144004344940187
0,B1,172,0,0.4481341242790222,0.8144004344940187
0,B1,365,0,0.6370468139648438,0.8144004344940187
0,B1,814,0,0.9153555035591125,0.8144004344940187
0,B1,190,0,0.895473837852478,0.8144004344940187
0,B1,167,0,0.5871092081069946,0.8144004344940187
0,B1,950,0,8.00946867065989e-36,0.8144004344940187
0,B1,153,0,3.3709915669075156e-36,0.8144004344940187
0,B1,280,0,5.330329499833587e-36,0.8144004344940187
0,B1,1026,0,7.931994667678419e-36,0.8144004344940187
0,B1,479,0,1.1795036876943976e-35,0.8144004344940187
0,B1,845,0,2.0257685022551003e-35,0.8144004344940187
0,B1,650,0,3.075219208572396e-35,0.8144004344940187
0,B1,412,0,1.953923154230337e-35,0.8144004344940187
0,B1,324,0,1.673895059007247e-35,0.8144004344940187
0,B1,72,0,2.0603873274614826e-35,0.8144004344940187
0,B1,383,0,1.7327713695659863e-35,0.8144004344940187
0,B1,327,0,2.577806592928911e-35,0.8144004344940187
0,B1,197,0,2.1783623626712185e-35,0.8144004344940187
0,B1,377,0,3.215336068891749e-35,0.8144004344940187
0,B1,755,0,3.326728794914361e-35,0.8144004344940187
0,B1,1125,0,1.2443087543921339e-34,0.8144004344940187
0,B1,946,0,5.799036204786599e-35,0.8144004344940187
0,B1,1040,0,6.292249068396409e-35,0.8144004344940187
0,B1,84,0,3.420853864785941e-35,0.8144004344940187
0,B1,252,0,1.483792281622062e-35,0.8144004344940187
0,B1,187,0,1.331382666170111e-35,0.8144004344940187
0,B1,67,0,1.245861147358907e-35,0.8144004344940187
0,B1,1089,0,1.5561285190723824e-35,0.8144004344940187
0,B1,900,0,1.6809721319299223e-35,0.8144004344940187
0,B1,771,0,1.2428895515933823e-35,0.8144004344940187
0,B1,64,0,1.885359203277669e-35,0.8144004344940187
0,B1,938,0,3.805277251703292e-35,0.8144004344940187
0,B1,20,0,8.495359088380727e-35,0.8144004344940187
0,B1,642,0,6.924299983041571e-35,0.8144004344940187
0,B1,727,0,3.6088164446317566e-35,0.8144004344940187
0,B1,498,0,1.5331253057073958e-35,0.8144004344940187
0,B1,512,0,4.3117138527880016e-35,0.8144004344940187
0,B1,735,0,3.2702588613408866e-35,0.8144004344940187
0,B1,438,0,9.073394086101313e-35,0.8144004344940187
0,B1,17,0,9.020798175536078e-35,0.8144004344940187
0,B1,798,0,4.2104838723589733e-35,0.8144004344940187
0,B1,391,0,5.876935664402615e-35,0.8144004344940187
0,B1,730,0,1.450438059896368e-35,0.8144004344940187
0,B1,199,0,2.766236672847356e-35,0.8144004344940187
0,B1,288,0,1.7498692735420885e-35,0.8144004344940187
0,B1,820,0,1.1235856280556477e-35,0.8144004344940187
0,B1,184,0,9.683253814057673e-36,0.8144004344940187
0,B1,142,0,2.4020100639295882e-35,0.8144004344940187
0,B1,15,0,3.2933440091876017e-35,0.8144004344940187
0,B1,399,0,4.854007623347599e-35,0.8144004344940187
0,B1,1039,0,7.397244178677461e-35,0.8144004344940187
0,B1,46,0,4.7940542546104815e-35,0.8144004344940187
0,B1,786,0,6.050550669889298e-35,0.8144004344940187
0,B1,1097,0,3.268787197514955e-35,0.8144004344940187
0,B1,1079,0,1.623682566553238e-35,0.8144004344940187
0,B1,1152,0,1.877378555168577e-35,0.8144004344940187
0,B1,504,0,8.504985026800675e-36,0.8144004344940187
0,B1,283,0,4.789938589452976e-36,0.8144004344940187
0,B1,309,0,3.620631655184333e-36,0.8144004344940187
0,B1,560,0,4.6658971740036724e-36,0.8144004344940187
0,B1,234,0,5.738451108280989e-36,0.8144004344940187
0,B1,238,1,1.0,0.8144004344940187
0,B1,813,1,1.0,0.8144004344940187
0,B1,30,1,1.0,0.8144004344940187
0,B1,1046,1,1.0,0.8144004344940187
0,B1,594,1,1.0,0.8144004344940187
0,B1,193,1,0.9999998807907104,0.8144004344940187
0,B1,876,1,1.0,0.8144004344940187
0,B1,360,1,1.0,0.8144004344940187
0,B1,474,1,1.0,0.8144004344940187
0,B1,388,1,1.0,0.8144004344940187
0,B1,449,1,1.0,0.8144004344940187
0,B1,1165,1,1.0,0.8144004344940187
0,B1,180,1,0.9999998807907104,0.8144004344940187
0,B1,519,1,0.9999998807907104,0.8144004344940187
0,B1,443,1,0.9999997615814209,0.8144004344940187
0,B1,185,1,0.9999988079071045,0.8144004344940187
0,B1,211,1,0.9999932050704956,0.8144004344940187
0,B1,1001,1,0.999963641166687,0.8144004344940187
0,B1,257,1,0.9999282360076904,0.8144004344940187
0,B1,397,1,0.9999347925186157,0.8144004344940187
0,B1,918,1,0.9999374151229858,0.8144004344940187
0,B1,441,1,0.9999455213546753,0.8144004344940187
0,B1,854,1,0.9999250173568726,0.8144004344940187
0,B1,160,1,0.9999122619628906,0.8144004344940187
0,B1,837,1,0.999932050704956,0.8144004344940187
0,B1,922,1,0.9999678134918213,0.8144004344940187
0,B1,26,1,0.9999825954437256,0.8144004344940187
0,B1,644,1,0.9999914169311523,0.8144004344940187
0,B1,41,1,0.9999932050704956,0.8144004344940187
0,B1,741,1,0.9999852180480957,0.8144004344940187
0,B1,748,1,0.9999995231628418,0.8144004344940187
0,B1,244,1,0.9999997615814209,0.8144004344940187
0,B1,995,1,1.0,0.8144004344940187
0,B1,321,1,1.0,0.8144004344940187
0,B1,686,1,1.0,0.8144004344940187
0,B1,881,1,1.0,0.8144004344940187
0,B1,991,1,0.9999995231628418,0.8144004344940187
0,B1,896,1,0.9999949932098389,0.8144004344940187
0,B1,1094,1,0.9999759197235107,0.8144004344940187
0,B1,868,1,0.9999617338180542,0.8144004344940187
0,B1,791,1,0.9999675750732422,0.8144004344940187
0,B1,568,1,0.9999442100524902,0.8144004344940187
0,B1,148,1,0.9999152421951294,0.8144004344940187
0,B1,663,1,0.9999037981033325,0.8144004344940187
0,B1,1137,1,0.9999176263809204,0.8144004344940187
0,B1,147,1,0.9999189376831055,0.8144004344940187
0,B1,981,1,0.9999160766601562,0.8144004344940187
0,B1,1056,1,0.9999476671218872,0.8144004344940187
0,B1,778,1,0.9999405145645142,0.8144004344940187
0,B1,82,1,0.9999600648880005,0.8144004344940187
0,B1,393,1,0.9999656677246094,0.8144004344940187
0,B1,979,1,0.999963641166687,0.8144004344940187
0,B1,1093,1,0.9999693632125854,0.8144004344940187
0,B1,782,1,0.9999779462814331,0.8144004344940187
0,B1,159,1,0.9999840259552002,0.8144004344940187
0,B1,332,1,0.9999908208847046,0.8144004344940187
0,B1,442,1,0.9999901056289673,0.8144004344940187
1,B1,38,0,0.028310364112257957,0.9989646673202516
1,B1,939,0,0.06007331237196922,0.9989646673202516
1,B1,164,0,0.05402575060725212,0.9989646673202516
1,B1,1090,0,0.1819819211959839,0.9989646673202516
1,B1,563,0,0.20229467749595642,0.9989646673202516
1,B1,1126,0,0.3219454288482666,0.9989646673202516
1,B1,558,0,0.3218165338039398,0.9989646673202516
1,B1,182,0,0.2782617211341858,0.9989646673202516
1,B1,632,0,0.7902216911315918,0.9989646673202516
1,B1,446,0,0.965643048286438,0.9989646673202516
1,B1,278,0,0.9512171149253845,0.9989646673202516
1,B1,739,0,0.9732325673103333,0.9989646673202516
1,B1,1133,0,0.9210050702095032,0.9989646673202516
1,B1,695,0,0.9554189443588257,0.9989646673202516
1,B1,492,0,0.9645496010780334,0.9989646673202516
1,B1,301,0,0.8442206978797913,0.9989646673202516
1,B1,941,0,0.8370431065559387,0.9989646673202516
1,B1,314,0,0.7737854719161987,0.9989646673202516
1,B1,919,0,0.8571017384529114,0.9989646673202516
1,B1,122,0,0.7882176637649536,0.9989646673202516
1,B1,729,0,0.8367744088172913,0.9989646673202516
1,B1,1108,0,0.7200957536697388,0.9989646673202516
1,B1,689,0,0.5394662618637085,0.9989646673202516
1,B1,684,0,0.6256310343742371,0.9989646673202516
1,B1,830,0,0.6244751214981079,0.9989646673202516
1,B1,858,0,0.7845567464828491,0.9989646673202516
1,B1,1171,0,0.9267041087150574,0.9989646673202516
1,B1,912,0,0.9078793525695801,0.9989646673202516
1,B1,1075,0,0.8918760418891907,0.9989646673202516
1,B1,871,0,0.38925936818122864,0.9989646673202516
1,B1,760,0,0.01347410399466753,0.9989646673202516
1,B1,387,0,0.0008261891198344529,0.9989646673202516
1,B1,1011,0,0.0001699201384326443,0.9989646673202516
1,B1,768,0,0.00020261415920685977,0.9989646673202516
1,B1,57,0,0.006934179924428463,0.9989646673202516
1,B1,245,0,0.0027923411689698696,0.9989646673202516
1,B1,983,0,0.0025299927219748497,0.9989646673202516
1,B1,83,0,0.557046115398407,0.9989646673202516
1,B1,819,0,0.011062326841056347,0.9989646673202516
1,B1,1036,0,0.0008652963442727923,0.9989646673202516
1,B1,1139,0,0.00020969258912373334,0.9989646673202516
1,B1,658,0,3.4803633752744645e-05,0.9989646673202516
1,B1,675,0,6.788085011066869e-05,0.9989646673202516
1,B1,1147,0,0.0001535371848149225,0.9989646673202516
1,B1,470,0,0.001298711635172367,0.9989646673202516
1,B1,133,0,0.0005871265311725438,0.9989646673202516
1,B1,1159,0,0.0009108654339797795,0.9989646673202516
1,B1,1141,0,0.0009872150840237737,0.9989646673202516
1,B1,533,0,0.00014245588681660593,0.9989646673202516
1,B1,232,0,0.00015074781549628824,0.9989646673202516
1,B1,812,0,7.073261076584458e-05,0.9989646673202516
1,B1,329,0,2.580161890364252e-05,0.9989646673202516
1,B1,499,0,4.840825204155408e-05,0.9989646673202516
1,B1,583,0,7.020620978437364e-05,0.9989646673202516
1,B1,271,0,9.877043339656666e-05,0.9989646673202516
1,B1,53,0,0.00017825746908783913,0.9989646673202516
1,B1,848,0,8.049423922784626e-05,0.9989646673202516
1,B1,926,0,0.027844034135341644,0.9989646673202516
1,B1,701,0,0.012635558843612671,0.9989646673202516
1,B1,937,0,0.004918829072266817,0.9989646673202516
1,B1,590,0,0.000631485425401479,0.9989646673202516
1,B1,401,0,0.0008452727925032377,0.9989646673202516
1,B1,794,0,0.0013218855019658804,0.9989646673202516
1,B1,707,0,0.0007555052870884538,0.9989646673202516
1,B1,417,0,0.0021993592381477356,0.9989646673202516
1,B1,960,0,0.0004687090404331684,0.9989646673202516
1,B1,490,0,0.0004000167245976627,0.9989646673202516
1,B1,198,0,0.0006936664576642215,0.9989646673202516
1,B1,225,0,0.00063529540784657,0.9989646673202516
1,B1,746,0,0.0004550341982394457,0.9989646673202516
1,B1,648,0,0.000318966485792771,0.9989646673202516
1,B1,1178,0,0.0001563066034577787,0.9989646673202516
1,B1,137,0,0.00020326719095464796,0.9989646673202516
1,B1,575,0,0.0010994733311235905,0.9989646673202516
1,B1,103,0,0.0041055381298065186,0.9989646673202516
1,B1,308,0,0.05199980363249779,0.9989646673202516
1,B1,88,0,0.014945633709430695,0.9989646673202516
1,B1,1156,0,0.009486062452197075,0.9989646673202516
1,B1,1145,0,0.002675523515790701,0.9989646673202516
1,B1,336,0,0.005568766035139561,0.9989646673202516
1,B1,105,0,0.0238957442343235,0.9989646673202516
1,B1,670,0,0.02994287759065628,0.9989646673202516
1,B1,828,0,0.04602763056755066,0.9989646673202516
1,B1,458,0,0.12183182686567307,0.9989646673202516
1,B1,990,0,0.10003136843442917,0.9989646673202516
1,B1,346,0,0.0743846669793129,0.9989646673202516
1,B1,967,0,0.009034793823957443,0.9989646673202516
1,B1,94,0,0.010368535295128822,0.9989646673202516
1,B1,1071,0,0.004945315420627594,0.9989646673202516
1,B1,189,0,0.016158318147063255,0.9989646673202516
1,B1,1188,0,0.04794805869460106,0.9989646673202516
1,B1,957,0,0.0437118336558342,0.9989646673202516
1,B1,591,0,0.06736674159765244,0.9989646673202516
1,B1,883,0,0.023215031251311302,0.9989646673202516
1,B1,777,0,0.047515492886304855,0.9989646673202516
1,B1,669,0,0.013630080968141556,0.9989646673202516
1,B1,958,0,0.008156771771609783,0.9989646673202516
1,B1,673,0,0.0005647280486300588,0.9989646673202516
1,B1,886,0,0.0093503063544631,0.9989646673202516
1,B1,435,0,0.006919654086232185,0.9989646673202516
1,B1,1007,0,0.004045778885483742,0.9989646673202516
1,B1,737,0,0.054655157029628754,0.9989646673202516
1,B1,14,0,0.026675069704651833,0.9989646673202516
1,B1,157,0,0.03657553344964981,0.9989646673202516
1,B1,874,0,0.058174245059490204,0.9989646673202516
1,B1,984,0,0.053016554564237595,0.9989646673202516
1,B1,176,0,0.0263596810400486,0.9989646673202516
1,B1,570,0,0.02834046445786953,0.9989646673202516
1,B1,235,0,0.007684342097491026,0.9989646673202516
1,B1,740,0,0.007698831148445606,0.9989646673202516
1,B1,99,0,0.007724907714873552,0.9989646673202516
1,B1,406,0,0.0021697981283068657,0.9989646673202516
1,B1,1180,0,0.0028089648112654686,0.9989646673202516
1,B1,205,0,2.2422055805347805e-24,0.9989646673202516
1,B1,63,0,2.757339443037927e-24,0.9989646673202516
1,B1,595,0,2.410459159211428e-24,0.9989646673202516
1,B1,506,0,1.2539930164619509e-24,0.9989646673202516
1,B1,947,0,1.124453772785156e-24,0.9989646673202516
1,B1,1149,0,7.650664937368304e-25,0.9989646673202516
1,B1,236,0,1.1187546471753867e-24,0.9989646673202516
1,B1,1087,0,1.087756259297114e-24,0.9989646673202516
1,B1,108,0,1.2523532704628359e-24,0.9989646673202516
1,B1,97,0,1.284235083947343e-24,0.9989646673202516
1,B1,697,0,1.1477300012622203e-24,0.9989646673202516
1,B1,111,0,1.7492984656819148e-24,0.9989646673202516
1,B1,325,0,2.0236790796597556e-24,0.9989646673202516
1,B1,422,0,1.686897793141896e-24,0.9989646673202516
1,B1,847,0,1.636619841955248e-24,0.9989646673202516
1,B1,843,0,1.5195906503362873e-24,0.9989646673202516
1,B1,374,0,3.0311763346368443e-24,0.9989646673202516
1,B1,561,0,1.9371463631681208e-24,0.9989646673202516
1,B1,959,0,1.736665449930479e-24,0.9989646673202516
1,B1,37,0,2.6227441926043443e-24,0.9989646673202516
1,B1,102,0,2.435163521749782e-24,0.9989646673202516
1,B1,371,0,2.998400347316269e-24,0.9989646673202516
1,B1,945,0,3.356269069122044e-24,0.9989646673202516
1,B1,664,0,1.9874997491788306e-24,0.9989646673202516
1,B1,948,0,2.9480207316804607e-24,0.9989646673202516
1,B1,978,0,1.3554966366052569e-24,0.9989646673202516
1,B1,502,0,1.3351792281684502e-24,0.9989646673202516
1,B1,1158,0,1.5321108589782762e-24,0.9989646673202516
1,B1,318,0,1.3228799005799231e-24,0.9989646673202516
1,B1,100,0,1.6844671154776837e-24,0.9989646673202516
1,B1,1181,0,2.7259534286323513e-24,0.9989646673202516
1,B1,829,0,1.827244628435445e-24,0.9989646673202516
1,B1,390,0,1.0537226304783901e-24,0.9989646673202516
1,B1,520,0,1.1920262174198037e-24,0.9989646673202516
1,B1,540,0,1.6712947160823033e-24,0.9989646673202516
1,B1,872,0,2.0388508470194187e-24,0.9989646673202516
1,B1,612,0,1.8437408932549743e-24,0.9989646673202516
1,B1,534,0,4.983021345836722e-24,0.9989646673202516
1,B1,702,0,6.117284603978301e-24,0.9989646673202516
1,B1,1021,0,8.32191062592539e-24,0.9989646673202516
1,B1,1006,0,5.297563460145043e-24,0.9989646673202516
1,B1,1080,0,9.306130962172122e-25,0.9989646673202516
1,B1,433,0,2.380904485397323e-24,0.9989646673202516
1,B1,1166,0,8.055306948272294e-21,0.9989646673202516
1,B1,1084,0,7.637269289206827e-12,0.9989646673202516
1,B1,1129,0,2.8706806915579364e-05,0.9989646673202516
1,B1,1150,0,0.012914418242871761,0.9989646673202516
1,B1,630,0,0.12772762775421143,0.9989646673202516
1,B1,1060,0,0.11493241786956787,0.9989646673202516
1,B1,824,0,0.21957485377788544,0.9989646673202516
1,B1,120,0,0.34596148133277893,0.9989646673202516
1,B1,78,0,0.4429880380630493,0.9989646673202516
1,B1,477,0,0.47995424270629883,0.9989646673202516
1,B1,114,0,0.39110544323921204,0.9989646673202516
1,B1,870,0,0.30492323637008667,0.9989646673202516
1,B1,596,0,0.21101276576519012,0.9989646673202516
1,B1,279,0,0.3002586364746094,0.9989646673202516
1,B1,704,1,1.0,0.9989646673202516
1,B1,639,1,0.9999998807907104,0.9989646673202516
1,B1,8,1,1.0,0.9989646673202516
1,B1,593,1,0.9999998807907104,0.9989646673202516
1,B1,720,1,0.9999997615814209,0.9989646673202516
1,B1,752,1,0.9999998807907104,0.9989646673202516
1,B1,688,1,0.9999996423721313,0.9989646673202516
1,B1,92,1,0.9999994039535522,0.9989646673202516
1,B1,567,1,0.9999995231628418,0.9989646673202516
1,B1,603,1,0.9999994039535522,0.9989646673202516
1,B1,1112,1,0.9999943971633911,0.9989646673202516
1,B1,163,1,0.9999988079071045,0.9989646673202516
1,B1,862,1,0.9999995231628418,0.9989646673202516
1,B1,4,1,0.999998927116394,0.9989646673202516
1,B1,505,1,0.9999994039535522,0.9989646673202516
1,B1,416,1,0.9999990463256836,0.9989646673202516
1,B1,473,1,0.9999967813491821,0.9989646673202516
1,B1,758,1,0.9999804496765137,0.9989646673202516
1,B1,657,1,0.9999833106994629,0.9989646673202516
1,B1,1072,1,0.9999402761459351,0.9989646673202516
1,B1,85,1,0.9999830722808838,0.9989646673202516
1,B1,386,1,0.9999953508377075,0.9989646673202516
1,B1,136,1,0.9999895095825195,0.9989646673202516
1,B1,127,1,0.9999979734420776,0.9989646673202516
1,B1,888,1,0.9999994039535522,0.9989646673202516
1,B1,73,1,0.9999994039535522,0.9989646673202516
1,B1,141,1,0.9999994039535522,0.9989646673202516
1,B1,817,1,0.9999995231628418,0.9989646673202516
1,B1,671,1,0.9999994039535522,0.9989646673202516
1,B1,194,1,0.9999997615814209,0.9989646673202516
1,B1,451,1,1.0,0.9989646673202516
1,B1,538,1,1.0,0.9989646673202516
1,B1,712,1,1.0,0.9989646673202516
1,B1,34,1,1.0,0.9989646673202516
1,B1,10,1,1.0,0.9989646673202516
1,B1,1020,1,1.0,0.9989646673202516
1,B1,277,1,1.0,0.9989646673202516
1,B1,525,1,1.0,0.9989646673202516
1,B1,44,1,0.9999995231628418,0.9989646673202516
1,B1,353,1,0.9999969005584717,0.9989646673202516
1,B1,860,1,0.9999963045120239,0.9989646673202516
1,B1,572,1,0.999996542930603,0.9989646673202516
1,B1,497,1,0.9999963045120239,0.9989646673202516
1,B1,392,1,0.9999971389770508,0.9989646673202516
1,B1,677,1,0.9999966621398926,0.9989646673202516
1,B1,1115,1,0.9999803304672241,0.9989646673202516
1,B1,586,1,0.9999970197677612,0.9989646673202516
1,B1,145,1,0.9999982118606567,0.9989646673202516
1,B1,486,1,0.9999978542327881,0.9989646673202516
1,B1,656,1,0.9999983310699463,0.9989646673202516
1,B1,296,1,0.9999916553497314,0.9989646673202516
1,B1,151,1,0.9999871253967285,0.9989646673202516
1,B1,1059,1,0.9999699592590332,0.9989646673202516
1,B1,415,1,0.9999021291732788,0.9989646673202516
1,B1,807,1,0.999976396560669,0.9989646673202516
1,B1,69,1,0.9999901056289673,0.9989646673202516
2,B1,144,0,0.03394904360175133,0.8736566305160524
2,B1,32,0,0.04147638753056526,0.8736566305160524
2,B1,1022,0,0.04125461354851723,0.8736566305160524
2,B1,647,0,0.036626189947128296,0.8736566305160524
2,B1,565,0,0.051750846207141876,0.8736566305160524
2,B1,526,0,0.258553683757782,0.8736566305160524
2,B1,118,0,0.0921115055680275,0.8736566305160524
2,B1,181,0,0.1059117242693901,0.8736566305160524
2,B1,718,0,0.0549900084733963,0.8736566305160524
2,B1,973,0,0.03827213868498802,0.8736566305160524
2,B1,679,0,0.04989098384976387,0.8736566305160524
2,B1,1148,0,0.18206672370433807,0.8736566305160524
2,B1,2,0,0.053120821714401245,0.8736566305160524
2,B1,27,0,0.07790031284093857,0.8736566305160524
2,B1,396,0,0.07851515710353851,0.8736566305160524
2,B1,1005,0,0.04403666779398918,0.8736566305160524
2,B1,935,0,0.3733295798301697,0.8736566305160524
2,B1,177,0,0.13563084602355957,0.8736566305160524
2,B1,809,0,0.14543232321739197,0.8736566305160524
2,B1,964,0,0.0936788022518158,0.8736566305160524
2,B1,569,0,0.03883330151438713,0.8736566305160524
2,B1,825,0,0.028148174285888672,0.8736566305160524
2,B1,251,0,0.031179575249552727,0.8736566305160524
2,B1,154,0,0.03074566274881363,0.8736566305160524
2,B1,298,0,0.02965972200036049,0.8736566305160524
2,B1,19,0,0.034530628472566605,0.8736566305160524
2,B1,260,0,0.03120298497378826,0.8736566305160524
2,B1,715,0,0.03453141078352928,0.8736566305160524
2,B1,273,0,0.030770326033234596,0.8736566305160524
2,B1,294,0,0.025456367060542107,0.8736566305160524
2,B1,468,0,0.023623181506991386,0.8736566305160524
2,B1,407,0,0.02910633012652397,0.8736566305160524
2,B1,463,0,0.035267747938632965,0.8736566305160524
2,B1,361,0,0.040150053799152374,0.8736566305160524
2,B1,195,0,0.04422571137547493,0.8736566305160524
2,B1,86,0,0.040062446147203445,0.8736566305160524
2,B1,16,0,0.03226255625486374,0.8736566305160524
2,B1,1032,0,0.03053690679371357,0.8736566305160524
2,B1,833,0,0.032004084438085556,0.8736566305160524
2,B1,129,0,0.03526909649372101,0.8736566305160524
2,B1,1132,0,0.032258156687021255,0.8736566305160524
2,B1,1173,0,0.0356609933078289,0.8736566305160524
2,B1,1123,0,0.04022207856178284,0.8736566305160524
2,B1,183,0,0.07068948447704315,0.8736566305160524
2,B1,282,0,0.05478322133421898,0.8736566305160524
2,B1,340,0,0.03414742276072502,0.8736566305160524
2,B1,553,0,0.019884366542100906,0.8736566305160524
2,B1,1063,0,0.032634466886520386,0.8736566305160524
2,B1,576,0,0.06092299148440361,0.8736566305160524
2,B1,823,0,0.10592037439346313,0.8736566305160524
2,B1,364,0,0.1234128475189209,0.8736566305160524
2,B1,1170,0,0.04456362873315811,0.8736566305160524
2,B1,863,0,0.022383933886885643,0.8736566305160524
2,B1,250,0,0.041142888367176056,0.8736566305160524
2,B1,414,0,0.0774732306599617,0.8736566305160524
2,B1,341,0,0.14850196242332458,0.8736566305160524
2,B1,106,0,0.09789616614580154,0.8736566305160524
2,B1,81,0,0.03596841171383858,0.8736566305160524
2,B1,1027,0,0.04114159941673279,0.8736566305160524
2,B1,609,0,0.11587774008512497,0.8736566305160524
2,B1,769,0,0.27466055750846863,0.8736566305160524
2,B1,45,0,0.3778400123119354,0.8736566305160524
2,B1,585,0,0.2979772984981537,0.8736566305160524
2,B1,221,0,0.24144133925437927,0.8736566305160524
2,B1,655,0,0.12389097362756729,0.8736566305160524
2,B1,242,0,0.3361464738845825,0.8736566305160524
2,B1,676,0,0.14205525815486908,0.8736566305160524
2,B1,997,0,0.016467036679387093,0.8736566305160524
2,B1,890,0,0.004995732102543116,0.8736566305160524
2,B1,518,0,0.0058518582955002785,0.8736566305160524
2,B1,493,0,0.00957492645829916,0.8736566305160524
2,B1,800,0,0.008656186982989311,0.8736566305160524
2,B1,130,0,0.012202759273350239,0.8736566305160524
2,B1,31,0,0.05718551576137543,0.8736566305160524
2,B1,209,0,0.21566279232501984,0.8736566305160524
2,B1,1134,0,0.6094909310340881,0.8736566305160524
2,B1,459,0,0.0799228698015213,0.8736566305160524
2,B1,524,0,0.049530286341905594,0.8736566305160524
2,B1,389,0,0.07040440291166306,0.8736566305160524
2,B1,423,0,0.07332725822925568,0.8736566305160524
2,B1,261,0,0.0726771429181099,0.8736566305160524
2,B1,43,0,0.0874016210436821,0.8736566305160524
2,B1,384,0,0.107723169028759,0.8736566305160524
2,B1,910,0,0.08693122863769531,0.8736566305160524
2,B1,248,0,0.07233389467000961,0.8736566305160524
2,B1,462,0,0.0504862517118454,0.8736566305160524
2,B1,331,0,0.04815157875418663,0.8736566305160524
2,B1,623,0,0.07561124116182327,0.8736566305160524
2,B1,418,0,0.07865957170724869,0.8736566305160524
2,B1,452,0,0.08983982354402542,0.8736566305160524
2,B1,77,0,0.09485875815153122,0.8736566305160524
2,B1,191,0,0.15607234835624695,0.8736566305160524
2,B1,785,0,0.16705434024333954,0.8736566305160524
2,B1,355,0,0.16828881204128265,0.8736566305160524
2,B1,1113,0,0.17073825001716614,0.8736566305160524
2,B1,999,0,0.17543241381645203,0.8736566305160524
2,B1,522,0,0.12884105741977692,0.8736566305160524
2,B1,694,0,0.12408460676670074,0.8736566305160524
2,B1,1163,0,0.1165308877825737,0.8736566305160524
2,B1,1105,0,0.05752874165773392,0.8736566305160524
2,B1,1117,0,0.05988692492246628,0.8736566305160524
2,B1,1067,0,0.08578965812921524,0.8736566305160524
2,B1,230,0,0.11812156438827515,0.8736566305160524
2,B1,65,0,0.19402533769607544,0.8736566305160524
2,B1,25,0,0.22690841555595398,0.8736566305160524
2,B1,206,0,0.24761706590652466,0.8736566305160524
2,B1,1074,0,0.18457894027233124,0.8736566305160524
2,B1,454,0,0.1379309743642807,0.8736566305160524
2,B1,408,0,0.17141392827033997,0.8736566305160524
2,B1,217,0,0.21998924016952515,0.8736566305160524
2,B1,745,0,0.2756788730621338,0.8736566305160524
2,B1,985,0,0.2998719811439514,0.8736566305160524
2,B1,510,0,0.2244495004415512,0.8736566305160524
2,B1,949,0,0.1338573694229126,0.8736566305160524
2,B1,478,0,0.0023660443257540464,0.8736566305160524
2,B1,914,0,0.0022354519460350275,0.8736566305160524
2,B1,447,0,0.002288264688104391,0.8736566305160524
2,B1,998,0,0.0017711544642224908,0.8736566305160524
2,B1,628,0,0.0015762792900204659,0.8736566305160524
2,B1,1172,0,0.0012383898720145226,0.8736566305160524
2,B1,12,0,0.0014450699090957642,0.8736566305160524
2,B1,1182,0,0.0028001528698951006,0.8736566305160524
2,B1,1016,0,0.002388354856520891,0.8736566305160524
2,B1,420,0,0.002618636703118682,0.8736566305160524
2,B1,1025,0,0.001762316096574068,0.8736566305160524
2,B1,429,0,0.0012588028330355883,0.8736566305160524
2,B1,362,0,0.0013297300320118666,0.8736566305160524
2,B1,1081,0,0.000982863362878561,0.8736566305160524
2,B1,249,0,0.0009552778792567551,0.8736566305160524
2,B1,622,0,0.0014105341397225857,0.8736566305160524
2,B1,577,0,0.002398468554019928,0.8736566305160524
2,B1,359,0,0.002582765882834792,0.8736566305160524
2,B1,455,0,0.0021802219562232494,0.8736566305160524
2,B1,338,0,0.0015107195358723402,0.8736566305160524
2,B1,961,0,0.0012133440468460321,0.8736566305160524
2,B1,156,0,0.0010195061331614852,0.8736566305160524
2,B1,315,0,0.0018876781687140465,0.8736566305160524
2,B1,400,0,0.0018828337779268622,0.8736566305160524
2,B1,373,0,0.035628318786621094,0.8736566305160524
2,B1,409,0,0.8149943351745605,0.8736566305160524
2,B1,1127,0,0.7641136050224304,0.8736566305160524
2,B1,804,0,0.4096333682537079,0.8736566305160524
2,B1,839,0,0.19233450293540955,0.8736566305160524
2,B1,976,0,0.21083764731884003,0.8736566305160524
2,B1,128,0,0.1747841089963913,0.8736566305160524
2,B1,1049,0,0.1727498322725296,0.8736566305160524
2,B1,421,0,0.22772625088691711,0.8736566305160524
2,B1,496,0,0.20782648026943207,0.8736566305160524
2,B1,91,0,0.18680889904499054,0.8736566305160524
2,B1,36,0,0.15178163349628448,0.8736566305160524
2,B1,439,0,0.19184979796409607,0.8736566305160524
2,B1,765,0,0.24266694486141205,0.8736566305160524
2,B1,641,0,0.2659755349159241,0.8736566305160524
2,B1,168,0,0.21294032037258148,0.8736566305160524
2,B1,776,0,0.17204377055168152,0.8736566305160524
2,B1,139,0,0.11929896473884583,0.8736566305160524
2,B1,796,0,0.10555679351091385,0.8736566305160524
2,B1,531,0,0.11832022666931152,0.8736566305160524
2,B1,514,0,0.11161436885595322,0.8736566305160524
2,B1,977,0,0.11289877444505692,0.8736566305160524
2,B1,682,0,0.10314377397298813,0.8736566305160524
2,B1,685,0,0.12365877628326416,0.8736566305160524
2,B1,231,0,0.13238833844661713,0.8736566305160524
2,B1,471,0,0.11926543712615967,0.8736566305160524
2,B1,466,0,0.12134157121181488,0.8736566305160524
2,B1,96,0,0.11970443278551102,0.8736566305160524
2,B1,1045,0,0.13134728372097015,0.8736566305160524
2,B1,1086,0,0.1382579356431961,0.8736566305160524
2,B1,853,0,0.117022804915905,0.8736566305160524
2,B1,268,0,0.1172381043434143,0.8736566305160524
2,B1,107,0,0.09893613308668137,0.8736566305160524
2,B1,562,1,0.999955415725708,0.8736566305160524
2,B1,143,1,0.9999563694000244,0.8736566305160524
2,B1,764,1,0.999879002571106,0.8736566305160524
2,B1,6,1,0.9998726844787598,0.8736566305160524
2,B1,552,1,0.9999034404754639,0.8736566305160524
2,B1,240,1,0.9999394416809082,0.8736566305160524
2,B1,797,1,0.999927282333374,0.8736566305160524
2,B1,507,1,0.9998669624328613,0.8736566305160524
2,B1,1031,1,0.9997697472572327,0.8736566305160524
2,B1,228,1,0.9995384216308594,0.8736566305160524
2,B1,894,1,0.9996588230133057,0.8736566305160524
2,B1,864,1,0.9997780919075012,0.8736566305160524
2,B1,125,1,0.9998512268066406,0.8736566305160524
2,B1,1038,1,0.999804675579071,0.8736566305160524
2,B1,788,1,0.9998013377189636,0.8736566305160524
2,B1,924,1,0.9997705817222595,0.8736566305160524
2,B1,42,1,0.9998241066932678,0.8736566305160524
2,B1,175,1,0.9997865557670593,0.8736566305160524
2,B1,363,1,0.999850869178772,0.8736566305160524
2,B1,953,1,0.9998505115509033,0.8736566305160524
2,B1,1175,1,0.999849796295166,0.8736566305160524
2,B1,440,1,0.9998186230659485,0.8736566305160524
2,B1,1073,1,0.9998297691345215,0.8736566305160524
2,B1,541,1,0.9998090863227844,0.8736566305160524
2,B1,965,1,0.9996628761291504,0.8736566305160524
2,B1,344,1,0.9996293783187866,0.8736566305160524
2,B1,789,1,0.9996873140335083,0.8736566305160524
2,B1,877,1,0.9997019171714783,0.8736566305160524
2,B1,584,1,0.9997616410255432,0.8736566305160524
2,B1,302,1,0.9998507499694824,0.8736566305160524
2,B1,852,1,0.9997736811637878,0.8736566305160524
2,B1,698,1,0.9994609951972961,0.8736566305160524
2,B1,500,1,0.9995367527008057,0.8736566305160524
2,B1,1023,1,0.9998687505722046,0.8736566305160524
2,B1,13,1,0.9996281862258911,0.8736566305160524
2,B1,289,1,0.9998276233673096,0.8736566305160524
2,B1,255,1,0.9997805953025818,0.8736566305160524
2,B1,1083,1,0.9928464293479919,0.8736566305160524
2,B1,483,1,0.9954172372817993,0.8736566305160524
2,B1,1103,1,0.9993299245834351,0.8736566305160524
2,B1,35,1,0.9993866682052612,0.8736566305160524
2,B1,646,1,0.9987903237342834,0.8736566305160524
2,B1,779,1,0.9704464673995972,0.8736566305160524
2,B1,513,1,0.856029212474823,0.8736566305160524
2,B1,1146,1,0.5232990384101868,0.8736566305160524
2,B1,1008,1,0.3712518811225891,0.8736566305160524
2,B1,608,1,0.3050602376461029,0.8736566305160524
2,B1,645,1,0.5598359704017639,0.8736566305160524
2,B1,47,1,0.2512732148170471,0.8736566305160524
2,B1,929,1,0.4693668782711029,0.8736566305160524
2,B1,911,1,0.8289533853530884,0.8736566305160524
2,B1,511,1,0.7175120115280151,0.8736566305160524
2,B1,469,1,0.8448119759559631,0.8736566305160524
2,B1,916,1,0.765865683555603,0.8736566305160524
2,B1,9,1,0.7296463251113892,0.8736566305160524
2,B1,993,1,0.9405704140663147,0.8736566305160524
2,B1,588,1,0.9377669095993042,0.8736566305160524
3,B1,254,0,0.001117676729336381,0.00835871882736683
3,B1,369,0,0.0023917865473777056,0.00835871882736683
3,B1,411,0,0.005207639653235674,0.00835871882736683
3,B1,799,0,0.0017159894341602921,0.00835871882736683
3,B1,898,0,0.0014384794048964977,0.00835871882736683
3,B1,460,0,0.000561256252694875,0.00835871882736683
3,B1,640,0,0.0007273016381077468,0.00835871882736683
3,B1,803,0,0.0005032008630223572,0.00835871882736683
3,B1,1102,0,0.0001698331325314939,0.00835871882736683
3,B1,638,0,0.00014312961138784885,0.00835871882736683
3,B1,1057,0,0.00021652953000739217,0.00835871882736683
3,B1,379,0,9.83083009487018e-05,0.00835871882736683
3,B1,1028,0,9.863517334451899e-05,0.00835871882736683
3,B1,58,0,0.00017251790268346667,0.00835871882736683
3,B1,382,0,3.845036917482503e-05,0.00835871882736683
3,B1,653,0,0.00011439532681833953,0.00835871882736683
3,B1,587,0,4.1794879507506266e-05,0.00835871882736683
3,B1,508,0,6.609046249650419e-05,0.00835871882736683
3,B1,897,0,0.00025658385129645467,0.00835871882736683
3,B1,915,0,0.00034389624488539994,0.00835871882736683
3,B1,726,0,0.0009179008193314075,0.00835871882736683
3,B1,1092,0,0.001577327842824161,0.00835871882736683
3,B1,1192,0,0.0005778655176982284,0.00835871882736683
3,B1,818,0,0.0001728702336549759,0.00835871882736683
3,B1,516,0,8.062501001404598e-05,0.00835871882736683
3,B1,815,0,0.00011075659858761355,0.00835871882736683
3,B1,1082,0,0.000402051315177232,0.00835871882736683
3,B1,1096,0,0.0004098852805327624,0.00835871882736683
3,B1,555,0,0.0006587978568859398,0.00835871882736683
3,B1,456,0,0.003549391869455576,0.00835871882736683
3,B1,264,0,0.006184418220072985,0.00835871882736683
3,B1,76,0,0.008460215292870998,0.00835871882736683
3,B1,921,0,0.006137506105005741,0.00835871882736683
3,B1,158,0,0.0014865652192384005,0.00835871882736683
3,B1,944,0,0.000987471197731793,0.00835871882736683
3,B1,1160,0,0.0010562340030446649,0.00835871882736683
3,B1,87,0,0.0004376755387056619,0.00835871882736683
3,B1,974,0,0.0006495371926575899,0.00835871882736683
3,B1,1070,0,0.0011459577362984419,0.00835871882736683
3,B1,836,0,0.0006219941424205899,0.00835871882736683
3,B1,674,0,0.0008622948662377894,0.00835871882736683
3,B1,89,0,0.0029023124370723963,0.00835871882736683
3,B1,539,0,0.027160517871379852,0.00835871882736683
3,B1,659,0,0.25604748725891113,0.00835871882736683
3,B1,90,0,0.4872390627861023,0.00835871882736683
3,B1,413,0,0.5945795774459839,0.00835871882736683
3,B1,465,0,0.5026001930236816,0.00835871882736683
3,B1,68,0,0.6023119688034058,0.00835871882736683
3,B1,940,0,0.8064287900924683,0.00835871882736683
3,B1,857,0,0.902617871761322,0.00835871882736683
3,B1,700,0,0.941385805606842,0.00835871882736683
3,B1,969,0,0.854415237903595,0.00835871882736683
3,B1,744,0,0.8026092648506165,0.00835871882736683
3,B1,787,0,0.900657594203949,0.00835871882736683
3,B1,171,0,0.9603556990623474,0.00835871882736683
3,B1,165,0,0.9887769818305969,0.00835871882736683
3,B1,174,0,7.286752014489049e-43,0.00835871882736683
3,B1,761,0,0.0,0.00835871882736683
3,B1,351,0,0.0,0.00835871882736683
3,B1,297,0,0.0,0.00835871882736683
3,B1,780,0,0.0,0.00835871882736683
3,B1,907,0,0.0,0.00835871882736683
3,B1,537,0,0.0,0.00835871882736683
3,B1,1003,0,0.0,0.00835871882736683
3,B1,951,0,0.0,0.00835871882736683
3,B1,542,0,0.0,0.00835871882736683
3,B1,432,0,0.0,0.00835871882736683
3,B1,942,0,0.0,0.00835871882736683
3,B1,1161,0,0.0,0.00835871882736683
3,B1,385,0,0.0,0.00835871882736683
3,B1,988,0,0.0,0.00835871882736683
3,B1,1157,0,0.0,0.00835871882736683
3,B1,224,0,0.0,0.00835871882736683
3,B1,904,0,0.0,0.00835871882736683
3,B1,564,0,0.0,0.00835871882736683
3,B1,842,0,0.0,0.00835871882736683
3,B1,680,0,0.0,0.00835871882736683
3,B1,972,0,0.0,0.00835871882736683
3,B1,215,0,0.0,0.00835871882736683
3,B1,913,0,0.0,0.00835871882736683
3,B1,692,0,0.0,0.00835871882736683
3,B1,955,0,0.0,0.00835871882736683
3,B1,547,0,0.0,0.00835871882736683
3,B1,1179,0,0.0,0.00835871882736683
3,B1,703,0,0.0,0.00835871882736683
3,B1,649,0,0.0,0.00835871882736683
3,B1,756,0,0.0,0.00835871882736683
3,B1,1153,0,0.0,0.00835871882736683
3,B1,117,0,0.0,0.00835871882736683
3,B1,1033,0,0.0,0.00835871882736683
3,B1,59,0,0.0,0.00835871882736683
3,B1,928,0,0.0,0.00835871882736683
3,B1,201,0,0.0,0.00835871882736683
3,B1,66,0,0.0,0.00835871882736683
3,B1,70,0,0.0,0.00835871882736683
3,B1,39,0,0.0,0.00835871882736683
3,B1,356,0,0.0,0.00835871882736683
3,B1,621,0,0.0,0.00835871882736683
3,B1,259,0,0.0,0.00835871882736683
3,B1,992,0,0.0,0.00835871882736683
3,B1,750,0,0.0,0.00835871882736683
3,B1,734,0,0.0,0.00835871882736683
3,B1,705,0,0.0,0.00835871882736683
3,B1,1061,0,0.0,0.00835871882736683
3,B1,884,0,0.0,0.00835871882736683
3,B1,629,0,0.0,0.00835871882736683
3,B1,759,0,0.0,0.00835871882736683
3,B1,398,0,0.0,0.00835871882736683
3,B1,751,0,0.0,0.00835871882736683
3,B1,846,0,0.0,0.00835871882736683
3,B1,615,0,0.0,0.00835871882736683
3,B1,49,0,0.0,0.00835871882736683
3,B1,18,0,0.0,0.00835871882736683
3,B1,21,0,8.953705400926992e-05,0.00835871882736683
3,B1,573,0,5.764811794506386e-05,0.00835871882736683
3,B1,835,0,3.35941331286449e-05,0.00835871882736683
3,B1,578,0,2.3817210603738204e-05,0.00835871882736683
3,B1,98,0,3.569422915461473e-05,0.00835871882736683
3,B1,425,0,4.9153706640936434e-05,0.00835871882736683
3,B1,262,0,4.507651101448573e-05,0.00835871882736683
3,B1,711,0,0.00011441453534644097,0.00835871882736683
3,B1,366,0,0.0001406835945090279,0.00835871882736683
3,B1,936,0,0.00016363165923394263,0.00835871882736683
3,B1,430,0,7.18920782674104e-05,0.00835871882736683
3,B1,319,0,4.330082447268069e-05,0.00835871882736683
3,B1,762,0,3.360329719725996e-05,0.00835871882736683
3,B1,310,0,0.002016632817685604,0.00835871882736683
3,B1,200,0,0.002981174737215042,0.00835871882736683
3,B1,728,0,0.007333826739341021,0.00835871882736683
3,B1,150,0,0.005251816473901272,0.00835871882736683
3,B1,832,0,0.0033933676313608885,0.00835871882736683
3,B1,263,0,0.002951550530269742,0.00835871882736683
3,B1,666,0,0.0032211032230407,0.00835871882736683
3,B1,239,0,0.004366561770439148,0.00835871882736683
3,B1,783,0,0.004779266659170389,0.00835871882736683
3,B1,322,0,0.0053310091607272625,0.00835871882736683
3,B1,1065,0,0.004990474320948124,0.00835871882736683
3,B1,753,0,0.008138207718729973,0.00835871882736683
3,B1,472,0,0.00775153050199151,0.00835871882736683
3,B1,544,0,0.005922752898186445,0.00835871882736683
3,B1,1190,0,0.004374205134809017,0.00835871882736683
3,B1,952,0,0.002207779558375478,0.00835871882736683
3,B1,811,0,0.002075694501399994,0.00835871882736683
3,B1,488,0,0.0026976626832038164,0.00835871882736683
3,B1,879,0,0.0022830613888800144,0.00835871882736683
3,B1,892,0,0.0032913913019001484,0.00835871882736683
3,B1,71,0,0.0034368212800472975,0.00835871882736683
3,B1,95,0,0.005170590244233608,0.00835871882736683
3,B1,683,0,0.005273373797535896,0.00835871882736683
3,B1,634,0,0.0034602649975568056,0.00835871882736683
3,B1,767,0,0.003814642783254385,0.00835871882736683
3,B1,1010,0,0.0047218818217515945,0.00835871882736683
3,B1,186,0,0.00789597351104021,0.00835871882736683
3,B1,352,0,0.012661033309996128,0.00835871882736683
3,B1,738,0,0.008220236748456955,0.00835871882736683
3,B1,1042,0,0.003607106162235141,0.00835871882736683
3,B1,775,0,0.002096302807331085,0.00835871882736683
3,B1,56,0,0.008561377413570881,0.00835871882736683
3,B1,903,1,0.9999961853027344,0.00835871882736683
3,B1,1043,1,1.0,0.00835871882736683
3,B1,50,1,1.0,0.00835871882736683
3,B1,1124,1,1.0,0.00835871882736683
3,B1,772,1,1.0,0.00835871882736683
3,B1,1000,1,1.0,0.00835871882736683
3,B1,1114,1,1.0,0.00835871882736683
3,B1,196,1,1.0,0.00835871882736683
3,B1,467,1,1.0,0.00835871882736683
3,B1,636,1,1.0,0.00835871882736683
3,B1,643,1,0.8924705982208252,0.00835871882736683
3,B1,611,1,0.6890400648117065,0.00835871882736683
3,B1,149,1,0.5907338261604309,0.00835871882736683
3,B1,1136,1,0.5702003836631775,0.00835871882736683
3,B1,543,1,0.7761462926864624,0.00835871882736683
3,B1,284,1,0.9286984205245972,0.00835871882736683
3,B1,773,1,0.9758919477462769,0.00835871882736683
3,B1,491,1,0.967372477054596,0.00835871882736683
3,B1,335,1,0.802105724811554,0.00835871882736683
3,B1,665,1,0.8137633800506592,0.00835871882736683
3,B1,536,1,0.7905219793319702,0.00835871882736683
3,B1,601,1,0.5913255214691162,0.00835871882736683
3,B1,550,1,0.635655403137207,0.00835871882736683
3,B1,742,1,0.6021826863288879,0.00835871882736683
3,B1,757,1,0.8307203054428101,0.00835871882736683
3,B1,345,1,0.7245638966560364,0.00835871882736683
3,B1,285,1,0.577440619468689,0.00835871882736683
3,B1,816,1,0.4116533398628235,0.00835871882736683
3,B1,115,1,0.36224961280822754,0.00835871882736683
3,B1,1186,1,0.5089231133460999,0.00835871882736683
3,B1,1050,1,0.8596526980400085,0.00835871882736683
3,B1,931,1,0.9336150884628296,0.00835871882736683
3,B1,925,1,0.9878901839256287,0.00835871882736683
3,B1,1177,1,0.9817553758621216,0.00835871882736683
3,B1,419,1,0.9653252363204956,0.00835871882736683
3,B1,372,1,0.9484931230545044,0.00835871882736683
3,B1,535,1,0.9581172466278076,0.00835871882736683
3,B1,766,1,0.9410253763198853,0.00835871882736683
3,B1,1024,1,0.7894925475120544,0.00835871882736683
3,B1,865,1,0.6700097918510437,0.00835871882736683
3,B1,290,1,0.3987593948841095,0.00835871882736683
3,B1,822,1,0.4438031017780304,0.00835871882736683
3,B1,827,1,0.6776180267333984,0.00835871882736683
3,B1,515,1,0.8867024779319763,0.00835871882736683
3,B1,781,1,0.9504259824752808,0.00835871882736683
3,B1,605,1,0.9564839601516724,0.00835871882736683
3,B1,687,1,0.9111279845237732,0.00835871882736683
3,B1,119,1,0.8211474418640137,0.00835871882736683
3,B1,996,1,0.8263093829154968,0.00835871882736683
3,B1,272,1,0.9345948100090027,0.00835871882736683
3,B1,1002,1,0.9909489750862122,0.00835871882736683
3,B1,152,1,0.9955820441246033,0.00835871882736683
3,B1,269,1,0.9985029697418213,0.00835871882736683
3,B1,161,1,0.9992530941963196,0.00835871882736683
3,B1,241,1,0.9990774393081665,0.00835871882736683
3,B1,627,1,0.9959768652915955,0.00835871882736683
3,B1,1009,1,0.9878491759300232,0.00835871882736683
3,B1,1174,1,0.9423737525939941,0.00835871882736683
3,B1,464,1,0.9042490124702454,0.00835871882736683
3,B1,1099,1,0.5103650093078613,0.00835871882736683
3,B1,394,1,0.3586435317993164,0.00835871882736683
3,B1,549,1,0.27094799280166626,0.00835871882736683
3,B1,316,1,0.11817702651023865,0.00835871882736683
3,B1,134,1,0.779095470905304,0.00835871882736683
3,B1,23,1,0.9561185240745544,0.00835871882736683
3,B1,934,1,0.9794470071792603,0.00835871882736683
3,B1,551,1,0.9940394163131714,0.00835871882736683
4,B1,424,0,0.0007112876628525555,0.0026335194706916813
4,B1,380,0,0.0004960136138834059,0.0026335194706916813
4,B1,1077,0,0.00035181277780793607,0.0026335194706916813
4,B1,1142,0,0.0003889587242156267,0.0026335194706916813
4,B1,1169,0,0.00017958735406864434,0.0026335194706916813
4,B1,1185,0,8.757482282817364e-05,0.0026335194706916813
4,B1,598,0,0.00012337969383224845,0.0026335194706916813
4,B1,859,0,9.26185239222832e-05,0.0026335194706916813
4,B1,599,0,0.00010383255721535534,0.0026335194706916813
4,B1,192,0,0.0004957850323989987,0.0026335194706916813
4,B1,554,0,0.0004954054020345211,0.0026335194706916813
4,B1,24,0,0.00019549555145204067,0.0026335194706916813
4,B1,281,0,0.000209005520446226,0.0026335194706916813
4,B1,1130,0,0.00022678835375700146,0.0026335194706916813
4,B1,1044,0,0.00014545448357239366,0.0026335194706916813
4,B1,633,0,0.00018183847714681178,0.0026335194706916813
4,B1,222,0,0.00028825580375269055,0.0026335194706916813
4,B1,138,0,0.0003264258848503232,0.0026335194706916813
4,B1,635,0,0.00028122696676291525,0.0026335194706916813
4,B1,52,0,0.00046087769442237914,0.0026335194706916813
4,B1,932,0,0.001829982502385974,0.0026335194706916813
4,B1,293,0,0.0029046807903796434,0.0026335194706916813
4,B1,343,0,0.003970010206103325,0.0026335194706916813
4,B1,895,0,0.0005149203352630138,0.0026335194706916813
4,B1,350,0,0.0001341244060313329,0.0026335194706916813
4,B1,445,0,8.697544399183244e-05,0.0026335194706916813
4,B1,678,0,9.444175520911813e-05,0.0026335194706916813
4,B1,717,0,7.109512080205604e-05,0.0026335194706916813
4,B1,600,0,5.8048372011398897e-05,0.0026335194706916813
4,B1,802,0,3.8304744521155953e-05,0.0026335194706916813
4,B1,233,0,6.84318583807908e-05,0.0026335194706916813
4,B1,1013,0,7.746454502921551e-05,0.0026335194706916813
4,B1,975,0,5.797770063509233e-05,0.0026335194706916813
4,B1,805,0,0.0001105141855077818,0.0026335194706916813
4,B1,917,0,9.459736611461267e-05,0.0026335194706916813
4,B1,987,0,0.00014057205407880247,0.0026335194706916813
4,B1,112,0,0.00021382738486863673,0.0026335194706916813
4,B1,219,0,0.00017090597248170525,0.0026335194706916813
4,B1,1131,0,8.557574619771913e-05,0.0026335194706916813
4,B1,709,0,4.876849561696872e-05,0.0026335194706916813
4,B1,79,0,3.5896871850127354e-05,0.0026335194706916813
4,B1,299,0,7.605241262353957e-05,0.0026335194706916813
4,B1,123,0,7.549575821030885e-05,0.0026335194706916813
4,B1,349,0,0.0002770934079308063,0.0026335194706916813
4,B1,448,0,0.0003956584259867668,0.0026335194706916813
4,B1,210,0,0.0003797770768869668,0.0026335194706916813
4,B1,602,0,0.00026920856907963753,0.0026335194706916813
4,B1,481,0,0.0003188850241713226,0.0026335194706916813
4,B1,54,0,0.0003823005536105484,0.0026335194706916813
4,B1,710,0,0.00014668072981294245,0.0026335194706916813
4,B1,994,0,0.00042132215457968414,0.0026335194706916813
4,B1,861,0,0.0006249436410143971,0.0026335194706916813
4,B1,661,0,0.000247823481913656,0.0026335194706916813
4,B1,930,0,0.0005034116329625249,0.0026335194706916813
4,B1,126,0,0.000367948116036132,0.0026335194706916813
4,B1,348,0,0.0004407652304507792,0.0026335194706916813
4,B1,378,0,0.0002943114086519927,0.0026335194706916813
4,B1,295,0,0.0,0.0026335194706916813
4,B1,146,0,0.0,0.0026335194706916813
4,B1,381,0,0.0,0.0026335194706916813
4,B1,1035,0,0.0,0.0026335194706916813
4,B1,867,0,0.0,0.0026335194706916813
4,B1,901,0,0.0,0.0026335194706916813
4,B1,579,0,0.0,0.0026335194706916813
4,B1,5,0,0.0,0.0026335194706916813
4,B1,708,0,0.0,0.0026335194706916813
4,B1,1193,0,0.0,0.0026335194706916813
4,B1,482,0,0.0,0.0026335194706916813
4,B1,557,0,0.0,0.0026335194706916813
4,B1,856,0,0.0,0.0026335194706916813
4,B1,475,0,0.0,0.0026335194706916813
4,B1,885,0,0.0,0.0026335194706916813
4,B1,878,0,0.0,0.0026335194706916813
4,B1,980,0,0.0,0.0026335194706916813
4,B1,227,0,0.0,0.0026335194706916813
4,B1,1088,0,0.0,0.0026335194706916813
4,B1,1189,0,0.0,0.0026335194706916813
4,B1,716,0,0.0,0.0026335194706916813
4,B1,722,0,0.0,0.0026335194706916813
4,B1,48,0,0.0,0.0026335194706916813
4,B1,1107,0,0.0,0.0026335194706916813
4,B1,963,0,0.0,0.0026335194706916813
4,B1,1168,0,0.0,0.0026335194706916813
4,B1,1176,0,0.0,0.0026335194706916813
4,B1,1183,0,0.0,0.0026335194706916813
4,B1,1051,0,0.0,0.0026335194706916813
4,B1,1167,0,0.0,0.0026335194706916813
4,B1,801,0,0.0,0.0026335194706916813
4,B1,61,0,0.0,0.0026335194706916813
4,B1,582,0,0.0,0.0026335194706916813
4,B1,548,0,0.0,0.0026335194706916813
4,B1,253,0,0.0,0.0026335194706916813
4,B1,604,0,0.0,0.0026335194706916813
4,B1,966,0,0.0,0.0026335194706916813
4,B1,1052,0,0.0,0.0026335194706916813
4,B1,484,0,0.0,0.0026335194706916813
4,B1,29,0,0.0,0.0026335194706916813
4,B1,1095,0,0.0,0.0026335194706916813
4,B1,179,0,0.0,0.0026335194706916813
4,B1,724,0,0.0,0.0026335194706916813
4,B1,662,0,0.0,0.0026335194706916813
4,B1,375,0,0.0,0.0026335194706916813
4,B1,178,0,0.0,0.0026335194706916813
4,B1,784,0,0.0,0.0026335194706916813
4,B1,461,0,0.0,0.0026335194706916813
4,B1,749,0,0.0,0.0026335194706916813
4,B1,173,0,0.0,0.0026335194706916813
4,B1,521,0,0.0,0.0026335194706916813
4,B1,22,0,0.0,0.0026335194706916813
4,B1,873,0,0.0,0.0026335194706916813
4,B1,574,0,0.0,0.0026335194706916813
4,B1,495,0,0.0,0.0026335194706916813
4,B1,1068,0,0.0,0.0026335194706916813
4,B1,223,0,0.0,0.0026335194706916813
4,B1,956,1,1.0,0.0026335194706916813
4,B1,410,1,1.0,0.0026335194706916813
4,B1,276,1,1.0,0.0026335194706916813
4,B1,267,1,1.0,0.0026335194706916813
4,B1,354,1,1.0,0.0026335194706916813
4,B1,581,1,1.0,0.0026335194706916813
4,B1,517,1,1.0,0.0026335194706916813
4,B1,1034,1,1.0,0.0026335194706916813
4,B1,155,1,1.0,0.0026335194706916813
4,B1,55,1,1.0,0.0026335194706916813
4,B1,1151,1,1.0,0.0026335194706916813
4,B1,1104,1,1.0,0.0026335194706916813
4,B1,546,1,1.0,0.0026335194706916813
4,B1,1091,1,1.0,0.0026335194706916813
4,B1,943,1,1.0,0.0026335194706916813
4,B1,110,1,1.0,0.0026335194706916813
4,B1,60,1,1.0,0.0026335194706916813
4,B1,610,1,1.0,0.0026335194706916813
4,B1,696,1,1.0,0.0026335194706916813
4,B1,1119,1,1.0,0.0026335194706916813
4,B1,300,1,1.0,0.0026335194706916813
4,B1,618,1,1.0,0.0026335194706916813
4,B1,169,1,1.0,0.0026335194706916813
4,B1,667,1,1.0,0.0026335194706916813
4,B1,1184,1,1.0,0.0026335194706916813
4,B1,403,1,1.0,0.0026335194706916813
4,B1,840,1,1.0,0.0026335194706916813
4,B1,333,1,1.0,0.0026335194706916813
4,B1,619,1,1.0,0.0026335194706916813
4,B1,121,1,1.0,0.0026335194706916813
4,B1,237,1,1.0,0.0026335194706916813
4,B1,1138,1,1.0,0.0026335194706916813
4,B1,1017,1,1.0,0.0026335194706916813
4,B1,1155,1,1.0,0.0026335194706916813
4,B1,286,1,1.0,0.0026335194706916813
4,B1,580,1,1.0,0.0026335194706916813
4,B1,1019,1,1.0,0.0026335194706916813
4,B1,620,1,1.0,0.0026335194706916813
4,B1,436,1,1.0,0.0026335194706916813
4,B1,487,1,1.0,0.0026335194706916813
4,B1,743,1,1.0,0.0026335194706916813
4,B1,1118,1,1.0,0.0026335194706916813
4,B1,450,1,1.0,0.0026335194706916813
4,B1,330,1,1.0,0.0026335194706916813
4,B1,529,1,1.0,0.0026335194706916813
4,B1,592,1,1.0,0.0026335194706916813
4,B1,1109,1,1.0,0.0026335194706916813
4,B1,681,1,1.0,0.0026335194706916813
4,B1,312,1,1.0,0.0026335194706916813
4,B1,207,1,1.0,0.0026335194706916813
4,B1,323,1,1.0,0.0026335194706916813
4,B1,431,1,1.0,0.0026335194706916813
4,B1,326,1,1.0,0.0026335194706916813
4,B1,869,1,1.0,0.0026335194706916813
4,B1,597,1,1.0,0.0026335194706916813
4,B1,317,1,1.0,0.0026335194706916813
4,B1,266,1,1.0,0.0026335194706916813
4,B1,124,1,0.00018339010421186686,0.0026335194706916813
4,B1,614,1,4.3184281821595505e-05,0.0026335194706916813
4,B1,795,1,7.18505762051791e-05,0.0026335194706916813
4,B1,986,1,0.00012519491428975016,0.0026335194706916813
4,B1,132,1,0.0001576849608682096,0.0026335194706916813
4,B1,1041,1,0.0001221276179421693,0.0026335194706916813
4,B1,347,1,0.0008436589851044118,0.0026335194706916813
4,B1,509,1,0.001204988337121904,0.0026335194706916813
4,B1,457,1,0.0014586993493139744,0.0026335194706916813
4,B1,763,1,0.0008000344387255609,0.0026335194706916813
4,B1,368,1,0.0008337957551702857,0.0026335194706916813
4,B1,571,1,0.0008981440332718194,0.0026335194706916813
4,B1,1085,1,0.002851987723261118,0.0026335194706916813
4,B1,1144,1,0.006880586501210928,0.0026335194706916813
4,B1,1100,1,0.0027375370264053345,0.0026335194706916813
4,B1,880,1,0.011033552698791027,0.0026335194706916813
4,B1,40,1,0.004487119149416685,0.0026335194706916813
4,B1,906,1,0.0005200387677177787,0.0026335194706916813
4,B1,532,1,0.00012026926560793072,0.0026335194706916813
4,B1,1,1,5.03694245708175e-05,0.0026335194706916813
4,B1,556,1,1.1883196748385672e-05,0.0026335194706916813
4,B1,613,1,2.775521352305077e-05,0.0026335194706916813
4,B1,404,1,4.269154305802658e-05,0.0026335194706916813
4,B1,1143,1,5.3696639952249825e-05,0.0026335194706916813
4,B1,691,1,0.0002995599643327296,0.0026335194706916813
4,B1,736,1,0.0003954168641939759,0.0026335194706916813
4,B1,731,1,0.00027440558187663555,0.0026335194706916813
4,B1,672,1,5.950681588728912e-05,0.0026335194706916813
4,B1,844,1,0.0006586346426047385,0.0026335194706916813
4,B1,320,1,0.0005004624836146832,0.0026335194706916813
4,B1,212,1,0.0008345618844032288,0.0026335194706916813
4,B1,838,1,0.00022744903981219977,0.0026335194706916813
4,B1,1140,1,2.3498198061133735e-05,0.0026335194706916813
4,B1,1014,1,8.481636177748442e-05,0.0026335194706916813
4,B1,1122,1,4.9700975068844855e-05,0.0026335194706916813
4,B1,721,1,0.0001880187337519601,0.0026335194706916813
4,B1,275,1,0.00023587087343912572,0.0026335194706916813
4,B1,909,1,0.00024366543220821768,0.0026335194706916813
4,B1,313,1,0.000526385207194835,0.0026335194706916813
4,B1,292,1,0.0005262958002276719,0.0026335194706916813
4,B1,291,1,0.000714074878487736,0.0026335194706916813
4,B1,617,1,0.00017226641648449004,0.0026335194706916813
4,B1,1004,1,0.0001629792241146788,0.0026335194706916813
4,B1,256,1,2.3872251404100098e-05,0.0026335194706916813
4,B1,770,1,2.7437696189736016e-05,0.0026335194706916813
4,B1,1191,1,0.00012373046774882823,0.0026335194706916813
4,B1,162,1,0.00011754256411222741,0.0026335194706916813
4,B1,631,1,0.0010914913145825267,0.0026335194706916813
4,B1,342,1,0.0007940680952742696,0.0026335194706916813
4,B1,849,1,0.004156189039349556,0.0026335194706916813
4,B1,101,1,0.01711384952068329,0.0026335194706916813
4,B1,376,1,0.029287226498126984,0.0026335194706916813
4,B1,0,1,0.0023663854226469994,0.0026335194706916813
4,B1,754,1,0.00034031999530270696,0.0026335194706916813
4,B1,660,1,0.00018398721294943243,0.0026335194706916813
4,B1,927,1,0.0005110415513627231,0.0026335194706916813
4,B1,908,1,0.0016903504729270935,0.0026335194706916813
4,B1,243,1,0.0009037172421813011,0.0026335194706916813
4,B1,793,1,0.00021445257880259305,0.0026335194706916813
4,B1,1162,1,1.631689337955322e-05,0.0026335194706916813
0,B2,116,0,0.03108331933617592,0.9491248130798341
0,B2,1029,0,0.019076136872172356,0.9491248130798341
0,B2,444,0,0.22491149604320526,0.9491248130798341
0,B2,367,0,0.275485634803772,0.9491248130798341
0,B2,1111,0,0.01229649968445301,0.9491248130798341
0,B2,334,0,0.14432749152183533,0.9491248130798341
0,B2,831,0,0.08460649847984314,0.9491248130798341
0,B2,287,0,0.020734088495373726,0.9491248130798341
0,B2,589,0,0.06407368928194046,0.9491248130798341
0,B2,204,0,0.015450437553226948,0.9491248130798341
0,B2,889,0,0.026334403082728386,0.9491248130798341
0,B2,616,0,0.0157167986035347,0.9491248130798341
0,B2,11,0,0.20803962647914886,0.9491248130798341
0,B2,1110,0,0.12629587948322296,0.9491248130798341
0,B2,1048,0,0.1476685106754303,0.9491248130798341
0,B2,434,0,0.08314082026481628,0.9491248130798341
0,B2,725,0,0.05457737669348717,0.9491248130798341
0,B2,51,0,0.63380366563797,0.9491248130798341
0,B2,826,0,0.03176715597510338,0.9491248130798341
0,B2,792,0,0.16317366063594818,0.9491248130798341
0,B2,1012,0,0.09806036204099655,0.9491248130798341
0,B2,968,0,0.026515962556004524,0.9491248130798341
0,B2,494,0,0.1343400478363037,0.9491248130798341
0,B2,810,0,0.13306333124637604,0.9491248130798341
0,B2,637,0,0.06398293375968933,0.9491248130798341
0,B2,706,0,0.08372203260660172,0.9491248130798341
0,B2,216,0,0.031047167256474495,0.9491248130798341
0,B2,1116,0,0.02494574710726738,0.9491248130798341
0,B2,851,0,0.0303459744900465,0.9491248130798341
0,B2,3,0,0.08909085392951965,0.9491248130798341
0,B2,304,0,0.00986450258642435,0.9491248130798341
0,B2,891,0,0.2678770422935486,0.9491248130798341
0,B2,1018,0,0.10260991752147675,0.9491248130798341
0,B2,337,0,0.006535058841109276,0.9491248130798341
0,B2,1047,0,0.0018929269863292575,0.9491248130798341
0,B2,1101,0,0.002041064901277423,0.9491248130798341
0,B2,606,0,0.004158236552029848,0.9491248130798341
0,B2,527,0,0.004420314449816942,0.9491248130798341
0,B2,882,0,0.008298114873468876,0.9491248130798341
0,B2,808,0,0.012765591964125633,0.9491248130798341
0,B2,1121,0,0.011943456716835499,0.9491248130798341
0,B2,523,0,0.010267836041748524,0.9491248130798341
0,B2,104,0,0.009322240017354488,0.9491248130798341
0,B2,188,0,0.008268801495432854,0.9491248130798341
0,B2,714,0,0.007178624626249075,0.9491248130798341
0,B2,690,0,0.007947796955704689,0.9491248130798341
0,B2,652,0,0.008707083761692047,0.9491248130798341
0,B2,1120,0,0.018554911017417908,0.9491248130798341
0,B2,834,0,0.02340487204492092,0.9491248130798341
0,B2,226,0,0.018982572481036186,0.9491248130798341
0,B2,821,0,0.023326341062784195,0.9491248130798341
0,B2,476,0,0.022026369348168373,0.9491248130798341
0,B2,1164,0,0.022862141951918602,0.9491248130798341
0,B2,453,0,0.027925709262490273,0.9491248130798341
0,B2,74,0,0.02918783389031887,0.9491248130798341
0,B2,33,0,0.034525398164987564,0.9491248130798341
0,B2,214,0,0.04649176821112633,0.9491248130798341
0,B2,654,0,0.04154135286808014,0.9491248130798341
0,B2,733,0,0.07792911678552628,0.9491248130798341
0,B2,774,0,0.054146550595760345,0.9491248130798341
0,B2,203,0,0.030049990862607956,0.9491248130798341
0,B2,357,0,0.014793883077800274,0.9491248130798341
0,B2,625,0,0.044064294546842575,0.9491248130798341
0,B2,311,0,0.050939012318849564,0.9491248130798341
0,B2,489,0,0.06806806474924088,0.9491248130798341
0,B2,402,0,0.02579488232731819,0.9491248130798341
0,B2,1015,0,0.01152023021131754,0.9491248130798341
0,B2,841,0,0.010497291572391987,0.9491248130798341
0,B2,503,0,0.01084399875253439,0.9491248130798341
0,B2,405,0,0.010780476965010166,0.9491248130798341
0,B2,923,0,0.008545043878257275,0.9491248130798341
0,B2,1055,0,0.008172419853508472,0.9491248130798341
0,B2,747,0,0.010103128850460052,0.9491248130798341
0,B2,1053,0,0.012008198536932468,0.9491248130798341
0,B2,875,0,0.00961460079997778,0.9491248130798341
0,B2,170,0,0.12626586854457855,0.9491248130798341
0,B2,790,0,0.6453158855438232,0.9491248130798341
0,B2,213,0,0.5658662915229797,0.9491248130798341
0,B2,559,0,0.5779746174812317,0.9491248130798341
0,B2,258,0,0.034144576638936996,0.9491248130798341
0,B2,732,0,0.01190455723553896,0.9491248130798341
0,B2,274,0,0.011223845183849335,0.9491248130798341
0,B2,135,0,0.005728549789637327,0.9491248130798341
0,B2,437,0,0.0060348184779286385,0.9491248130798341
0,B2,328,0,0.011850269511342049,0.9491248130798341
0,B2,954,0,0.038785338401794434,0.9491248130798341
0,B2,307,0,0.1788114756345749,0.9491248130798341
0,B2,651,0,0.5200852155685425,0.9491248130798341
0,B2,1128,0,0.7449502944946289,0.9491248130798341
0,B2,626,0,0.5715389251708984,0.9491248130798341
0,B2,270,0,0.261233389377594,0.9491248130798341
0,B2,530,0,0.4604853093624115,0.9491248130798341
0,B2,850,0,0.1366390585899353,0.9491248130798341
0,B2,62,0,0.04721986874938011,0.9491248130798341
0,B2,806,0,0.13905900716781616,0.9491248130798341
0,B2,1106,0,0.15029552578926086,0.9491248130798341
0,B2,75,0,0.3460957109928131,0.9491248130798341
0,B2,1054,0,0.4161100685596466,0.9491248130798341
0,B2,28,0,0.6369662284851074,0.9491248130798341
0,B2,218,0,0.5457466840744019,0.9491248130798341
0,B2,699,0,0.6761037111282349,0.9491248130798341
0,B2,1135,0,0.9274898767471313,0.9491248130798341
0,B2,395,0,0.5406886339187622,0.9491248130798341
0,B2,1058,0,0.6122965812683105,0.9491248130798341
0,B2,93,0,0.16512978076934814,0.9491248130798341
0,B2,426,0,0.02761351689696312,0.9491248130798341
0,B2,339,0,0.01912061497569084,0.9491248130798341
0,B2,303,0,0.16944150626659393,0.9491248130798341
0,B2,172,0,0.3525448739528656,0.9491248130798341
0,B2,365,0,0.46365445852279663,0.9491248130798341
0,B2,814,0,0.7660771012306213,0.9491248130798341
0,B2,190,0,0.6496906280517578,0.9491248130798341
0,B2,167,0,0.4162620007991791,0.9491248130798341
0,B2,950,0,1.6583447508102919e-25,0.9491248130798341
0,B2,153,0,1.180932417205874e-25,0.9491248130798341
0,B2,280,0,1.791969899545679e-25,0.9491248130798341
0,B2,1026,0,2.1807347284829844e-25,0.9491248130798341
0,B2,479,0,2.663283162877973e-25,0.9491248130798341
0,B2,845,0,2.8827400758868997e-25,0.9491248130798341
0,B2,650,0,4.041302369972969e-25,0.9491248130798341
0,B2,412,0,3.0525606281441557e-25,0.9491248130798341
0,B2,324,0,3.3551664387917715e-25,0.9491248130798341
0,B2,72,0,3.070100950371745e-25,0.9491248130798341
0,B2,383,0,3.844692594412473e-25,0.9491248130798341
0,B2,327,0,5.016796918531825e-25,0.9491248130798341
0,B2,197,0,4.150749918039464e-25,0.9491248130798341
0,B2,377,0,5.435304885083874e-25,0.9491248130798341
0,B2,755,0,6.382039044152569e-25,0.9491248130798341
0,B2,1125,0,1.2670673012822445e-24,0.9491248130798341
0,B2,946,0,8.531223034212206e-25,0.9491248130798341
0,B2,1040,0,6.710988618211008e-25,0.9491248130798341
0,B2,84,0,4.329007830716124e-25,0.9491248130798341
0,B2,252,0,3.159916955254716e-25,0.9491248130798341
0,B2,187,0,2.6081464694646492e-25,0.9491248130798341
0,B2,67,0,2.068730285007442e-25,0.9491248130798341
0,B2,1089,0,2.7896064178594084e-25,0.9491248130798341
0,B2,900,0,2.8919261146091655e-25,0.9491248130798341
0,B2,771,0,2.2758812144139536e-25,0.9491248130798341
0,B2,64,0,3.4845913962449225e-25,0.9491248130798341
0,B2,938,0,5.973888328248007e-25,0.9491248130798341
0,B2,20,0,8.062023358928722e-25,0.9491248130798341
0,B2,642,0,9.977015746865068e-25,0.9491248130798341
0,B2,727,0,5.484353297942122e-25,0.9491248130798341
0,B2,498,0,3.76537090475927e-25,0.9491248130798341
0,B2,512,0,5.741614644200535e-25,0.9491248130798341
0,B2,735,0,4.248581982314645e-25,0.9491248130798341
0,B2,438,0,9.58722971283405e-25,0.9491248130798341
0,B2,17,0,1.0762406650179239e-24,0.9491248130798341
0,B2,798,0,8.345463054326894e-25,0.9491248130798341
0,B2,391,0,6.654624506532967e-25,0.9491248130798341
0,B2,730,0,3.259042258376394e-25,0.9491248130798341
0,B2,199,0,4.459274897185599e-25,0.9491248130798341
0,B2,288,0,2.942457832488262e-25,0.9491248130798341
0,B2,820,0,2.505953730016826e-25,0.9491248130798341
0,B2,184,0,2.941021366083661e-25,0.9491248130798341
0,B2,142,0,4.775169809338761e-25,0.9491248130798341
0,B2,15,0,3.746872856088936e-25,0.9491248130798341
0,B2,399,0,7.625607263752025e-25,0.9491248130798341
0,B2,1039,0,8.241882166204915e-25,0.9491248130798341
0,B2,46,0,7.489276815149795e-25,0.9491248130798341
0,B2,786,0,9.322866646276385e-25,0.9491248130798341
0,B2,1097,0,5.709028772358118e-25,0.9491248130798341
0,B2,1079,0,3.4828637908624885e-25,0.9491248130798341
0,B2,1152,0,3.500819497660483e-25,0.9491248130798341
0,B2,504,0,2.0897810382632648e-25,0.9491248130798341
0,B2,283,0,1.471186145191926e-25,0.9491248130798341
0,B2,309,0,1.5143240177178055e-25,0.9491248130798341
0,B2,560,0,1.5557802606608834e-25,0.9491248130798341
0,B2,234,0,2.3445273973482203e-25,0.9491248130798341
0,B2,238,1,0.9999998807907104,0.9491248130798341
0,B2,813,1,1.0,0.9491248130798341
0,B2,30,1,0.9999998807907104,0.9491248130798341
0,B2,1046,1,0.9999997615814209,0.9491248130798341
0,B2,594,1,0.9999997615814209,0.9491248130798341
0,B2,193,1,0.9999997615814209,0.9491248130798341
0,B2,876,1,0.9999997615814209,0.9491248130798341
0,B2,360,1,0.9999998807907104,0.9491248130798341
0,B2,474,1,1.0,0.9491248130798341
0,B2,388,1,0.9999998807907104,0.9491248130798341
0,B2,449,1,1.0,0.9491248130798341
0,B2,1165,1,0.9999998807907104,0.9491248130798341
0,B2,180,1,0.9999988079071045,0.9491248130798341
0,B2,519,1,0.999998927116394,0.9491248130798341
0,B2,443,1,0.9999972581863403,0.9491248130798341
0,B2,185,1,0.9999881982803345,0.9491248130798341
0,B2,211,1,0.9999291896820068,0.9491248130798341
0,B2,1001,1,0.999599277973175,0.9491248130798341
0,B2,257,1,0.9989979863166809,0.9491248130798341
0,B2,397,1,0.99910968542099,0.9491248130798341
0,B2,918,1,0.9989976286888123,0.9491248130798341
0,B2,441,1,0.9988378882408142,0.9491248130798341
0,B2,854,1,0.9983931183815002,0.9491248130798341
0,B2,160,1,0.9986066222190857,0.9491248130798341
0,B2,837,1,0.999038577079773,0.9491248130798341
0,B2,922,1,0.999218225479126,0.9491248130798341
0,B2,26,1,0.9995285272598267,0.9491248130798341
0,B2,644,1,0.9996252059936523,0.9491248130798341
0,B2,41,1,0.9996500015258789,0.9491248130798341
0,B2,741,1,0.9994955062866211,0.9491248130798341
0,B2,748,1,0.9999570846557617,0.9491248130798341
0,B2,244,1,0.9999452829360962,0.9491248130798341
0,B2,995,1,0.9998660087585449,0.9491248130798341
0,B2,321,1,0.9999220371246338,0.9491248130798341
0,B2,686,1,0.9999445676803589,0.9491248130798341
0,B2,881,1,0.9999303817749023,0.9491248130798341
0,B2,991,1,0.9999077320098877,0.9491248130798341
0,B2,896,1,0.9997960925102234,0.9491248130798341
0,B2,1094,1,0.9993565678596497,0.9491248130798341
0,B2,868,1,0.9992121458053589,0.9491248130798341
0,B2,791,1,0.9990731477737427,0.9491248130798341
0,B2,568,1,0.9988480806350708,0.9491248130798341
0,B2,148,1,0.9988879561424255,0.9491248130798341
0,B2,663,1,0.9988527297973633,0.9491248130798341
0,B2,1137,1,0.9991152882575989,0.9491248130798341
0,B2,147,1,0.9989702701568604,0.9491248130798341
0,B2,981,1,0.9989950060844421,0.9491248130798341
0,B2,1056,1,0.999099612236023,0.9491248130798341
0,B2,778,1,0.9992374181747437,0.9491248130798341
0,B2,82,1,0.999332845211029,0.9491248130798341
0,B2,393,1,0.9994157552719116,0.9491248130798341
0,B2,979,1,0.9993236064910889,0.9491248130798341
0,B2,1093,1,0.99943608045578,0.9491248130798341
0,B2,782,1,0.9995191097259521,0.9491248130798341
0,B2,159,1,0.9996185302734375,0.9491248130798341
0,B2,332,1,0.9997095465660095,0.9491248130798341
0,B2,442,1,0.9996253252029419,0.9491248130798341
1,B2,38,0,0.44739940762519836,0.9973862767219545
1,B2,939,0,0.4938666522502899,0.9973862767219545
1,B2,164,0,0.3648751974105835,0.9973862767219545
1,B2,1090,0,0.7542598247528076,0.9973862767219545
1,B2,563,0,0.8315762877464294,0.9973862767219545
1,B2,1126,0,0.9027788043022156,0.9973862767219545
1,B2,558,0,0.9269947409629822,0.9973862767219545
1,B2,182,0,0.8852100372314453,0.9973862767219545
1,B2,632,0,0.8410954475402832,0.9973862767219545
1,B2,446,0,0.949044406414032,0.9973862767219545
1,B2,278,0,0.8584208488464355,0.9973862767219545
1,B2,739,0,0.8778384923934937,0.9973862767219545
1,B2,1133,0,0.9352236986160278,0.9973862767219545
1,B2,695,0,0.9604330062866211,0.9973862767219545
1,B2,492,0,0.953334629535675,0.9973862767219545
1,B2,301,0,0.9437763690948486,0.9973862767219545
1,B2,941,0,0.925722062587738,0.9973862767219545
1,B2,314,0,0.9228277206420898,0.9973862767219545
1,B2,919,0,0.9504004716873169,0.9973862767219545
1,B2,122,0,0.948985755443573,0.9973862767219545
1,B2,729,0,0.9703806638717651,0.9973862767219545
1,B2,1108,0,0.9630125761032104,0.9973862767219545
1,B2,689,0,0.949368417263031,0.9973862767219545
1,B2,684,0,0.9257614612579346,0.9973862767219545
1,B2,830,0,0.9128676056861877,0.9973862767219545
1,B2,858,0,0.9344942569732666,0.9973862767219545
1,B2,1171,0,0.9527421593666077,0.9973862767219545
1,B2,912,0,0.9559232592582703,0.9973862767219545
1,B2,1075,0,0.9569715857505798,0.9973862767219545
1,B2,871,0,0.8745865225791931,0.9973862767219545
1,B2,760,0,0.2766927480697632,0.9973862767219545
1,B2,387,0,0.029634743928909302,0.9973862767219545
1,B2,1011,0,0.008553899824619293,0.9973862767219545
1,B2,768,0,0.009114595130085945,0.9973862767219545
1,B2,57,0,0.02021549455821514,0.9973862767219545
1,B2,245,0,0.014555664733052254,0.9973862767219545
1,B2,983,0,0.01593349315226078,0.9973862767219545
1,B2,83,0,0.3864734172821045,0.9973862767219545
1,B2,819,0,0.17286968231201172,0.9973862767219545
1,B2,1036,0,0.015637552365660667,0.9973862767219545
1,B2,1139,0,0.006888174917548895,0.9973862767219545
1,B2,658,0,0.008355490863323212,0.9973862767219545
1,B2,675,0,0.009726977907121181,0.9973862767219545
1,B2,1147,0,0.01649477146565914,0.9973862767219545
1,B2,470,0,0.027807002887129784,0.9973862767219545
1,B2,133,0,0.015010197646915913,0.9973862767219545
1,B2,1159,0,0.020360974594950676,0.9973862767219545
1,B2,1141,0,0.021211516112089157,0.9973862767219545
1,B2,533,0,0.013530651107430458,0.9973862767219545
1,B2,232,0,0.01753115840256214,0.9973862767219545
1,B2,812,0,0.014672169461846352,0.9973862767219545
1,B2,329,0,0.007940954528748989,0.9973862767219545
1,B2,499,0,0.012918232008814812,0.9973862767219545
1,B2,583,0,0.013670463114976883,0.9973862767219545
1,B2,271,0,0.013627775013446808,0.9973862767219545
1,B2,53,0,0.0063283503986895084,0.9973862767219545
1,B2,848,0,0.0030802637338638306,0.9973862767219545
1,B2,926,0,0.037291668355464935,0.9973862767219545
1,B2,701,0,0.021297957748174667,0.9973862767219545
1,B2,937,0,0.010778049938380718,0.9973862767219545
1,B2,590,0,0.0053983451798558235,0.9973862767219545
1,B2,401,0,0.008875271305441856,0.9973862767219545
1,B2,794,0,0.01989268884062767,0.9973862767219545
1,B2,707,0,0.013499462977051735,0.9973862767219545
1,B2,417,0,0.02186879888176918,0.9973862767219545
1,B2,960,0,0.010661652311682701,0.9973862767219545
1,B2,490,0,0.011070586740970612,0.9973862767219545
1,B2,198,0,0.01666366681456566,0.9973862767219545
1,B2,225,0,0.016235416755080223,0.9973862767219545
1,B2,746,0,0.013723187148571014,0.9973862767219545
1,B2,648,0,0.024273594841361046,0.9973862767219545
1,B2,1178,0,0.01798229105770588,0.9973862767219545
1,B2,137,0,0.02682344987988472,0.9973862767219545
1,B2,575,0,0.06450290977954865,0.9973862767219545
1,B2,103,0,0.04879911616444588,0.9973862767219545
1,B2,308,0,0.1799750179052353,0.9973862767219545
1,B2,88,0,0.1028124988079071,0.9973862767219545
1,B2,1156,0,0.04221557825803757,0.9973862767219545
1,B2,1145,0,0.041427548974752426,0.9973862767219545
1,B2,336,0,0.05224297195672989,0.9973862767219545
1,B2,105,0,0.17733003199100494,0.9973862767219545
1,B2,670,0,0.23940818011760712,0.9973862767219545
1,B2,828,0,0.2964290678501129,0.9973862767219545
1,B2,458,0,0.3520812392234802,0.9973862767219545
1,B2,990,0,0.24376027286052704,0.9973862767219545
1,B2,346,0,0.2691405117511749,0.9973862767219545
1,B2,967,0,0.14559130370616913,0.9973862767219545
1,B2,94,0,0.1705428659915924,0.9973862767219545
1,B2,1071,0,0.09820662438869476,0.9973862767219545
1,B2,189,0,0.14367446303367615,0.9973862767219545
1,B2,1188,0,0.21542763710021973,0.9973862767219545
1,B2,957,0,0.24099227786064148,0.9973862767219545
1,B2,591,0,0.2798753082752228,0.9973862767219545
1,B2,883,0,0.1683819591999054,0.9973862767219545
1,B2,777,0,0.2983035743236542,0.9973862767219545
1,B2,669,0,0.19164994359016418,0.9973862767219545
1,B2,958,0,0.07487903535366058,0.9973862767219545
1,B2,673,0,0.011279397644102573,0.9973862767219545
1,B2,886,0,0.02641887031495571,0.9973862767219545
1,B2,435,0,0.036645106971263885,0.9973862767219545
1,B2,1007,0,0.05678685009479523,0.9973862767219545
1,B2,737,0,0.07110666483640671,0.9973862767219545
1,B2,14,0,0.01859075017273426,0.9973862767219545
1,B2,157,0,0.023579329252243042,0.9973862767219545
1,B2,874,0,0.027616389095783234,0.9973862767219545
1,B2,984,0,0.024527819827198982,0.9973862767219545
1,B2,176,0,0.02227845788002014,0.9973862767219545
1,B2,570,0,0.020087257027626038,0.9973862767219545
1,B2,235,0,0.007254293188452721,0.9973862767219545
1,B2,740,0,0.008314207196235657,0.9973862767219545
1,B2,99,0,0.016068723052740097,0.9973862767219545
1,B2,406,0,0.02647075615823269,0.9973862767219545
1,B2,1180,0,0.04075125232338905,0.9973862767219545
1,B2,205,0,6.808876466227003e-32,0.9973862767219545
1,B2,63,0,8.489832212408524e-32,0.9973862767219545
1,B2,595,0,7.011412967379333e-32,0.9973862767219545
1,B2,506,0,3.520640845543276e-32,0.9973862767219545
1,B2,947,0,3.5890660778310534e-32,0.9973862767219545
1,B2,1149,0,2.4265205319670427e-32,0.9973862767219545
1,B2,236,0,4.266969261846451e-32,0.9973862767219545
1,B2,1087,0,4.245116527991077e-32,0.9973862767219545
1,B2,108,0,3.854768061798406e-32,0.9973862767219545
1,B2,97,0,4.3038163077673265e-32,0.9973862767219545
1,B2,697,0,3.8103235020145785e-32,0.9973862767219545
1,B2,111,0,5.699716437115968e-32,0.9973862767219545
1,B2,325,0,5.581419975373792e-32,0.9973862767219545
1,B2,422,0,5.934188181044262e-32,0.9973862767219545
1,B2,847,0,7.637574122680998e-32,0.9973862767219545
1,B2,843,0,6.661864440735765e-32,0.9973862767219545
1,B2,374,0,8.863189201633646e-32,0.9973862767219545
1,B2,561,0,4.982392756172158e-32,0.9973862767219545
1,B2,959,0,4.467210316405212e-32,0.9973862767219545
1,B2,37,0,6.913146341627993e-32,0.9973862767219545
1,B2,102,0,8.408353409228452e-32,0.9973862767219545
1,B2,371,0,1.0061024410340487e-31,0.9973862767219545
1,B2,945,0,1.2222606882731417e-31,0.9973862767219545
1,B2,664,0,7.720649834936661e-32,0.9973862767219545
1,B2,948,0,1.0280930016020566e-31,0.9973862767219545
1,B2,978,0,4.646900497102135e-32,0.9973862767219545
1,B2,502,0,4.6197521611963064e-32,0.9973862767219545
1,B2,1158,0,5.199955601611048e-32,0.9973862767219545
1,B2,318,0,5.619233277651043e-32,0.9973862767219545
1,B2,100,0,7.035311355278725e-32,0.9973862767219545
1,B2,1181,0,1.2243232106610945e-31,0.9973862767219545
1,B2,829,0,5.783381659788569e-32,0.9973862767219545
1,B2,390,0,5.105452321023866e-32,0.9973862767219545
1,B2,520,0,3.809015470675701e-32,0.9973862767219545
1,B2,540,0,6.115183160470598e-32,0.9973862767219545
1,B2,872,0,7.400444586025495e-32,0.9973862767219545
1,B2,612,0,6.469968514447079e-32,0.9973862767219545
1,B2,534,0,2.6081184518332737e-31,0.9973862767219545
1,B2,702,0,8.423800345393738e-31,0.9973862767219545
1,B2,1021,0,1.6594100161857505e-30,0.9973862767219545
1,B2,1006,0,2.472438144864188e-30,0.9973862767219545
1,B2,1080,0,8.474402085812455e-31,0.9973862767219545
1,B2,433,0,1.1486857445387902e-30,0.9973862767219545
1,B2,1166,0,6.2913629343638744e-27,0.9973862767219545
1,B2,1084,0,9.882431002928203e-18,0.9973862767219545
1,B2,1129,0,7.993604000944288e-09,0.9973862767219545
1,B2,1150,0,0.16385123133659363,0.9973862767219545
1,B2,630,0,0.40280500054359436,0.9973862767219545
1,B2,1060,0,0.44659093022346497,0.9973862767219545
1,B2,824,0,0.43704479932785034,0.9973862767219545
1,B2,120,0,0.5324934720993042,0.9973862767219545
1,B2,78,0,0.6381570100784302,0.9973862767219545
1,B2,477,0,0.5982958674430847,0.9973862767219545
1,B2,114,0,0.5952174663543701,0.9973862767219545
1,B2,870,0,0.5390296578407288,0.9973862767219545
1,B2,596,0,0.5578379034996033,0.9973862767219545
1,B2,279,0,0.5756686329841614,0.9973862767219545
1,B2,704,1,0.9997883439064026,0.9973862767219545
1,B2,639,1,0.9996980428695679,0.9973862767219545
1,B2,8,1,0.9998706579208374,0.9973862767219545
1,B2,593,1,0.9996451139450073,0.9973862767219545
1,B2,720,1,0.999421238899231,0.9973862767219545
1,B2,752,1,0.9994832277297974,0.9973862767219545
1,B2,688,1,0.999281108379364,0.9973862767219545
1,B2,92,1,0.9993652701377869,0.9973862767219545
1,B2,567,1,0.9996577501296997,0.9973862767219545
1,B2,603,1,0.9998687505722046,0.9973862767219545
1,B2,1112,1,0.9997568726539612,0.9973862767219545
1,B2,163,1,0.9999537467956543,0.9973862767219545
1,B2,862,1,0.9999849796295166,0.9973862767219545
1,B2,4,1,0.9999569654464722,0.9973862767219545
1,B2,505,1,0.9999322891235352,0.9973862767219545
1,B2,416,1,0.9999221563339233,0.9973862767219545
1,B2,473,1,0.999747097492218,0.9973862767219545
1,B2,758,1,0.9994814991950989,0.9973862767219545
1,B2,657,1,0.9995211362838745,0.9973862767219545
1,B2,1072,1,0.998819887638092,0.9973862767219545
1,B2,85,1,0.9983443021774292,0.9973862767219545
1,B2,386,1,0.9998313188552856,0.9973862767219545
1,B2,136,1,0.999386191368103,0.9973862767219545
1,B2,127,1,0.999574601650238,0.9973862767219545
1,B2,888,1,0.9999113082885742,0.9973862767219545
1,B2,73,1,0.9998701810836792,0.9973862767219545
1,B2,141,1,0.9999277591705322,0.9973862767219545
1,B2,817,1,0.9999134540557861,0.9973862767219545
1,B2,671,1,0.9999294281005859,0.9973862767219545
1,B2,194,1,0.9999655485153198,0.9973862767219545
1,B2,451,1,0.9999896287918091,0.9973862767219545
1,B2,538,1,0.9999847412109375,0.9973862767219545
1,B2,712,1,0.9999847412109375,0.9973862767219545
1,B2,34,1,0.9999842643737793,0.9973862767219545
1,B2,10,1,0.999984860420227,0.9973862767219545
1,B2,1020,1,0.9999849796295166,0.9973862767219545
1,B2,277,1,0.9999386072158813,0.9973862767219545
1,B2,525,1,0.9999145269393921,0.9973862767219545
1,B2,44,1,0.9997438788414001,0.9973862767219545
1,B2,353,1,0.9997628331184387,0.9973862767219545
1,B2,860,1,0.9997367262840271,0.9973862767219545
1,B2,572,1,0.999714195728302,0.9973862767219545
1,B2,497,1,0.9996858835220337,0.9973862767219545
1,B2,392,1,0.9997214674949646,0.9973862767219545
1,B2,677,1,0.999648928642273,0.9973862767219545
1,B2,1115,1,0.9992640614509583,0.9973862767219545
1,B2,586,1,0.9998118281364441,0.9973862767219545
1,B2,145,1,0.9998766183853149,0.9973862767219545
1,B2,486,1,0.999913215637207,0.9973862767219545
1,B2,656,1,0.999854564666748,0.9973862767219545
1,B2,296,1,0.9993647933006287,0.9973862767219545
1,B2,151,1,0.9983789920806885,0.9973862767219545
1,B2,1059,1,0.9964784979820251,0.9973862767219545
1,B2,415,1,0.9938308000564575,0.9973862767219545
1,B2,807,1,0.998349666595459,0.9973862767219545
1,B2,69,1,0.9985059499740601,0.9973862767219545
2,B2,144,0,0.0006416893447749317,0.9728244543075563
2,B2,32,0,0.0018054951215162873,0.9728244543075563
2,B2,1022,0,0.000940728816203773,0.9728244543075563
2,B2,647,0,0.001513423165306449,0.9728244543075563
2,B2,565,0,0.013661514967679977,0.9728244543075563
2,B2,526,0,0.06665011495351791,0.9728244543075563
2,B2,118,0,0.030350584536790848,0.9728244543075563
2,B2,181,0,0.032965272665023804,0.9728244543075563
2,B2,718,0,0.010296586900949478,0.9728244543075563
2,B2,973,0,0.0023656326811760664,0.9728244543075563
2,B2,679,0,0.009631943888962269,0.9728244543075563
2,B2,1148,0,0.07519891858100891,0.9728244543075563
2,B2,2,0,0.003991411998867989,0.9728244543075563
2,B2,27,0,0.010374526493251324,0.9728244543075563
2,B2,396,0,0.0033369252923876047,0.9728244543075563
2,B2,1005,0,0.001626082113943994,0.9728244543075563
2,B2,935,0,0.05870962515473366,0.9728244543075563
2,B2,177,0,0.047598112374544144,0.9728244543075563
2,B2,809,0,0.20196287333965302,0.9728244543075563
2,B2,964,0,0.006693829316645861,0.9728244543075563
2,B2,569,0,0.0001348408404737711,0.9728244543075563
2,B2,825,0,4.1021485230885446e-05,0.9728244543075563
2,B2,251,0,2.602974018373061e-05,0.9728244543075563
2,B2,154,0,3.0460922062047757e-05,0.9728244543075563
2,B2,298,0,2.4850787667674012e-05,0.9728244543075563
2,B2,19,0,3.224063402740285e-05,0.9728244543075563
2,B2,260,0,2.532760117901489e-05,0.9728244543075563
2,B2,715,0,4.461410208023153e-05,0.9728244543075563
2,B2,273,0,4.687199543695897e-05,0.9728244543075563
2,B2,294,0,5.8784455177374184e-05,0.9728244543075563
2,B2,468,0,0.00010286946780979633,0.9728244543075563
2,B2,407,0,0.0002469155006110668,0.9728244543075563
2,B2,463,0,0.0019327023765072227,0.9728244543075563
2,B2,361,0,0.000891631527338177,0.9728244543075563
2,B2,195,0,0.0016205445863306522,0.9728244543075563
2,B2,86,0,0.0017075138166546822,0.9728244543075563
2,B2,16,0,0.0012209529522806406,0.9728244543075563
2,B2,1032,0,0.001742838998325169,0.9728244543075563
2,B2,833,0,0.0010605925926938653,0.9728244543075563
2,B2,129,0,0.000858011597301811,0.9728244543075563
2,B2,1132,0,0.000803373521193862,0.9728244543075563
2,B2,1173,0,0.0017872502794489264,0.9728244543075563
2,B2,1123,0,0.0025662665721029043,0.9728244543075563
2,B2,183,0,0.008982562460005283,0.9728244543075563
2,B2,282,0,0.01151121873408556,0.9728244543075563
2,B2,340,0,0.010040512308478355,0.9728244543075563
2,B2,553,0,0.001216943608596921,0.9728244543075563
2,B2,1063,0,0.0014897274086251855,0.9728244543075563
2,B2,576,0,0.006563263945281506,0.9728244543075563
2,B2,823,0,0.010849948041141033,0.9728244543075563
2,B2,364,0,0.022342020645737648,0.9728244543075563
2,B2,1170,0,0.0030740327201783657,0.9728244543075563
2,B2,863,0,0.0009662770899012685,0.9728244543075563
2,B2,250,0,0.0017285647336393595,0.9728244543075563
2,B2,414,0,0.002584415255114436,0.9728244543075563
2,B2,341,0,0.005385132506489754,0.9728244543075563
2,B2,106,0,0.016157863661646843,0.9728244543075563
2,B2,81,0,0.0011036113137379289,0.9728244543075563
2,B2,1027,0,0.0013901821803301573,0.9728244543075563
2,B2,609,0,0.00916977133601904,0.9728244543075563
2,B2,769,0,0.046009644865989685,0.9728244543075563
2,B2,45,0,0.45837071537971497,0.9728244543075563
2,B2,585,0,0.7242518067359924,0.9728244543075563
2,B2,221,0,0.37251630425453186,0.9728244543075563
2,B2,655,0,0.04760165140032768,0.9728244543075563
2,B2,242,0,0.21269561350345612,0.9728244543075563
2,B2,676,0,0.12706053256988525,0.9728244543075563
2,B2,997,0,0.028082679957151413,0.9728244543075563
2,B2,890,0,0.007968299090862274,0.9728244543075563
2,B2,518,0,0.008878955617547035,0.9728244543075563
2,B2,493,0,0.010874967090785503,0.9728244543075563
2,B2,800,0,0.011348423548042774,0.9728244543075563
2,B2,130,0,0.030519967898726463,0.9728244543075563
2,B2,31,0,0.07876656949520111,0.9728244543075563
2,B2,209,0,0.2451225221157074,0.9728244543075563
2,B2,1134,0,0.5254245400428772,0.9728244543075563
2,B2,459,0,0.009531259536743164,0.9728244543075563
2,B2,524,0,0.0034202393144369125,0.9728244543075563
2,B2,389,0,0.00165097089484334,0.9728244543075563
2,B2,423,0,0.0004913973389193416,0.9728244543075563
2,B2,261,0,0.0003013500536326319,0.9728244543075563
2,B2,43,0,0.0006224332028068602,0.9728244543075563
2,B2,384,0,0.0008930102339945734,0.9728244543075563
2,B2,910,0,0.0010385181521996856,0.9728244543075563
2,B2,248,0,0.0010983311804011464,0.9728244543075563
2,B2,462,0,0.0007284382591024041,0.9728244543075563
2,B2,331,0,0.00040848166099749506,0.9728244543075563
2,B2,623,0,0.0036412342451512814,0.9728244543075563
2,B2,418,0,0.00916639156639576,0.9728244543075563
2,B2,452,0,0.018226629123091698,0.9728244543075563
2,B2,77,0,0.023569440469145775,0.9728244543075563
2,B2,191,0,0.02876001037657261,0.9728244543075563
2,B2,785,0,0.04197358340024948,0.9728244543075563
2,B2,355,0,0.032225530594587326,0.9728244543075563
2,B2,1113,0,0.04329171031713486,0.9728244543075563
2,B2,999,0,0.05844467133283615,0.9728244543075563
2,B2,522,0,0.028461886569857597,0.9728244543075563
2,B2,694,0,0.047931019216775894,0.9728244543075563
2,B2,1163,0,0.028538821265101433,0.9728244543075563
2,B2,1105,0,0.004227915778756142,0.9728244543075563
2,B2,1117,0,0.0007928692502900958,0.9728244543075563
2,B2,1067,0,0.0003511910908855498,0.9728244543075563
2,B2,230,0,3.716104038176127e-05,0.9728244543075563
2,B2,65,0,3.1841424060985446e-05,0.9728244543075563
2,B2,25,0,2.8652824767050333e-05,0.9728244543075563
2,B2,206,0,2.9402412110357545e-05,0.9728244543075563
2,B2,1074,0,2.340622631891165e-05,0.9728244543075563
2,B2,454,0,1.6275906091323122e-05,0.9728244543075563
2,B2,408,0,1.3611327631224412e-05,0.9728244543075563
2,B2,217,0,1.5208551303658169e-05,0.9728244543075563
2,B2,745,0,2.9597711545648053e-05,0.9728244543075563
2,B2,985,0,4.5157365093473345e-05,0.9728244543075563
2,B2,510,0,2.9797769457218237e-05,0.9728244543075563
2,B2,949,0,9.853577466856223e-06,0.9728244543075563
2,B2,478,0,0.018805230036377907,0.9728244543075563
2,B2,914,0,0.019044961780309677,0.9728244543075563
2,B2,447,0,0.018442407250404358,0.9728244543075563
2,B2,998,0,0.01063818670809269,0.9728244543075563
2,B2,628,0,0.010898140259087086,0.9728244543075563
2,B2,1172,0,0.006148121319711208,0.9728244543075563
2,B2,12,0,0.008718977682292461,0.9728244543075563
2,B2,1182,0,0.01531582698225975,0.9728244543075563
2,B2,1016,0,0.011123446747660637,0.9728244543075563
2,B2,420,0,0.01134199183434248,0.9728244543075563
2,B2,1025,0,0.005158396903425455,0.9728244543075563
2,B2,429,0,0.0038405004888772964,0.9728244543075563
2,B2,362,0,0.004531411919742823,0.9728244543075563
2,B2,1081,0,0.003599921241402626,0.9728244543075563
2,B2,249,0,0.003467522095888853,0.9728244543075563
2,B2,622,0,0.004065954592078924,0.9728244543075563
2,B2,577,0,0.007435930892825127,0.9728244543075563
2,B2,359,0,0.008535198867321014,0.9728244543075563
2,B2,455,0,0.008935468271374702,0.9728244543075563
2,B2,338,0,0.006099538877606392,0.9728244543075563
2,B2,961,0,0.006111300550401211,0.9728244543075563
2,B2,156,0,0.004687371663749218,0.9728244543075563
2,B2,315,0,0.0077209556475281715,0.9728244543075563
2,B2,400,0,0.004756315145641565,0.9728244543075563
2,B2,373,0,0.07406792789697647,0.9728244543075563
2,B2,409,0,0.8458459377288818,0.9728244543075563
2,B2,1127,0,0.8034802079200745,0.9728244543075563
2,B2,804,0,0.39474397897720337,0.9728244543075563
2,B2,839,0,0.058158159255981445,0.9728244543075563
2,B2,976,0,0.1001487672328949,0.9728244543075563
2,B2,128,0,0.07753375917673111,0.9728244543075563
2,B2,1049,0,0.057303521782159805,0.9728244543075563
2,B2,421,0,0.08800743520259857,0.9728244543075563
2,B2,496,0,0.13174715638160706,0.9728244543075563
2,B2,91,0,0.06700034439563751,0.9728244543075563
2,B2,36,0,0.0439382940530777,0.9728244543075563
2,B2,439,0,0.08475096523761749,0.9728244543075563
2,B2,765,0,0.07057633996009827,0.9728244543075563
2,B2,641,0,0.08219027519226074,0.9728244543075563
2,B2,168,0,0.028190618380904198,0.9728244543075563
2,B2,776,0,0.02526613511145115,0.9728244543075563
2,B2,139,0,0.012522789649665356,0.9728244543075563
2,B2,796,0,0.012415054254233837,0.9728244543075563
2,B2,531,0,0.025104179978370667,0.9728244543075563
2,B2,514,0,0.02141379751265049,0.9728244543075563
2,B2,977,0,0.02238326147198677,0.9728244543075563
2,B2,682,0,0.018535591661930084,0.9728244543075563
2,B2,685,0,0.018486740067601204,0.9728244543075563
2,B2,231,0,0.022173143923282623,0.9728244543075563
2,B2,471,0,0.02797873690724373,0.9728244543075563
2,B2,466,0,0.024041548371315002,0.9728244543075563
2,B2,96,0,0.02147700823843479,0.9728244543075563
2,B2,1045,0,0.0217848289757967,0.9728244543075563
2,B2,1086,0,0.012678387574851513,0.9728244543075563
2,B2,853,0,0.016453756019473076,0.9728244543075563
2,B2,268,0,0.02075466513633728,0.9728244543075563
2,B2,107,0,0.009905204176902771,0.9728244543075563
2,B2,562,1,0.9999855756759644,0.9728244543075563
2,B2,143,1,0.9999904632568359,0.9728244543075563
2,B2,764,1,0.999962329864502,0.9728244543075563
2,B2,6,1,0.9999505281448364,0.9728244543075563
2,B2,552,1,0.9999579191207886,0.9728244543075563
2,B2,240,1,0.999975323677063,0.9728244543075563
2,B2,797,1,0.9999680519104004,0.9728244543075563
2,B2,507,1,0.9999605417251587,0.9728244543075563
2,B2,1031,1,0.9999362230300903,0.9728244543075563
2,B2,228,1,0.9998295307159424,0.9728244543075563
2,B2,894,1,0.9998778104782104,0.9728244543075563
2,B2,864,1,0.9999566078186035,0.9728244543075563
2,B2,125,1,0.9999606609344482,0.9728244543075563
2,B2,1038,1,0.9999023675918579,0.9728244543075563
2,B2,788,1,0.9997648596763611,0.9728244543075563
2,B2,924,1,0.9962775111198425,0.9728244543075563
2,B2,42,1,0.9576559066772461,0.9728244543075563
2,B2,175,1,0.916529655456543,0.9728244543075563
2,B2,363,1,0.9134877324104309,0.9728244543075563
2,B2,953,1,0.9474477767944336,0.9728244543075563
2,B2,1175,1,0.9169440865516663,0.9728244543075563
2,B2,440,1,0.9453498125076294,0.9728244543075563
2,B2,1073,1,0.9936748147010803,0.9728244543075563
2,B2,541,1,0.9994575381278992,0.9728244543075563
2,B2,965,1,0.9998531341552734,0.9728244543075563
2,B2,344,1,0.9999195337295532,0.9728244543075563
2,B2,789,1,0.9999300241470337,0.9728244543075563
2,B2,877,1,0.9999136924743652,0.9728244543075563
2,B2,584,1,0.9999406337738037,0.9728244543075563
2,B2,302,1,0.9999591112136841,0.9728244543075563
2,B2,852,1,0.9999233484268188,0.9728244543075563
2,B2,698,1,0.9998897314071655,0.9728244543075563
2,B2,500,1,0.9999016523361206,0.9728244543075563
2,B2,1023,1,0.9998724460601807,0.9728244543075563
2,B2,13,1,0.999552309513092,0.9728244543075563
2,B2,289,1,0.9998290538787842,0.9728244543075563
2,B2,255,1,0.9999103546142578,0.9728244543075563
2,B2,1083,1,0.9986132383346558,0.9728244543075563
2,B2,483,1,0.9991227984428406,0.9728244543075563
2,B2,1103,1,0.9999450445175171,0.9728244543075563
2,B2,35,1,0.9999212026596069,0.9728244543075563
2,B2,646,1,0.9997982382774353,0.9728244543075563
2,B2,779,1,0.9929330348968506,0.9728244543075563
2,B2,513,1,0.939444363117218,0.9728244543075563
2,B2,1146,1,0.32496631145477295,0.9728244543075563
2,B2,1008,1,0.05871022492647171,0.9728244543075563
2,B2,608,1,0.03427492082118988,0.9728244543075563
2,B2,645,1,0.4092046916484833,0.9728244543075563
2,B2,47,1,0.07423058152198792,0.9728244543075563
2,B2,929,1,0.37600213289260864,0.9728244543075563
2,B2,911,1,0.8880090713500977,0.9728244543075563
2,B2,511,1,0.7945423126220703,0.9728244543075563
2,B2,469,1,0.8667630553245544,0.9728244543075563
2,B2,916,1,0.8807643055915833,0.9728244543075563
2,B2,9,1,0.899846076965332,0.9728244543075563
2,B2,993,1,0.9880822896957397,0.9728244543075563
2,B2,588,1,0.9919652938842773,0.9728244543075563
3,B2,254,0,0.0032562778797000647,0.004230031277984382
3,B2,369,0,0.005370397120714188,0.004230031277984382
3,B2,411,0,0.016361178830266,0.004230031277984382
3,B2,799,0,0.003431028453633189,0.004230031277984382
3,B2,898,0,0.0015591536648571491,0.004230031277984382
3,B2,460,0,0.0010747069027274847,0.004230031277984382
3,B2,640,0,0.001200230442918837,0.004230031277984382
3,B2,803,0,0.0010150294983759522,0.004230031277984382
3,B2,1102,0,0.0007207328453660011,0.004230031277984382
3,B2,638,0,0.0005512519273906946,0.004230031277984382
3,B2,1057,0,0.0007370786042883992,0.004230031277984382
3,B2,379,0,0.0005267251399345696,0.004230031277984382
3,B2,1028,0,0.0006038834690116346,0.004230031277984382
3,B2,58,0,0.0007928900304250419,0.004230031277984382
3,B2,382,0,0.0004245195887051523,0.004230031277984382
3,B2,653,0,0.0005064425058662891,0.004230031277984382
3,B2,587,0,0.00024177988234441727,0.004230031277984382
3,B2,508,0,0.0003464340989012271,0.004230031277984382
3,B2,897,0,0.0005030891625210643,0.004230031277984382
3,B2,915,0,0.0005652802065014839,0.004230031277984382
3,B2,726,0,0.0009699816582724452,0.004230031277984382
3,B2,1092,0,0.0014319542096927762,0.004230031277984382
3,B2,1192,0,0.0006533398409374058,0.004230031277984382
3,B2,818,0,0.0004366484354250133,0.004230031277984382
3,B2,516,0,0.00020128459436818957,0.004230031277984382
3,B2,815,0,0.0003224691317882389,0.004230031277984382
3,B2,1082,0,0.00019689748296514153,0.004230031277984382
3,B2,1096,0,0.0001670163474045694,0.004230031277984382
3,B2,555,0,0.00034880859311670065,0.004230031277984382
3,B2,456,0,0.002490675775334239,0.004230031277984382
3,B2,264,0,0.0022096047177910805,0.004230031277984382
3,B2,76,0,0.0031973563600331545,0.004230031277984382
3,B2,921,0,0.0045219892635941505,0.004230031277984382
3,B2,158,0,0.001101762056350708,0.004230031277984382
3,B2,944,0,0.0009254089090973139,0.004230031277984382
3,B2,1160,0,0.00019640506070572883,0.004230031277984382
3,B2,87,0,0.0001803492195904255,0.004230031277984382
3,B2,974,0,0.000813630351331085,0.004230031277984382
3,B2,1070,0,0.0016317312838509679,0.004230031277984382
3,B2,836,0,0.0024833919014781713,0.004230031277984382
3,B2,674,0,0.00041723583126440644,0.004230031277984382
3,B2,89,0,0.013751711696386337,0.004230031277984382
3,B2,539,0,0.3964150547981262,0.004230031277984382
3,B2,659,0,0.9086780548095703,0.004230031277984382
3,B2,90,0,0.9891855716705322,0.004230031277984382
3,B2,413,0,0.9917576909065247,0.004230031277984382
3,B2,465,0,0.9876015782356262,0.004230031277984382
3,B2,68,0,0.9932624697685242,0.004230031277984382
3,B2,940,0,0.9963678121566772,0.004230031277984382
3,B2,857,0,0.998389482498169,0.004230031277984382
3,B2,700,0,0.9985331296920776,0.004230031277984382
3,B2,969,0,0.993560791015625,0.004230031277984382
3,B2,744,0,0.992085874080658,0.004230031277984382
3,B2,787,0,0.9941032528877258,0.004230031277984382
3,B2,171,0,0.9953833222389221,0.004230031277984382
3,B2,165,0,0.9980940222740173,0.004230031277984382
3,B2,174,0,4.858728359980341e-27,0.004230031277984382
3,B2,761,0,3.386768259429126e-36,0.004230031277984382
3,B2,351,0,6.681142117610362e-36,0.004230031277984382
3,B2,297,0,1.7371394388449635e-35,0.004230031277984382
3,B2,780,0,4.781634651698815e-35,0.004230031277984382
3,B2,907,0,9.315389802027235e-35,0.004230031277984382
3,B2,537,0,8.798999955074553e-35,0.004230031277984382
3,B2,1003,0,4.001489241977425e-35,0.004230031277984382
3,B2,951,0,5.98334545380088e-35,0.004230031277984382
3,B2,542,0,4.5369111345510747e-35,0.004230031277984382
3,B2,432,0,2.0853744745294073e-35,0.004230031277984382
3,B2,942,0,3.398456335216709e-35,0.004230031277984382
3,B2,1161,0,2.8935332979030535e-35,0.004230031277984382
3,B2,385,0,2.8057285190686216e-35,0.004230031277984382
3,B2,988,0,4.75729107056881e-35,0.004230031277984382
3,B2,1157,0,3.6237701332655325e-35,0.004230031277984382
3,B2,224,0,4.2464541142885055e-35,0.004230031277984382
3,B2,904,0,3.4263651424991225e-35,0.004230031277984382
3,B2,564,0,3.324901842512668e-35,0.004230031277984382
3,B2,842,0,2.4895526811210816e-35,0.004230031277984382
3,B2,680,0,1.9054886830777243e-35,0.004230031277984382
3,B2,972,0,2.1255965564380917e-35,0.004230031277984382
3,B2,215,0,1.3896146933261166e-35,0.004230031277984382
3,B2,913,0,1.5917796326527655e-35,0.004230031277984382
3,B2,692,0,8.820604973010534e-36,0.004230031277984382
3,B2,955,0,7.93381057112198e-36,0.004230031277984382
3,B2,547,0,7.568242159509567e-36,0.004230031277984382
3,B2,1179,0,1.1328646004916735e-35,0.004230031277984382
3,B2,703,0,2.618480821163211e-35,0.004230031277984382
3,B2,649,0,2.710436564423984e-35,0.004230031277984382
3,B2,756,0,2.55053575535887e-35,0.004230031277984382
3,B2,1153,0,4.6398260093486765e-35,0.004230031277984382
3,B2,117,0,3.134772231943449e-35,0.004230031277984382
3,B2,1033,0,2.830086736480827e-35,0.004230031277984382
3,B2,59,0,3.4652468566427885e-35,0.004230031277984382
3,B2,928,0,4.10601898657778e-35,0.004230031277984382
3,B2,201,0,3.0738118295937746e-35,0.004230031277984382
3,B2,66,0,4.4400040231177584e-35,0.004230031277984382
3,B2,70,0,3.144257403766942e-35,0.004230031277984382
3,B2,39,0,1.2484873555631e-35,0.004230031277984382
3,B2,356,0,2.453163152754403e-35,0.004230031277984382
3,B2,621,0,2.2438102204448757e-35,0.004230031277984382
3,B2,259,0,2.2021408685139264e-35,0.004230031277984382
3,B2,992,0,2.0396172950757254e-35,0.004230031277984382
3,B2,750,0,2.1528029656678593e-35,0.004230031277984382
3,B2,734,0,2.1142103898441283e-35,0.004230031277984382
3,B2,705,0,3.8139097883421434e-35,0.004230031277984382
3,B2,1061,0,8.055280520932379e-35,0.004230031277984382
3,B2,884,0,1.4391019436478106e-34,0.004230031277984382
3,B2,629,0,1.7386319091504936e-34,0.004230031277984382
3,B2,759,0,8.190939915856963e-35,0.004230031277984382
3,B2,398,0,2.475196784170109e-35,0.004230031277984382
3,B2,751,0,8.419377842690711e-36,0.004230031277984382
3,B2,846,0,8.177354719608904e-36,0.004230031277984382
3,B2,615,0,2.0390570985491616e-35,0.004230031277984382
3,B2,49,0,3.259523004854092e-35,0.004230031277984382
3,B2,18,0,4.1043277785188454e-35,0.004230031277984382
3,B2,21,0,0.0009281581733375788,0.004230031277984382
3,B2,573,0,0.0008660948951728642,0.004230031277984382
3,B2,835,0,0.0006217792979441583,0.004230031277984382
3,B2,578,0,0.0006435218383558095,0.004230031277984382
3,B2,98,0,0.0005478959064930677,0.004230031277984382
3,B2,425,0,0.0005642967880703509,0.004230031277984382
3,B2,262,0,0.0005557793192565441,0.004230031277984382
3,B2,711,0,0.0007931066793389618,0.004230031277984382
3,B2,366,0,0.0012342081172391772,0.004230031277984382
3,B2,936,0,0.0013189305318519473,0.004230031277984382
3,B2,430,0,0.0011090553598478436,0.004230031277984382
3,B2,319,0,0.0007065449608489871,0.004230031277984382
3,B2,762,0,0.0006740072276443243,0.004230031277984382
3,B2,310,0,0.0017832404701039195,0.004230031277984382
3,B2,200,0,0.0014463475672528148,0.004230031277984382
3,B2,728,0,0.001477471785619855,0.004230031277984382
3,B2,150,0,0.0009345627040602267,0.004230031277984382
3,B2,832,0,0.0006238762871362269,0.004230031277984382
3,B2,263,0,0.0005248119123280048,0.004230031277984382
3,B2,666,0,0.0008604995673522353,0.004230031277984382
3,B2,239,0,0.0011607474880293012,0.004230031277984382
3,B2,783,0,0.0012827659957110882,0.004230031277984382
3,B2,322,0,0.0009272682946175337,0.004230031277984382
3,B2,1065,0,0.0010864927899092436,0.004230031277984382
3,B2,753,0,0.0027499906718730927,0.004230031277984382
3,B2,472,0,0.0030452627688646317,0.004230031277984382
3,B2,544,0,0.0021107420325279236,0.004230031277984382
3,B2,1190,0,0.0013552713207900524,0.004230031277984382
3,B2,952,0,0.0006186565151438117,0.004230031277984382
3,B2,811,0,0.0005218598525971174,0.004230031277984382
3,B2,488,0,0.0007854413706809282,0.004230031277984382
3,B2,879,0,0.0005581484292633832,0.004230031277984382
3,B2,892,0,0.0007002488127909601,0.004230031277984382
3,B2,71,0,0.0007228542817756534,0.004230031277984382
3,B2,95,0,0.0007015520241111517,0.004230031277984382
3,B2,683,0,0.0009582456550560892,0.004230031277984382
3,B2,634,0,0.0005825753905810416,0.004230031277984382
3,B2,767,0,0.0008897348889149725,0.004230031277984382
3,B2,1010,0,0.0014180113794282079,0.004230031277984382
3,B2,186,0,0.0025618718937039375,0.004230031277984382
3,B2,352,0,0.005415941588580608,0.004230031277984382
3,B2,738,0,0.003941938281059265,0.004230031277984382
3,B2,1042,0,0.0017522841226309538,0.004230031277984382
3,B2,775,0,0.0006538759334944189,0.004230031277984382
3,B2,56,0,0.0034147140104323626,0.004230031277984382
3,B2,903,1,0.9999972581863403,0.004230031277984382
3,B2,1043,1,1.0,0.004230031277984382
3,B2,50,1,1.0,0.004230031277984382
3,B2,1124,1,1.0,0.004230031277984382
3,B2,772,1,1.0,0.004230031277984382
3,B2,1000,1,1.0,0.004230031277984382
3,B2,1114,1,1.0,0.004230031277984382
3,B2,196,1,1.0,0.004230031277984382
3,B2,467,1,1.0,0.004230031277984382
3,B2,636,1,1.0,0.004230031277984382
3,B2,643,1,0.8480650186538696,0.004230031277984382
3,B2,611,1,0.7065574526786804,0.004230031277984382
3,B2,149,1,0.7311100959777832,0.004230031277984382
3,B2,1136,1,0.5389984846115112,0.004230031277984382
3,B2,543,1,0.6360573768615723,0.004230031277984382
3,B2,284,1,0.8143539428710938,0.004230031277984382
3,B2,773,1,0.9021502733230591,0.004230031277984382
3,B2,491,1,0.8732531070709229,0.004230031277984382
3,B2,335,1,0.7810192704200745,0.004230031277984382
3,B2,665,1,0.765892505645752,0.004230031277984382
3,B2,536,1,0.671477198600769,0.004230031277984382
3,B2,601,1,0.44951775670051575,0.004230031277984382
3,B2,550,1,0.4055856466293335,0.004230031277984382
3,B2,742,1,0.6196509599685669,0.004230031277984382
3,B2,757,1,0.5826163291931152,0.004230031277984382
3,B2,345,1,0.5227560997009277,0.004230031277984382
3,B2,285,1,0.6881279349327087,0.004230031277984382
3,B2,816,1,0.5690462589263916,0.004230031277984382
3,B2,115,1,0.54588782787323,0.004230031277984382
3,B2,1186,1,0.510047197341919,0.004230031277984382
3,B2,1050,1,0.854128360748291,0.004230031277984382
3,B2,931,1,0.8985033631324768,0.004230031277984382
3,B2,925,1,0.9157671332359314,0.004230031277984382
3,B2,1177,1,0.8656580448150635,0.004230031277984382
3,B2,419,1,0.962444543838501,0.004230031277984382
3,B2,372,1,0.9697228670120239,0.004230031277984382
3,B2,535,1,0.9636537432670593,0.004230031277984382
3,B2,766,1,0.9231632351875305,0.004230031277984382
3,B2,1024,1,0.6211528182029724,0.004230031277984382
3,B2,865,1,0.6430012583732605,0.004230031277984382
3,B2,290,1,0.20400257408618927,0.004230031277984382
3,B2,822,1,0.33238160610198975,0.004230031277984382
3,B2,827,1,0.5895000696182251,0.004230031277984382
3,B2,515,1,0.8226632475852966,0.004230031277984382
3,B2,781,1,0.9142937064170837,0.004230031277984382
3,B2,605,1,0.9547935724258423,0.004230031277984382
3,B2,687,1,0.9071396589279175,0.004230031277984382
3,B2,119,1,0.7875421643257141,0.004230031277984382
3,B2,996,1,0.8276912569999695,0.004230031277984382
3,B2,272,1,0.9742335677146912,0.004230031277984382
3,B2,1002,1,0.9523500800132751,0.004230031277984382
3,B2,152,1,0.8866148591041565,0.004230031277984382
3,B2,269,1,0.9376577734947205,0.004230031277984382
3,B2,161,1,0.964154064655304,0.004230031277984382
3,B2,241,1,0.9877938628196716,0.004230031277984382
3,B2,627,1,0.9953881502151489,0.004230031277984382
3,B2,1009,1,0.99246746301651,0.004230031277984382
3,B2,1174,1,0.9600085020065308,0.004230031277984382
3,B2,464,1,0.8704895973205566,0.004230031277984382
3,B2,1099,1,0.48660629987716675,0.004230031277984382
3,B2,394,1,0.5182927846908569,0.004230031277984382
3,B2,549,1,0.43154817819595337,0.004230031277984382
3,B2,316,1,0.4052005112171173,0.004230031277984382
3,B2,134,1,0.8033720254898071,0.004230031277984382
3,B2,23,1,0.8340624570846558,0.004230031277984382
3,B2,934,1,0.7497814297676086,0.004230031277984382
3,B2,551,1,0.9155481457710266,0.004230031277984382
4,B2,424,0,0.0006038593710400164,0.010105635970830919
4,B2,380,0,0.000376897252863273,0.010105635970830919
4,B2,1077,0,0.0003078166046179831,0.010105635970830919
4,B2,1142,0,0.0003200352075509727,0.010105635970830919
4,B2,1169,0,0.0001999780215555802,0.010105635970830919
4,B2,1185,0,0.0001972556347027421,0.010105635970830919
4,B2,598,0,0.00022269673354458064,0.010105635970830919
4,B2,859,0,0.00021096102136652917,0.010105635970830919
4,B2,599,0,0.00014491024194285274,0.010105635970830919
4,B2,192,0,0.0002769774873740971,0.010105635970830919
4,B2,554,0,0.00020759174367412925,0.010105635970830919
4,B2,24,0,0.00021574458514805883,0.010105635970830919
4,B2,281,0,0.00020101999689359218,0.010105635970830919
4,B2,1130,0,0.00022168250870890915,0.010105635970830919
4,B2,1044,0,0.00022478110622614622,0.010105635970830919
4,B2,633,0,0.0001966120908036828,0.010105635970830919
4,B2,222,0,0.00018142863700632006,0.010105635970830919
4,B2,138,0,0.00018329505110159516,0.010105635970830919
4,B2,635,0,0.0002258015883853659,0.010105635970830919
4,B2,52,0,0.0003098828892689198,0.010105635970830919
4,B2,932,0,0.0007488285773433745,0.010105635970830919
4,B2,293,0,0.0023655544500797987,0.010105635970830919
4,B2,343,0,0.0048635415732860565,0.010105635970830919
4,B2,895,0,0.0015921075828373432,0.010105635970830919
4,B2,350,0,0.0015903437742963433,0.010105635970830919
4,B2,445,0,0.0010867704404518008,0.010105635970830919
4,B2,678,0,0.0017822906374931335,0.010105635970830919
4,B2,717,0,0.0013715378008782864,0.010105635970830919
4,B2,600,0,0.0017951790941879153,0.010105635970830919
4,B2,802,0,0.001491177943535149,0.010105635970830919
4,B2,233,0,0.0015899575082585216,0.010105635970830919
4,B2,1013,0,0.001511819427832961,0.010105635970830919
4,B2,975,0,0.0014207558706402779,0.010105635970830919
4,B2,805,0,0.0015268897404894233,0.010105635970830919
4,B2,917,0,0.0011204782640561461,0.010105635970830919
4,B2,987,0,0.0013421605108305812,0.010105635970830919
4,B2,112,0,0.001780914724804461,0.010105635970830919
4,B2,219,0,0.0022019825410097837,0.010105635970830919
4,B2,1131,0,0.0021038511767983437,0.010105635970830919
4,B2,709,0,0.0015688035637140274,0.010105635970830919
4,B2,79,0,0.0010942809749394655,0.010105635970830919
4,B2,299,0,0.0009276502532884479,0.010105635970830919
4,B2,123,0,0.0008917421801015735,0.010105635970830919
4,B2,349,0,0.0012837422545999289,0.010105635970830919
4,B2,448,0,0.0016677380772307515,0.010105635970830919
4,B2,210,0,0.002910824492573738,0.010105635970830919
4,B2,602,0,0.0022132620215415955,0.010105635970830919
4,B2,481,0,0.004027488175779581,0.010105635970830919
4,B2,54,0,0.0018500776495784521,0.010105635970830919
4,B2,710,0,0.0006719001103192568,0.010105635970830919
4,B2,994,0,0.0012691037263721228,0.010105635970830919
4,B2,861,0,0.001142594264820218,0.010105635970830919
4,B2,661,0,0.0015117853181436658,0.010105635970830919
4,B2,930,0,0.002304112073034048,0.010105635970830919
4,B2,126,0,0.0026180781424045563,0.010105635970830919
4,B2,348,0,0.00218948139809072,0.010105635970830919
4,B2,378,0,0.001678236061707139,0.010105635970830919
4,B2,295,0,3.4566669998578858e-40,0.010105635970830919
4,B2,146,0,4.039901433694518e-40,0.010105635970830919
4,B2,381,0,2.090569152956908e-40,0.010105635970830919
4,B2,1035,0,2.6656760557004563e-40,0.010105635970830919
4,B2,867,0,5.126818587548062e-40,0.010105635970830919
4,B2,901,0,2.6357583334871214e-40,0.010105635970830919
4,B2,579,0,1.5053869142548645e-40,0.010105635970830919
4,B2,5,0,2.0704184810399172e-40,0.010105635970830919
4,B2,708,0,9.854491320517844e-41,0.010105635970830919
4,B2,1193,0,5.024818072329859e-40,0.010105635970830919
4,B2,482,0,5.130658145340312e-40,0.010105635970830919
4,B2,557,0,3.045946419964282e-40,0.010105635970830919
4,B2,856,0,3.0487350039082883e-40,0.010105635970830919
4,B2,475,0,2.207717704574463e-40,0.010105635970830919
4,B2,885,0,3.516362314438123e-40,0.010105635970830919
4,B2,878,0,3.623421517112539e-40,0.010105635970830919
4,B2,980,0,3.541823907534905e-40,0.010105635970830919
4,B2,227,0,4.853719529835799e-40,0.010105635970830919
4,B2,1088,0,3.6479022012842935e-40,0.010105635970830919
4,B2,1189,0,1.946585735747533e-40,0.010105635970830919
4,B2,716,0,3.0909841526076815e-40,0.010105635970830919
4,B2,722,0,1.7096682043841363e-40,0.010105635970830919
4,B2,48,0,2.7568165078201424e-40,0.010105635970830919
4,B2,1107,0,5.5551815151075156e-40,0.010105635970830919
4,B2,963,0,2.829459820210741e-40,0.010105635970830919
4,B2,1168,0,6.171963034180084e-40,0.010105635970830919
4,B2,1176,0,4.390324140668225e-40,0.010105635970830919
4,B2,1183,0,2.4686114526624572e-40,0.010105635970830919
4,B2,1051,0,2.48298877490643e-40,0.010105635970830919
4,B2,1167,0,2.1775057096836197e-40,0.010105635970830919
4,B2,801,0,1.8232294319330195e-40,0.010105635970830919
4,B2,61,0,1.3251378927887633e-40,0.010105635970830919
4,B2,582,0,2.3707027289600823e-40,0.010105635970830919
4,B2,548,0,2.7156603719229225e-40,0.010105635970830919
4,B2,253,0,4.184585500136055e-40,0.010105635970830919
4,B2,604,0,3.0895688411587134e-40,0.010105635970830919
4,B2,966,0,1.6211902193466674e-40,0.010105635970830919
4,B2,1052,0,1.7855765421966117e-40,0.010105635970830919
4,B2,484,0,2.327893060874959e-40,0.010105635970830919
4,B2,29,0,3.0135764254383786e-40,0.010105635970830919
4,B2,1095,0,3.013716555284811e-40,0.010105635970830919
4,B2,179,0,1.806315759468619e-40,0.010105635970830919
4,B2,724,0,2.9244118041533905e-40,0.010105635970830919
4,B2,662,0,2.133645067750253e-40,0.010105635970830919
4,B2,375,0,2.6310639836316333e-40,0.010105635970830919
4,B2,178,0,2.9253226481552016e-40,0.010105635970830919
4,B2,784,0,1.012592283305756e-40,0.010105635970830919
4,B2,461,0,8.694916841289057e-41,0.010105635970830919
4,B2,749,0,1.4673416609484457e-40,0.010105635970830919
4,B2,173,0,1.91201570263264e-40,0.010105635970830919
4,B2,521,0,1.1016588136982414e-40,0.010105635970830919
4,B2,22,0,1.2386077126167058e-40,0.010105635970830919
4,B2,873,0,7.636516111184523e-41,0.010105635970830919
4,B2,574,0,1.2792453680821255e-40,0.010105635970830919
4,B2,495,0,1.6432746831444265e-40,0.010105635970830919
4,B2,1068,0,1.4631097395861848e-40,0.010105635970830919
4,B2,223,0,2.6597205372270758e-40,0.010105635970830919
4,B2,956,1,1.0,0.010105635970830919
4,B2,410,1,1.0,0.010105635970830919
4,B2,276,1,1.0,0.010105635970830919
4,B2,267,1,1.0,0.010105635970830919
4,B2,354,1,1.0,0.010105635970830919
4,B2,581,1,1.0,0.010105635970830919
4,B2,517,1,1.0,0.010105635970830919
4,B2,1034,1,1.0,0.010105635970830919
4,B2,155,1,1.0,0.010105635970830919
4,B2,55,1,1.0,0.010105635970830919
4,B2,1151,1,1.0,0.010105635970830919
4,B2,1104,1,1.0,0.010105635970830919
4,B2,546,1,1.0,0.010105635970830919
4,B2,1091,1,1.0,0.010105635970830919
4,B2,943,1,1.0,0.010105635970830919
4,B2,110,1,1.0,0.010105635970830919
4,B2,60,1,1.0,0.010105635970830919
4,B2,610,1,1.0,0.010105635970830919
4,B2,696,1,1.0,0.010105635970830919
4,B2,1119,1,1.0,0.010105635970830919
4,B2,300,1,1.0,0.010105635970830919
4,B2,618,1,1.0,0.010105635970830919
4,B2,169,1,1.0,0.010105635970830919
4,B2,667,1,1.0,0.010105635970830919
4,B2,1184,1,1.0,0.010105635970830919
4,B2,403,1,1.0,0.010105635970830919
4,B2,840,1,1.0,0.010105635970830919
4,B2,333,1,1.0,0.010105635970830919
4,B2,619,1,1.0,0.010105635970830919
4,B2,121,1,1.0,0.010105635970830919
4,B2,237,1,1.0,0.010105635970830919
4,B2,1138,1,1.0,0.010105635970830919
4,B2,1017,1,1.0,0.010105635970830919
4,B2,1155,1,1.0,0.010105635970830919
4,B2,286,1,1.0,0.010105635970830919
4,B2,580,1,1.0,0.010105635970830919
4,B2,1019,1,1.0,0.010105635970830919
4,B2,620,1,1.0,0.010105635970830919
4,B2,436,1,1.0,0.010105635970830919
4,B2,487,1,1.0,0.010105635970830919
4,B2,743,1,1.0,0.010105635970830919
4,B2,1118,1,1.0,0.010105635970830919
4,B2,450,1,1.0,0.010105635970830919
4,B2,330,1,1.0,0.010105635970830919
4,B2,529,1,1.0,0.010105635970830919
4,B2,592,1,1.0,0.010105635970830919
4,B2,1109,1,1.0,0.010105635970830919
4,B2,681,1,1.0,0.010105635970830919
4,B2,312,1,1.0,0.010105635970830919
4,B2,207,1,1.0,0.010105635970830919
4,B2,323,1,1.0,0.010105635970830919
4,B2,431,1,1.0,0.010105635970830919
4,B2,326,1,1.0,0.010105635970830919
4,B2,869,1,1.0,0.010105635970830919
4,B2,597,1,1.0,0.010105635970830919
4,B2,317,1,1.0,0.010105635970830919
4,B2,266,1,1.0,0.010105635970830919
4,B2,124,1,0.002375980606302619,0.010105635970830919
4,B2,614,1,0.0004350536619313061,0.010105635970830919
4,B2,795,1,0.0008273230632767081,0.010105635970830919
4,B2,986,1,0.0015638002660125494,0.010105635970830919
4,B2,132,1,0.00374916335567832,0.010105635970830919
4,B2,1041,1,0.0018881447613239288,0.010105635970830919
4,B2,347,1,0.00275675137527287,0.010105635970830919
4,B2,509,1,0.0022507242392748594,0.010105635970830919
4,B2,457,1,0.006686599925160408,0.010105635970830919
4,B2,763,1,0.003473832504823804,0.010105635970830919
4,B2,368,1,0.0038649917114526033,0.010105635970830919
4,B2,571,1,0.004066635388880968,0.010105635970830919
4,B2,1085,1,0.007356142625212669,0.010105635970830919
4,B2,1144,1,0.00791253987699747,0.010105635970830919
4,B2,1100,1,0.005105570890009403,0.010105635970830919
4,B2,880,1,0.004458366893231869,0.010105635970830919
4,B2,40,1,0.002876679180189967,0.010105635970830919
4,B2,906,1,0.0012678076745942235,0.010105635970830919
4,B2,532,1,0.002851188415661454,0.010105635970830919
4,B2,1,1,0.0014708004891872406,0.010105635970830919
4,B2,556,1,0.0024540338199585676,0.010105635970830919
4,B2,613,1,0.0020939253736287355,0.010105635970830919
4,B2,404,1,0.0021137502044439316,0.010105635970830919
4,B2,1143,1,0.00200431770645082,0.010105635970830919
4,B2,691,1,0.002651556394994259,0.010105635970830919
4,B2,736,1,0.003203811589628458,0.010105635970830919
4,B2,731,1,0.0034768152981996536,0.010105635970830919
4,B2,672,1,0.001268021180294454,0.010105635970830919
4,B2,844,1,0.002504813252016902,0.010105635970830919
4,B2,320,1,0.002360250800848007,0.010105635970830919
4,B2,212,1,0.0024836186785250902,0.010105635970830919
4,B2,838,1,0.0010827152291312814,0.010105635970830919
4,B2,1140,1,0.000840989756397903,0.010105635970830919
4,B2,1014,1,0.002097743097692728,0.010105635970830919
4,B2,1122,1,0.0021029163617640734,0.010105635970830919
4,B2,721,1,0.0033468741457909346,0.010105635970830919
4,B2,275,1,0.010237319394946098,0.010105635970830919
4,B2,909,1,0.010623362846672535,0.010105635970830919
4,B2,313,1,0.013294413685798645,0.010105635970830919
4,B2,292,1,0.015461868606507778,0.010105635970830919
4,B2,291,1,0.017840413376688957,0.010105635970830919
4,B2,617,1,0.008692658506333828,0.010105635970830919
4,B2,1004,1,0.010300897061824799,0.010105635970830919
4,B2,256,1,0.0016061868518590927,0.010105635970830919
4,B2,770,1,0.0012808165047317743,0.010105635970830919
4,B2,1191,1,0.002591345924884081,0.010105635970830919
4,B2,162,1,0.0013268826296553016,0.010105635970830919
4,B2,631,1,0.004124975297600031,0.010105635970830919
4,B2,342,1,0.003918818663805723,0.010105635970830919
4,B2,849,1,0.00522612826898694,0.010105635970830919
4,B2,101,1,0.009183188900351524,0.010105635970830919
4,B2,376,1,0.009730014018714428,0.010105635970830919
4,B2,0,1,0.004182187374681234,0.010105635970830919
4,B2,754,1,0.004714031238108873,0.010105635970830919
4,B2,660,1,0.004904183093458414,0.010105635970830919
4,B2,927,1,0.0041734338738024235,0.010105635970830919
4,B2,908,1,0.011788491159677505,0.010105635970830919
4,B2,243,1,0.013318199664354324,0.010105635970830919
4,B2,793,1,0.022861111909151077,0.010105635970830919
4,B2,1162,1,0.01942453719675541,0.010105635970830919
