budget,seed,method,scope,facility,geometry,n,tp,fp,fn,tn,recall,precision,f1,false_positive_rate,auroc,margin_auroc
0.01,0,B1,all,__all__,__all__,1152,11,0,373,768,0.028645833333333332,1.0,0.05569620253164557,0.0,0.5476108127170138,0.5476108127170138
0.01,0,B2,all,__all__,__all__,1152,13,0,371,768,0.033854166666666664,1.0,0.0654911838790932,0.0,0.5677897135416666,0.5677897135416666
0.01,0,B3,all,__all__,__all__,1152,8,5,376,763,0.020833333333333332,0.6153846153846154,0.04030226700251889,0.006510416666666667,0.5677897135416666,0.5595228407118056
0.01,0,P1,all,__all__,__all__,1152,8,2,376,766,0.020833333333333332,0.8,0.04060913705583756,0.0026041666666666665,0.5677897135416666,0.5593905978732638
0.01,0,B1,seen,__all__,__all__,432,8,0,136,288,0.05555555555555555,1.0,0.10526315789473684,0.0,0.5577498070987654,0.5577498070987654
0.01,0,B2,seen,__all__,__all__,432,6,0,138,288,0.041666666666666664,1.0,0.08,0.0,0.5785349151234568,0.5785349151234568
0.01,0,B3,seen,__all__,__all__,432,4,3,140,285,0.027777777777777776,0.5714285714285714,0.052980132450331126,0.010416666666666666,0.5785349151234568,0.5689139660493827
0.01,0,P1,seen,__all__,__all__,432,4,2,140,286,0.027777777777777776,0.6666666666666666,0.05333333333333334,0.006944444444444444,0.5785349151234568,0.5662615740740741
0.01,0,B1,seen,__all__,central_furniture,144,4,0,44,96,0.08333333333333333,1.0,0.15384615384615385,0.0,0.5540364583333334,0.5540364583333334
0.01,0,B2,seen,__all__,central_furniture,144,3,0,45,96,0.0625,1.0,0.11764705882352941,0.0,0.5779079861111112,0.5779079861111112
0.01,0,B3,seen,__all__,central_furniture,144,3,1,45,95,0.0625,0.75,0.11538461538461539,0.010416666666666666,0.5779079861111112,0.5713975694444444
0.01,0,P1,seen,__all__,central_furniture,144,3,0,45,96,0.0625,1.0,0.11764705882352941,0.0,0.5779079861111112,0.5598958333333334
0.01,0,B1,seen,__all__,clear,144,4,0,44,96,0.08333333333333333,1.0,0.15384615384615385,0.0,0.5588107638888888,0.5588107638888888
0.01,0,B2,seen,__all__,clear,144,3,0,45,96,0.0625,1.0,0.11764705882352941,0.0,0.5826822916666666,0.5826822916666666
0.01,0,B3,seen,__all__,clear,144,1,2,47,94,0.020833333333333332,0.3333333333333333,0.0392156862745098,0.020833333333333332,0.5826822916666666,0.5798611111111112
0.01,0,P1,seen,__all__,clear,144,1,2,47,94,0.020833333333333332,0.3333333333333333,0.0392156862745098,0.020833333333333332,0.5826822916666666,0.58203125
0.01,0,B1,seen,__all__,vertical_mid,144,0,0,48,96,0.0,,0.0,0.0,0.5935329861111112,0.5935329861111112
0.01,0,B2,seen,__all__,vertical_mid,144,0,0,48,96,0.0,,0.0,0.0,0.62109375,0.62109375
0.01,0,B3,seen,__all__,vertical_mid,144,0,0,48,96,0.0,,0.0,0.0,0.62109375,0.5805121527777778
0.01,0,P1,seen,__all__,vertical_mid,144,0,0,48,96,0.0,,0.0,0.0,0.62109375,0.5907118055555556
0.01,0,B1,seen,harsh,__all__,216,8,0,64,144,0.1111111111111111,1.0,0.2,0.0,0.5917245370370371,0.5917245370370371
0.01,0,B2,seen,harsh,__all__,216,6,0,66,144,0.08333333333333333,1.0,0.15384615384615385,0.0,0.6049382716049383,0.6049382716049383
0.01,0,B3,seen,harsh,__all__,216,4,0,68,144,0.05555555555555555,1.0,0.10526315789473684,0.0,0.6049382716049383,0.6049382716049383
0.01,0,P1,seen,harsh,__all__,216,4,0,68,144,0.05555555555555555,1.0,0.10526315789473684,0.0,0.6049382716049383,0.6033950617283951
0.01,0,B1,seen,harsh,central_furniture,72,4,0,20,48,0.16666666666666666,1.0,0.2857142857142857,0.0,0.6111111111111112,0.6111111111111112
0.01,0,B2,seen,harsh,central_furniture,72,3,0,21,48,0.125,1.0,0.2222222222222222,0.0,0.6197916666666666,0.6197916666666666
0.01,0,B3,seen,harsh,central_furniture,72,3,0,21,48,0.125,1.0,0.2222222222222222,0.0,0.6197916666666666,0.6197916666666666
0.01,0,P1,seen,harsh,central_furniture,72,3,0,21,48,0.125,1.0,0.2222222222222222,0.0,0.6197916666666666,0.6197916666666666
0.01,0,B1,seen,harsh,clear,72,4,0,20,48,0.16666666666666666,1.0,0.2857142857142857,0.0,0.6076388888888888,0.6076388888888888
0.01,0,B2,seen,harsh,clear,72,3,0,21,48,0.125,1.0,0.2222222222222222,0.0,0.6423611111111112,0.6423611111111112
0.01,0,B3,seen,harsh,clear,72,1,0,23,48,0.041666666666666664,1.0,0.08,0.0,0.6423611111111112,0.6423611111111112
0.01,0,P1,seen,harsh,clear,72,1,0,23,48,0.041666666666666664,1.0,0.08,0.0,0.6423611111111112,0.6371527777777778
0.01,0,B1,seen,harsh,vertical_mid,72,0,0,24,48,0.0,,0.0,0.0,0.6223958333333334,0.6223958333333334
0.01,0,B2,seen,harsh,vertical_mid,72,0,0,24,48,0.0,,0.0,0.0,0.6267361111111112,0.6267361111111112
0.01,0,B3,seen,harsh,vertical_mid,72,0,0,24,48,0.0,,0.0,0.0,0.6267361111111112,0.6267361111111112
0.01,0,P1,seen,harsh,vertical_mid,72,0,0,24,48,0.0,,0.0,0.0,0.6267361111111112,0.6258680555555556
0.01,0,B1,seen,standard,__all__,216,0,0,72,144,0.0,,0.0,0.0,0.5360725308641975,0.5360725308641975
0.01,0,B2,seen,standard,__all__,216,0,0,72,144,0.0,,0.0,0.0,0.5597029320987654,0.5597029320987654
0.01,0,B3,seen,standard,__all__,216,0,3,72,141,0.0,0.0,0.0,0.020833333333333332,0.5597029320987654,0.5597029320987654
0.01,0,P1,seen,standard,__all__,216,0,2,72,142,0.0,0.0,0.0,0.013888888888888888,0.5597029320987654,0.5405092592592593
0.01,0,B1,seen,standard,central_furniture,72,0,0,24,48,0.0,,0.0,0.0,0.5217013888888888,0.5217013888888888
0.01,0,B2,seen,standard,central_furniture,72,0,0,24,48,0.0,,0.0,0.0,0.5572916666666666,0.5572916666666666
0.01,0,B3,seen,standard,central_furniture,72,0,1,24,47,0.0,0.0,0.0,0.020833333333333332,0.5572916666666666,0.5572916666666666
0.01,0,P1,seen,standard,central_furniture,72,0,0,24,48,0.0,,0.0,0.0,0.5572916666666666,0.5251736111111112
0.01,0,B1,seen,standard,clear,72,0,0,24,48,0.0,,0.0,0.0,0.5347222222222222,0.5347222222222222
0.01,0,B2,seen,standard,clear,72,0,0,24,48,0.0,,0.0,0.0,0.5373263888888888,0.5373263888888888
0.01,0,B3,seen,standard,clear,72,0,2,24,46,0.0,0.0,0.0,0.041666666666666664,0.5373263888888888,0.5373263888888888
0.01,0,P1,seen,standard,clear,72,0,2,24,46,0.0,0.0,0.0,0.041666666666666664,0.5373263888888888,0.5434027777777778
0.01,0,B1,seen,standard,vertical_mid,72,0,0,24,48,0.0,,0.0,0.0,0.5720486111111112,0.5720486111111112
0.01,0,B2,seen,standard,vertical_mid,72,0,0,24,48,0.0,,0.0,0.0,0.6241319444444444,0.6241319444444444
0.01,0,B3,seen,standard,vertical_mid,72,0,0,24,48,0.0,,0.0,0.0,0.6241319444444444,0.6241319444444444
0.01,0,P1,seen,standard,vertical_mid,72,0,0,24,48,0.0,,0.0,0.0,0.6241319444444444,0.5685763888888888
0.01,0,B1,unseen,__all__,__all__,720,3,0,237,480,0.0125,1.0,0.024691358024691357,0.0,0.5428385416666667,0.5428385416666667
0.01,0,B2,unseen,__all__,__all__,720,7,0,233,480,0.029166666666666667,1.0,0.05668016194331984,0.0,0.5630381944444445,0.5630381944444445
0.01,0,B3,unseen,__all__,__all__,720,4,2,236,478,0.016666666666666666,0.6666666666666666,0.032520325203252036,0.004166666666666667,0.5630381944444445,0.554453125
0.01,0,P1,unseen,__all__,__all__,720,4,0,236,480,0.016666666666666666,1.0,0.03278688524590164,0.0,0.5630381944444445,0.5569791666666667
0.01,0,B1,unseen,__all__,horizontal_new,144,0,0,48,96,0.0,,0.0,0.0,0.5581597222222222,0.5581597222222222
0.01,0,B2,unseen,__all__,horizontal_new,144,0,0,48,96,0.0,,0.0,0.0,0.5538194444444444,0.5538194444444444
0.01,0,B3,unseen,__all__,horizontal_new,144,0,0,48,96,0.0,,0.0,0.0,0.5538194444444444,0.53515625
0.01,0,P1,unseen,__all__,horizontal_new,144,0,0,48,96,0.0,,0.0,0.0,0.5538194444444444,0.5685763888888888
0.01,0,B1,unseen,__all__,low_new,144,1,0,47,96,0.020833333333333332,1.0,0.04081632653061224,0.0,0.5499131944444444,0.5499131944444444
0.01,0,B2,unseen,__all__,low_new,144,2,0,46,96,0.041666666666666664,1.0,0.08,0.0,0.5740017361111112,0.5740017361111112
0.01,0,B3,unseen,__all__,low_new,144,1,1,47,95,0.020833333333333332,0.5,0.04,0.010416666666666666,0.5740017361111112,0.568359375
0.01,0,P1,unseen,__all__,low_new,144,1,0,47,96,0.020833333333333332,1.0,0.04081632653061224,0.0,0.5740017361111112,0.5805121527777778
0.01,0,B1,unseen,__all__,two_new,144,1,0,47,96,0.020833333333333332,1.0,0.04081632653061224,0.0,0.5405815972222222,0.5405815972222222
0.01,0,B2,unseen,__all__,two_new,144,2,0,46,96,0.041666666666666664,1.0,0.08,0.0,0.5685763888888888,0.5685763888888888
0.01,0,B3,unseen,__all__,two_new,144,1,0,47,96,0.020833333333333332,1.0,0.04081632653061224,0.0,0.5685763888888888,0.5579427083333334
0.01,0,P1,unseen,__all__,two_new,144,1,0,47,96,0.020833333333333332,1.0,0.04081632653061224,0.0,0.5685763888888888,0.5653211805555556
0.01,0,B1,unseen,__all__,vertical_new,144,0,0,48,96,0.0,,0.0,0.0,0.5922309027777778,0.5922309027777778
0.01,0,B2,unseen,__all__,vertical_new,144,0,0,48,96,0.0,,0.0,0.0,0.6184895833333334,0.6184895833333334
0.01,0,B3,unseen,__all__,vertical_new,144,0,0,48,96,0.0,,0.0,0.0,0.6184895833333334,0.5842013888888888
0.01,0,P1,unseen,__all__,vertical_new,144,0,0,48,96,0.0,,0.0,0.0,0.6184895833333334,0.58203125
0.01,0,B1,unseen,__all__,wide_new,144,1,0,47,96,0.020833333333333332,1.0,0.04081632653061224,0.0,0.5366753472222222,0.5366753472222222
0.01,0,B2,unseen,__all__,wide_new,144,3,0,45,96,0.0625,1.0,0.11764705882352941,0.0,0.5514322916666666,0.5514322916666666
0.01,0,B3,unseen,__all__,wide_new,144,2,1,46,95,0.041666666666666664,0.6666666666666666,0.0784313725490196,0.010416666666666666,0.5514322916666666,0.5514322916666666
0.01,0,P1,unseen,__all__,wide_new,144,2,0,46,96,0.041666666666666664,1.0,0.08,0.0,0.5514322916666666,0.5388454861111112
0.01,0,B1,unseen,harsh,__all__,360,3,0,117,240,0.025,1.0,0.04878048780487805,0.0,0.5681597222222222,0.5681597222222222
0.01,0,B2,unseen,harsh,__all__,360,7,0,113,240,0.058333333333333334,1.0,0.11023622047244094,0.0,0.5792013888888888,0.5792013888888888
0.01,0,B3,unseen,harsh,__all__,360,4,0,116,240,0.03333333333333333,1.0,0.06451612903225806,0.0,0.5792013888888888,0.5792013888888888
0.01,0,P1,unseen,harsh,__all__,360,4,0,116,240,0.03333333333333333,1.0,0.06451612903225806,0.0,0.5792013888888888,0.5760763888888889
0.01,0,B1,unseen,harsh,horizontal_new,72,0,0,24,48,0.0,,0.0,0.0,0.5625,0.5625
0.01,0,B2,unseen,harsh,horizontal_new,72,0,0,24,48,0.0,,0.0,0.0,0.5763888888888888,0.5763888888888888
0.01,0,B3,unseen,harsh,horizontal_new,72,0,0,24,48,0.0,,0.0,0.0,0.5763888888888888,0.5763888888888888
0.01,0,P1,unseen,harsh,horizontal_new,72,0,0,24,48,0.0,,0.0,0.0,0.5763888888888888,0.5572916666666666
0.01,0,B1,unseen,harsh,low_new,72,1,0,23,48,0.041666666666666664,1.0,0.08,0.0,0.5842013888888888,0.5842013888888888
0.01,0,B2,unseen,harsh,low_new,72,2,0,22,48,0.08333333333333333,1.0,0.15384615384615385,0.0,0.6171875,0.6171875
0.01,0,B3,unseen,harsh,low_new,72,1,0,23,48,0.041666666666666664,1.0,0.08,0.0,0.6171875,0.6171875
0.01,0,P1,unseen,harsh,low_new,72,1,0,23,48,0.041666666666666664,1.0,0.08,0.0,0.6171875,0.6171875
0.01,0,B1,unseen,harsh,two_new,72,1,0,23,48,0.041666666666666664,1.0,0.08,0.0,0.5868055555555556,0.5868055555555556
0.01,0,B2,unseen,harsh,two_new,72,2,0,22,48,0.08333333333333333,1.0,0.15384615384615385,0.0,0.6041666666666666,0.6041666666666666
0.01,0,B3,unseen,harsh,two_new,72,1,0,23,48,0.041666666666666664,1.0,0.08,0.0,0.6041666666666666,0.6041666666666666
0.01,0,P1,unseen,harsh,two_new,72,1,0,23,48,0.041666666666666664,1.0,0.08,0.0,0.6041666666666666,0.6041666666666666
0.01,0,B1,unseen,harsh,vertical_new,72,0,0,24,48,0.0,,0.0,0.0,0.6293402777777778,0.6293402777777778
0.01,0,B2,unseen,harsh,vertical_new,72,0,0,24,48,0.0,,0.0,0.0,0.6354166666666666,0.6354166666666666
0.01,0,B3,unseen,harsh,vertical_new,72,0,0,24,48,0.0,,0.0,0.0,0.6354166666666666,0.6354166666666666
0.01,0,P1,unseen,harsh,vertical_new,72,0,0,24,48,0.0,,0.0,0.0,0.6354166666666666,0.6354166666666666
0.01,0,B1,unseen,harsh,wide_new,72,1,0,23,48,0.041666666666666664,1.0,0.08,0.0,0.5859375,0.5859375
0.01,0,B2,unseen,harsh,wide_new,72,3,0,21,48,0.125,1.0,0.2222222222222222,0.0,0.5894097222222222,0.5894097222222222
0.01,0,B3,unseen,harsh,wide_new,72,2,0,22,48,0.08333333333333333,1.0,0.15384615384615385,0.0,0.5894097222222222,0.5894097222222222
0.01,0,P1,unseen,harsh,wide_new,72,2,0,22,48,0.08333333333333333,1.0,0.15384615384615385,0.0,0.5894097222222222,0.5894097222222222
0.01,0,B1,unseen,standard,__all__,360,0,0,120,240,0.0,,0.0,0.0,0.5291319444444444,0.5291319444444444
0.01,0,B2,unseen,standard,__all__,360,0,0,120,240,0.0,,0.0,0.0,0.5604513888888889,0.5604513888888889
0.01,0,B3,unseen,standard,__all__,360,0,2,120,238,0.0,0.0,0.0,0.008333333333333333,0.5604513888888889,0.5604513888888889
0.01,0,P1,unseen,standard,__all__,360,0,0,120,240,0.0,,0.0,0.0,0.5604513888888889,0.5540972222222222
0.01,0,B1,unseen,standard,horizontal_new,72,0,0,24,48,0.0,,0.0,0.0,0.5746527777777778,0.5746527777777778
0.01,0,B2,unseen,standard,horizontal_new,72,0,0,24,48,0.0,,0.0,0.0,0.5503472222222222,0.5503472222222222
0.01,0,B3,unseen,standard,horizontal_new,72,0,0,24,48,0.0,,0.0,0.0,0.5503472222222222,0.5503472222222222
0.01,0,P1,unseen,standard,horizontal_new,72,0,0,24,48,0.0,,0.0,0.0,0.5503472222222222,0.6206597222222222
0.01,0,B1,unseen,standard,low_new,72,0,0,24,48,0.0,,0.0,0.0,0.5355902777777778,0.5355902777777778
0.01,0,B2,unseen,standard,low_new,72,0,0,24,48,0.0,,0.0,0.0,0.546875,0.546875
0.01,0,B3,unseen,standard,low_new,72,0,1,24,47,0.0,0.0,0.0,0.020833333333333332,0.546875,0.546875
0.01,0,P1,unseen,standard,low_new,72,0,0,24,48,0.0,,0.0,0.0,0.546875,0.5625
0.01,0,B1,unseen,standard,two_new,72,0,0,24,48,0.0,,0.0,0.0,0.5295138888888888,0.5295138888888888
0.01,0,B2,unseen,standard,two_new,72,0,0,24,48,0.0,,0.0,0.0,0.5590277777777778,0.5590277777777778
0.01,0,B3,unseen,standard,two_new,72,0,0,24,48,0.0,,0.0,0.0,0.5590277777777778,0.5590277777777778
0.01,0,P1,unseen,standard,two_new,72,0,0,24,48,0.0,,0.0,0.0,0.5590277777777778,0.5607638888888888
0.01,0,B1,unseen,standard,vertical_new,72,0,0,24,48,0.0,,0.0,0.0,0.5616319444444444,0.5616319444444444
0.01,0,B2,unseen,standard,vertical_new,72,0,0,24,48,0.0,,0.0,0.0,0.6154513888888888,0.6154513888888888
0.01,0,B3,unseen,standard,vertical_new,72,0,0,24,48,0.0,,0.0,0.0,0.6154513888888888,0.6154513888888888
0.01,0,P1,unseen,standard,vertical_new,72,0,0,24,48,0.0,,0.0,0.0,0.6154513888888888,0.5390625
0.01,0,B1,unseen,standard,wide_new,72,0,0,24,48,0.0,,0.0,0.0,0.5034722222222222,0.5034722222222222
0.01,0,B2,unseen,standard,wide_new,72,0,0,24,48,0.0,,0.0,0.0,0.5434027777777778,0.5434027777777778
0.01,0,B3,unseen,standard,wide_new,72,0,1,24,47,0.0,0.0,0.0,0.020833333333333332,0.5434027777777778,0.5434027777777778
0.01,0,P1,unseen,standard,wide_new,72,0,0,24,48,0.0,,0.0,0.0,0.5434027777777778,0.5147569444444444
0.01,1,B1,all,__all__,__all__,1152,10,4,374,764,0.026041666666666668,0.7142857142857143,0.05025125628140704,0.005208333333333333,0.5993754069010416,0.5993754069010416
0.01,1,B2,all,__all__,__all__,1152,13,5,371,763,0.033854166666666664,0.7222222222222222,0.06467661691542288,0.006510416666666667,0.6574503580729166,0.6574503580729166
0.01,1,B3,all,__all__,__all__,1152,11,5,373,763,0.028645833333333332,0.6875,0.055,0.006510416666666667,0.6574503580729166,0.6512858072916666
0.01,1,P1,all,__all__,__all__,1152,11,5,373,763,0.028645833333333332,0.6875,0.055,0.006510416666666667,0.6574503580729166,0.6564975314670138
0.01,1,B1,seen,__all__,__all__,432,9,4,135,284,0.0625,0.6923076923076923,0.11464968152866242,0.013888888888888888,0.6284239969135802,0.6284239969135802
0.01,1,B2,seen,__all__,__all__,432,8,3,136,285,0.05555555555555555,0.7272727272727273,0.1032258064516129,0.010416666666666666,0.6843894675925926,0.6843894675925926
0.01,1,B3,seen,__all__,__all__,432,6,3,138,285,0.041666666666666664,0.6666666666666666,0.0784313725490196,0.010416666666666666,0.6843894675925926,0.6798804012345679
0.01,1,P1,seen,__all__,__all__,432,6,3,138,285,0.041666666666666664,0.6666666666666666,0.0784313725490196,0.010416666666666666,0.6843894675925926,0.6821952160493827
0.01,1,B1,seen,__all__,central_furniture,144,2,0,46,96,0.041666666666666664,1.0,0.08,0.0,0.6161024305555556,0.6161024305555556
0.01,1,B2,seen,__all__,central_furniture,144,2,1,46,95,0.041666666666666664,0.6666666666666666,0.0784313725490196,0.010416666666666666,0.6942274305555556,0.6942274305555556
0.01,1,B3,seen,__all__,central_furniture,144,2,1,46,95,0.041666666666666664,0.6666666666666666,0.0784313725490196,0.010416666666666666,0.6942274305555556,0.6857638888888888
0.01,1,P1,seen,__all__,central_furniture,144,2,1,46,95,0.041666666666666664,0.6666666666666666,0.0784313725490196,0.010416666666666666,0.6942274305555556,0.68359375
0.01,1,B1,seen,__all__,clear,144,7,4,41,92,0.14583333333333334,0.6363636363636364,0.23728813559322035,0.041666666666666664,0.646484375,0.646484375
0.01,1,B2,seen,__all__,clear,144,5,1,43,95,0.10416666666666667,0.8333333333333334,0.18518518518518517,0.010416666666666666,0.7157118055555556,0.7157118055555556
0.01,1,B3,seen,__all__,clear,144,4,1,44,95,0.08333333333333333,0.8,0.1509433962264151,0.010416666666666666,0.7157118055555556,0.7137586805555556
0.01,1,P1,seen,__all__,clear,144,4,1,44,95,0.08333333333333333,0.8,0.1509433962264151,0.010416666666666666,0.7157118055555556,0.7139756944444444
0.01,1,B1,seen,__all__,vertical_mid,144,0,0,48,96,0.0,,0.0,0.0,0.6668836805555556,0.6668836805555556
0.01,1,B2,seen,__all__,vertical_mid,144,1,1,47,95,0.020833333333333332,0.5,0.04,0.010416666666666666,0.6681857638888888,0.6681857638888888
0.01,1,B3,seen,__all__,vertical_mid,144,0,1,48,95,0.0,0.0,0.0,0.010416666666666666,0.6681857638888888,0.6584201388888888
0.01,1,P1,seen,__all__,vertical_mid,144,0,1,48,95,0.0,0.0,0.0,0.010416666666666666,0.6681857638888888,0.6731770833333334
0.01,1,B1,seen,harsh,__all__,216,9,4,63,140,0.125,0.6923076923076923,0.21176470588235294,0.027777777777777776,0.6380208333333334,0.6380208333333334
0.01,1,B2,seen,harsh,__all__,216,8,0,64,144,0.1111111111111111,1.0,0.2,0.0,0.7622492283950617,0.7622492283950617
0.01,1,B3,seen,harsh,__all__,216,6,0,66,144,0.08333333333333333,1.0,0.15384615384615385,0.0,0.7622492283950617,0.7622492283950617
0.01,1,P1,seen,harsh,__all__,216,6,0,66,144,0.08333333333333333,1.0,0.15384615384615385,0.0,0.7622492283950617,0.7604166666666666
0.01,1,B1,seen,harsh,central_furniture,72,2,0,22,48,0.08333333333333333,1.0,0.15384615384615385,0.0,0.6319444444444444,0.6319444444444444
0.01,1,B2,seen,harsh,central_furniture,72,2,0,22,48,0.08333333333333333,1.0,0.15384615384615385,0.0,0.7769097222222222,0.7769097222222222
0.01,1,B3,seen,harsh,central_furniture,72,2,0,22,48,0.08333333333333333,1.0,0.15384615384615385,0.0,0.7769097222222222,0.7769097222222222
0.01,1,P1,seen,harsh,central_furniture,72,2,0,22,48,0.08333333333333333,1.0,0.15384615384615385,0.0,0.7769097222222222,0.7769097222222222
0.01,1,B1,seen,harsh,clear,72,7,4,17,44,0.2916666666666667,0.6363636363636364,0.4,0.08333333333333333,0.6692708333333334,0.6692708333333334
0.01,1,B2,seen,harsh,clear,72,5,0,19,48,0.20833333333333334,1.0,0.3448275862068966,0.0,0.8020833333333334,0.8020833333333334
0.01,1,B3,seen,harsh,clear,72,4,0,20,48,0.16666666666666666,1.0,0.2857142857142857,0.0,0.8020833333333334,0.8020833333333334
0.01,1,P1,seen,harsh,clear,72,4,0,20,48,0.16666666666666666,1.0,0.2857142857142857,0.0,0.8020833333333334,0.8012152777777778
0.01,1,B1,seen,harsh,vertical_mid,72,0,0,24,48,0.0,,0.0,0.0,0.6970486111111112,0.6970486111111112
0.01,1,B2,seen,harsh,vertical_mid,72,1,0,23,48,0.041666666666666664,1.0,0.08,0.0,0.7447916666666666,0.7447916666666666
0.01,1,B3,seen,harsh,vertical_mid,72,0,0,24,48,0.0,,0.0,0.0,0.7447916666666666,0.7447916666666666
0.01,1,P1,seen,harsh,vertical_mid,72,0,0,24,48,0.0,,0.0,0.0,0.7447916666666666,0.7413194444444444
0.01,1,B1,seen,standard,__all__,216,0,0,72,144,0.0,,0.0,0.0,0.6311728395061729,0.6311728395061729
0.01,1,B2,seen,standard,__all__,216,0,3,72,141,0.0,0.0,0.0,0.020833333333333332,0.5929783950617284,0.5929783950617284
0.01,1,B3,seen,standard,__all__,216,0,3,72,141,0.0,0.0,0.0,0.020833333333333332,0.5929783950617284,0.5929783950617284
0.01,1,P1,seen,standard,__all__,216,0,3,72,141,0.0,0.0,0.0,0.020833333333333332,0.5929783950617284,0.5987654320987654
0.01,1,B1,seen,standard,central_furniture,72,0,0,24,48,0.0,,0.0,0.0,0.6302083333333334,0.6302083333333334
0.01,1,B2,seen,standard,central_furniture,72,0,1,24,47,0.0,0.0,0.0,0.020833333333333332,0.5980902777777778,0.5980902777777778
0.01,1,B3,seen,standard,central_furniture,72,0,1,24,47,0.0,0.0,0.0,0.020833333333333332,0.5980902777777778,0.5980902777777778
0.01,1,P1,seen,standard,central_furniture,72,0,1,24,47,0.0,0.0,0.0,0.020833333333333332,0.5980902777777778,0.5902777777777778
0.01,1,B1,seen,standard,clear,72,0,0,24,48,0.0,,0.0,0.0,0.6588541666666666,0.6588541666666666
0.01,1,B2,seen,standard,clear,72,0,1,24,47,0.0,0.0,0.0,0.020833333333333332,0.6163194444444444,0.6163194444444444
0.01,1,B3,seen,standard,clear,72,0,1,24,47,0.0,0.0,0.0,0.020833333333333332,0.6163194444444444,0.6163194444444444
0.01,1,P1,seen,standard,clear,72,0,1,24,47,0.0,0.0,0.0,0.020833333333333332,0.6163194444444444,0.6197916666666666
0.01,1,B1,seen,standard,vertical_mid,72,0,0,24,48,0.0,,0.0,0.0,0.6380208333333334,0.6380208333333334
0.01,1,B2,seen,standard,vertical_mid,72,0,1,24,47,0.0,0.0,0.0,0.020833333333333332,0.5850694444444444,0.5850694444444444
0.01,1,B3,seen,standard,vertical_mid,72,0,1,24,47,0.0,0.0,0.0,0.020833333333333332,0.5850694444444444,0.5850694444444444
0.01,1,P1,seen,standard,vertical_mid,72,0,1,24,47,0.0,0.0,0.0,0.020833333333333332,0.5850694444444444,0.6137152777777778
0.01,1,B1,unseen,__all__,__all__,720,1,0,239,480,0.004166666666666667,1.0,0.008298755186721992,0.0,0.5821267361111111,0.5821267361111111
0.01,1,B2,unseen,__all__,__all__,720,5,2,235,478,0.020833333333333332,0.7142857142857143,0.04048582995951417,0.004166666666666667,0.6406336805555556,0.6406336805555556
0.01,1,B3,unseen,__all__,__all__,720,5,2,235,478,0.020833333333333332,0.7142857142857143,0.04048582995951417,0.004166666666666667,0.6406336805555556,0.6334722222222222
0.01,1,P1,unseen,__all__,__all__,720,5,2,235,478,0.020833333333333332,0.7142857142857143,0.04048582995951417,0.004166666666666667,0.6406336805555556,0.6405121527777777
0.01,1,B1,unseen,__all__,horizontal_new,144,0,0,48,96,0.0,,0.0,0.0,0.5642361111111112,0.5642361111111112
0.01,1,B2,unseen,__all__,horizontal_new,144,0,0,48,96,0.0,,0.0,0.0,0.6039496527777778,0.6039496527777778
0.01,1,B3,unseen,__all__,horizontal_new,144,0,0,48,96,0.0,,0.0,0.0,0.6039496527777778,0.5852864583333334
0.01,1,P1,unseen,__all__,horizontal_new,144,0,0,48,96,0.0,,0.0,0.0,0.6039496527777778,0.6130642361111112
0.01,1,B1,unseen,__all__,low_new,144,1,0,47,96,0.020833333333333332,1.0,0.04081632653061224,0.0,0.6241319444444444,0.6241319444444444
0.01,1,B2,unseen,__all__,low_new,144,1,0,47,96,0.020833333333333332,1.0,0.04081632653061224,0.0,0.6968315972222222,0.6968315972222222
0.01,1,B3,unseen,__all__,low_new,144,1,0,47,96,0.020833333333333332,1.0,0.04081632653061224,0.0,0.6968315972222222,0.6857638888888888
0.01,1,P1,unseen,__all__,low_new,144,1,0,47,96,0.020833333333333332,1.0,0.04081632653061224,0.0,0.6968315972222222,0.6944444444444444
0.01,1,B1,unseen,__all__,two_new,144,0,0,48,96,0.0,,0.0,0.0,0.5733506944444444,0.5733506944444444
0.01,1,B2,unseen,__all__,two_new,144,2,0,46,96,0.041666666666666664,1.0,0.08,0.0,0.6486545138888888,0.6486545138888888
0.01,1,B3,unseen,__all__,two_new,144,2,0,46,96,0.041666666666666664,1.0,0.08,0.0,0.6486545138888888,0.64453125
0.01,1,P1,unseen,__all__,two_new,144,2,0,46,96,0.041666666666666664,1.0,0.08,0.0,0.6486545138888888,0.6521267361111112
0.01,1,B1,unseen,__all__,vertical_new,144,0,0,48,96,0.0,,0.0,0.0,0.6356336805555556,0.6356336805555556
0.01,1,B2,unseen,__all__,vertical_new,144,0,1,48,95,0.0,0.0,0.0,0.010416666666666666,0.6514756944444444,0.6514756944444444
0.01,1,B3,unseen,__all__,vertical_new,144,0,1,48,95,0.0,0.0,0.0,0.010416666666666666,0.6514756944444444,0.642578125
0.01,1,P1,unseen,__all__,vertical_new,144,0,1,48,95,0.0,0.0,0.0,0.010416666666666666,0.6514756944444444,0.6527777777777778
0.01,1,B1,unseen,__all__,wide_new,144,0,0,48,96,0.0,,0.0,0.0,0.564453125,0.564453125
0.01,1,B2,unseen,__all__,wide_new,144,2,1,46,95,0.041666666666666664,0.6666666666666666,0.0784313725490196,0.010416666666666666,0.6338975694444444,0.6338975694444444
0.01,1,B3,unseen,__all__,wide_new,144,2,1,46,95,0.041666666666666664,0.6666666666666666,0.0784313725490196,0.010416666666666666,0.6338975694444444,0.6243489583333334
0.01,1,P1,unseen,__all__,wide_new,144,2,1,46,95,0.041666666666666664,0.6666666666666666,0.0784313725490196,0.010416666666666666,0.6338975694444444,0.6193576388888888
0.01,1,B1,unseen,harsh,__all__,360,1,0,119,240,0.008333333333333333,1.0,0.01652892561983471,0.0,0.5790625,0.5790625
0.01,1,B2,unseen,harsh,__all__,360,5,0,115,240,0.041666666666666664,1.0,0.08,0.0,0.7053125,0.7053125
0.01,1,B3,unseen,harsh,__all__,360,5,0,115,240,0.041666666666666664,1.0,0.08,0.0,0.7053125,0.7053125
0.01,1,P1,unseen,harsh,__all__,360,5,0,115,240,0.041666666666666664,1.0,0.08,0.0,0.7053125,0.7047222222222222
0.01,1,B1,unseen,harsh,horizontal_new,72,0,0,24,48,0.0,,0.0,0.0,0.5486111111111112,0.5486111111111112
0.01,1,B2,unseen,harsh,horizontal_new,72,0,0,24,48,0.0,,0.0,0.0,0.6657986111111112,0.6657986111111112
0.01,1,B3,unseen,harsh,horizontal_new,72,0,0,24,48,0.0,,0.0,0.0,0.6657986111111112,0.6657986111111112
0.01,1,P1,unseen,harsh,horizontal_new,72,0,0,24,48,0.0,,0.0,0.0,0.6657986111111112,0.6623263888888888
0.01,1,B1,unseen,harsh,low_new,72,1,0,23,48,0.041666666666666664,1.0,0.08,0.0,0.6180555555555556,0.6180555555555556
0.01,1,B2,unseen,harsh,low_new,72,1,0,23,48,0.041666666666666664,1.0,0.08,0.0,0.7552083333333334,0.7552083333333334
0.01,1,B3,unseen,harsh,low_new,72,1,0,23,48,0.041666666666666664,1.0,0.08,0.0,0.7552083333333334,0.7552083333333334
0.01,1,P1,unseen,harsh,low_new,72,1,0,23,48,0.041666666666666664,1.0,0.08,0.0,0.7552083333333334,0.7552083333333334
0.01,1,B1,unseen,harsh,two_new,72,0,0,24,48,0.0,,0.0,0.0,0.5737847222222222,0.5737847222222222
0.01,1,B2,unseen,harsh,two_new,72,2,0,22,48,0.08333333333333333,1.0,0.15384615384615385,0.0,0.7170138888888888,0.7170138888888888
0.01,1,B3,unseen,harsh,two_new,72,2,0,22,48,0.08333333333333333,1.0,0.15384615384615385,0.0,0.7170138888888888,0.7170138888888888
0.01,1,P1,unseen,harsh,two_new,72,2,0,22,48,0.08333333333333333,1.0,0.15384615384615385,0.0,0.7170138888888888,0.7170138888888888
0.01,1,B1,unseen,harsh,vertical_new,72,0,0,24,48,0.0,,0.0,0.0,0.6840277777777778,0.6840277777777778
0.01,1,B2,unseen,harsh,vertical_new,72,0,0,24,48,0.0,,0.0,0.0,0.7222222222222222,0.7222222222222222
0.01,1,B3,unseen,harsh,vertical_new,72,0,0,24,48,0.0,,0.0,0.0,0.7222222222222222,0.7222222222222222
0.01,1,P1,unseen,harsh,vertical_new,72,0,0,24,48,0.0,,0.0,0.0,0.7222222222222222,0.7222222222222222
0.01,1,B1,unseen,harsh,wide_new,72,0,0,24,48,0.0,,0.0,0.0,0.5807291666666666,0.5807291666666666
0.01,1,B2,unseen,harsh,wide_new,72,2,0,22,48,0.08333333333333333,1.0,0.15384615384615385,0.0,0.7100694444444444,0.7100694444444444
0.01,1,B3,unseen,harsh,wide_new,72,2,0,22,48,0.08333333333333333,1.0,0.15384615384615385,0.0,0.7100694444444444,0.7100694444444444
0.01,1,P1,unseen,harsh,wide_new,72,2,0,22,48,0.08333333333333333,1.0,0.15384615384615385,0.0,0.7100694444444444,0.7100694444444444
0.01,1,B1,unseen,standard,__all__,360,0,0,120,240,0.0,,0.0,0.0,0.6028472222222222,0.6028472222222222
0.01,1,B2,unseen,standard,__all__,360,0,2,120,238,0.0,0.0,0.0,0.008333333333333333,0.5617708333333333,0.5617708333333333
0.01,1,B3,unseen,standard,__all__,360,0,2,120,238,0.0,0.0,0.0,0.008333333333333333,0.5617708333333333,0.5617708333333333
0.01,1,P1,unseen,standard,__all__,360,0,2,120,238,0.0,0.0,0.0,0.008333333333333333,0.5617708333333333,0.5711805555555556
0.01,1,B1,unseen,standard,horizontal_new,72,0,0,24,48,0.0,,0.0,0.0,0.5989583333333334,0.5989583333333334
0.01,1,B2,unseen,standard,horizontal_new,72,0,0,24,48,0.0,,0.0,0.0,0.5364583333333334,0.5364583333333334
0.01,1,B3,unseen,standard,horizontal_new,72,0,0,24,48,0.0,,0.0,0.0,0.5364583333333334,0.5364583333333334
0.01,1,P1,unseen,standard,horizontal_new,72,0,0,24,48,0.0,,0.0,0.0,0.5364583333333334,0.5729166666666666
0.01,1,B1,unseen,standard,low_new,72,0,0,24,48,0.0,,0.0,0.0,0.6701388888888888,0.6701388888888888
0.01,1,B2,unseen,standard,low_new,72,0,0,24,48,0.0,,0.0,0.0,0.6189236111111112,0.6189236111111112
0.01,1,B3,unseen,standard,low_new,72,0,0,24,48,0.0,,0.0,0.0,0.6189236111111112,0.6189236111111112
0.01,1,P1,unseen,standard,low_new,72,0,0,24,48,0.0,,0.0,0.0,0.6189236111111112,0.6258680555555556
0.01,1,B1,unseen,standard,two_new,72,0,0,24,48,0.0,,0.0,0.0,0.6128472222222222,0.6128472222222222
0.01,1,B2,unseen,standard,two_new,72,0,0,24,48,0.0,,0.0,0.0,0.5651041666666666,0.5651041666666666
0.01,1,B3,unseen,standard,two_new,72,0,0,24,48,0.0,,0.0,0.0,0.5651041666666666,0.5651041666666666
0.01,1,P1,unseen,standard,two_new,72,0,0,24,48,0.0,,0.0,0.0,0.5651041666666666,0.5685763888888888
0.01,1,B1,unseen,standard,vertical_new,72,0,0,24,48,0.0,,0.0,0.0,0.5868055555555556,0.5868055555555556
0.01,1,B2,unseen,standard,vertical_new,72,0,1,24,47,0.0,0.0,0.0,0.020833333333333332,0.5711805555555556,0.5711805555555556
0.01,1,B3,unseen,standard,vertical_new,72,0,1,24,47,0.0,0.0,0.0,0.020833333333333332,0.5711805555555556,0.5711805555555556
0.01,1,P1,unseen,standard,vertical_new,72,0,1,24,47,0.0,0.0,0.0,0.020833333333333332,0.5711805555555556,0.5859375
0.01,1,B1,unseen,standard,wide_new,72,0,0,24,48,0.0,,0.0,0.0,0.5711805555555556,0.5711805555555556
0.01,1,B2,unseen,standard,wide_new,72,0,1,24,47,0.0,0.0,0.0,0.020833333333333332,0.5460069444444444,0.5460069444444444
0.01,1,B3,unseen,standard,wide_new,72,0,1,24,47,0.0,0.0,0.0,0.020833333333333332,0.5460069444444444,0.5460069444444444
0.01,1,P1,unseen,standard,wide_new,72,0,1,24,47,0.0,0.0,0.0,0.020833333333333332,0.5460069444444444,0.5321180555555556
0.01,2,B1,all,__all__,__all__,1152,18,9,366,759,0.046875,0.6666666666666666,0.08759124087591241,0.01171875,0.7125684950086806,0.7125684950086806
0.01,2,B2,all,__all__,__all__,1152,14,5,370,763,0.036458333333333336,0.7368421052631579,0.06947890818858561,0.006510416666666667,0.5221405029296875,0.5221405029296875
0.01,2,B3,all,__all__,__all__,1152,13,3,371,765,0.033854166666666664,0.8125,0.065,0.00390625,0.5221405029296875,0.5317620171440972
0.01,2,P1,all,__all__,__all__,1152,13,3,371,765,0.033854166666666664,0.8125,0.065,0.00390625,0.5221405029296875,0.5245293511284722
0.01,2,B1,seen,__all__,__all__,432,11,6,133,282,0.0763888888888889,0.6470588235294118,0.13664596273291926,0.020833333333333332,0.7331211419753086,0.7331211419753086
0.01,2,B2,seen,__all__,__all__,432,7,2,137,286,0.04861111111111111,0.7777777777777778,0.0915032679738562,0.006944444444444444,0.5237750771604939,0.5237750771604939
0.01,2,B3,seen,__all__,__all__,432,6,3,138,285,0.041666666666666664,0.6666666666666666,0.0784313725490196,0.010416666666666666,0.5237750771604939,0.537157600308642
0.01,2,P1,seen,__all__,__all__,432,6,3,138,285,0.041666666666666664,0.6666666666666666,0.0784313725490196,0.010416666666666666,0.5237750771604939,0.5194589120370371
0.01,2,B1,seen,__all__,central_furniture,144,3,1,45,95,0.0625,0.75,0.11538461538461539,0.010416666666666666,0.7369791666666666,0.7369791666666666
0.01,2,B2,seen,__all__,central_furniture,144,3,1,45,95,0.0625,0.75,0.11538461538461539,0.010416666666666666,0.5160590277777778,0.5160590277777778
0.01,2,B3,seen,__all__,central_furniture,144,3,1,45,95,0.0625,0.75,0.11538461538461539,0.010416666666666666,0.5160590277777778,0.544921875
0.01,2,P1,seen,__all__,central_furniture,144,3,1,45,95,0.0625,0.75,0.11538461538461539,0.010416666666666666,0.5160590277777778,0.5260416666666666
0.01,2,B1,seen,__all__,clear,144,8,5,40,91,0.16666666666666666,0.6153846153846154,0.26229508196721313,0.052083333333333336,0.7486979166666666,0.7486979166666666
0.01,2,B2,seen,__all__,clear,144,4,1,44,95,0.08333333333333333,0.8,0.1509433962264151,0.010416666666666666,0.5210503472222222,0.5210503472222222
0.01,2,B3,seen,__all__,clear,144,3,2,45,94,0.0625,0.6,0.11320754716981132,0.020833333333333332,0.5210503472222222,0.5570746527777778
0.01,2,P1,seen,__all__,clear,144,3,2,45,94,0.0625,0.6,0.11320754716981132,0.020833333333333332,0.5210503472222222,0.5538194444444444
0.01,2,B1,seen,__all__,vertical_mid,144,0,0,48,96,0.0,,0.0,0.0,0.7376302083333334,0.7376302083333334
0.01,2,B2,seen,__all__,vertical_mid,144,0,0,48,96,0.0,,0.0,0.0,0.5881076388888888,0.5881076388888888
0.01,2,B3,seen,__all__,vertical_mid,144,0,0,48,96,0.0,,0.0,0.0,0.5881076388888888,0.5390625
0.01,2,P1,seen,__all__,vertical_mid,144,0,0,48,96,0.0,,0.0,0.0,0.5881076388888888,0.5347222222222222
0.01,2,B1,seen,harsh,__all__,216,11,6,61,138,0.1527777777777778,0.6470588235294118,0.24719101123595505,0.041666666666666664,0.7771026234567902,0.7771026234567902
0.01,2,B2,seen,harsh,__all__,216,7,2,65,142,0.09722222222222222,0.7777777777777778,0.1728395061728395,0.013888888888888888,0.5339506172839507,0.5339506172839507
0.01,2,B3,seen,harsh,__all__,216,6,1,66,143,0.08333333333333333,0.8571428571428571,0.1518987341772152,0.006944444444444444,0.5339506172839507,0.5339506172839507
0.01,2,P1,seen,harsh,__all__,216,6,2,66,142,0.08333333333333333,0.75,0.15,0.013888888888888888,0.5339506172839507,0.5315393518518519
0.01,2,B1,seen,harsh,central_furniture,72,3,1,21,47,0.125,0.75,0.21428571428571427,0.020833333333333332,0.7760416666666666,0.7760416666666666
0.01,2,B2,seen,harsh,central_furniture,72,3,1,21,47,0.125,0.75,0.21428571428571427,0.020833333333333332,0.5442708333333334,0.5442708333333334
0.01,2,B3,seen,harsh,central_furniture,72,3,1,21,47,0.125,0.75,0.21428571428571427,0.020833333333333332,0.5442708333333334,0.5442708333333334
0.01,2,P1,seen,harsh,central_furniture,72,3,1,21,47,0.125,0.75,0.21428571428571427,0.020833333333333332,0.5442708333333334,0.5442708333333334
0.01,2,B1,seen,harsh,clear,72,8,5,16,43,0.3333333333333333,0.6153846153846154,0.43243243243243246,0.10416666666666667,0.8133680555555556,0.8133680555555556
0.01,2,B2,seen,harsh,clear,72,4,1,20,47,0.16666666666666666,0.8,0.27586206896551724,0.020833333333333332,0.5616319444444444,0.5616319444444444
0.01,2,B3,seen,harsh,clear,72,3,0,21,48,0.125,1.0,0.2222222222222222,0.0,0.5616319444444444,0.5616319444444444
0.01,2,P1,seen,harsh,clear,72,3,1,21,47,0.125,0.75,0.21428571428571427,0.020833333333333332,0.5616319444444444,0.5555555555555556
0.01,2,B1,seen,harsh,vertical_mid,72,0,0,24,48,0.0,,0.0,0.0,0.7699652777777778,0.7699652777777778
0.01,2,B2,seen,harsh,vertical_mid,72,0,0,24,48,0.0,,0.0,0.0,0.6371527777777778,0.6371527777777778
0.01,2,B3,seen,harsh,vertical_mid,72,0,0,24,48,0.0,,0.0,0.0,0.6371527777777778,0.6371527777777778
0.01,2,P1,seen,harsh,vertical_mid,72,0,0,24,48,0.0,,0.0,0.0,0.6371527777777778,0.6371527777777778
0.01,2,B1,seen,standard,__all__,216,0,0,72,144,0.0,,0.0,0.0,0.6858603395061729,0.6858603395061729
0.01,2,B2,seen,standard,__all__,216,0,0,72,144,0.0,,0.0,0.0,0.5439814814814815,0.5439814814814815
0.01,2,B3,seen,standard,__all__,216,0,2,72,142,0.0,0.0,0.0,0.013888888888888888,0.5439814814814815,0.5439814814814815
0.01,2,P1,seen,standard,__all__,216,0,1,72,143,0.0,0.0,0.0,0.006944444444444444,0.5439814814814815,0.5012538580246914
0.01,2,B1,seen,standard,central_furniture,72,0,0,24,48,0.0,,0.0,0.0,0.6979166666666666,0.6979166666666666
0.01,2,B2,seen,standard,central_furniture,72,0,0,24,48,0.0,,0.0,0.0,0.5442708333333334,0.5442708333333334
0.01,2,B3,seen,standard,central_furniture,72,0,0,24,48,0.0,,0.0,0.0,0.5442708333333334,0.5442708333333334
0.01,2,P1,seen,standard,central_furniture,72,0,0,24,48,0.0,,0.0,0.0,0.5442708333333334,0.4730902777777778
0.01,2,B1,seen,standard,clear,72,0,0,24,48,0.0,,0.0,0.0,0.6744791666666666,0.6744791666666666
0.01,2,B2,seen,standard,clear,72,0,0,24,48,0.0,,0.0,0.0,0.5416666666666666,0.5416666666666666
0.01,2,B3,seen,standard,clear,72,0,2,24,46,0.0,0.0,0.0,0.041666666666666664,0.5416666666666666,0.5416666666666666
0.01,2,P1,seen,standard,clear,72,0,1,24,47,0.0,0.0,0.0,0.020833333333333332,0.5416666666666666,0.5451388888888888
0.01,2,B1,seen,standard,vertical_mid,72,0,0,24,48,0.0,,0.0,0.0,0.7092013888888888,0.7092013888888888
0.01,2,B2,seen,standard,vertical_mid,72,0,0,24,48,0.0,,0.0,0.0,0.5390625,0.5390625
0.01,2,B3,seen,standard,vertical_mid,72,0,0,24,48,0.0,,0.0,0.0,0.5390625,0.5390625
0.01,2,P1,seen,standard,vertical_mid,72,0,0,24,48,0.0,,0.0,0.0,0.5390625,0.4713541666666667
0.01,2,B1,unseen,__all__,__all__,720,7,3,233,477,0.029166666666666667,0.7,0.056,0.00625,0.7018055555555556,0.7018055555555556
0.01,2,B2,unseen,__all__,__all__,720,7,3,233,477,0.029166666666666667,0.7,0.056,0.00625,0.5215798611111111,0.5215798611111111
0.01,2,B3,unseen,__all__,__all__,720,7,0,233,480,0.029166666666666667,1.0,0.05668016194331984,0.0,0.5215798611111111,0.5282899305555555
0.01,2,P1,unseen,__all__,__all__,720,7,0,233,480,0.029166666666666667,1.0,0.05668016194331984,0.0,0.5215798611111111,0.5286805555555556
0.01,2,B1,unseen,__all__,horizontal_new,144,0,0,48,96,0.0,,0.0,0.0,0.7404513888888888,0.7404513888888888
0.01,2,B2,unseen,__all__,horizontal_new,144,0,0,48,96,0.0,,0.0,0.0,0.5355902777777778,0.5355902777777778
0.01,2,B3,unseen,__all__,horizontal_new,144,0,0,48,96,0.0,,0.0,0.0,0.5355902777777778,0.521484375
0.01,2,P1,unseen,__all__,horizontal_new,144,0,0,48,96,0.0,,0.0,0.0,0.5355902777777778,0.5620659722222222
0.01,2,B1,unseen,__all__,low_new,144,4,3,44,93,0.08333333333333333,0.5714285714285714,0.14545454545454545,0.03125,0.7326388888888888,0.7326388888888888
0.01,2,B2,unseen,__all__,low_new,144,3,1,45,95,0.0625,0.75,0.11538461538461539,0.010416666666666666,0.5210503472222222,0.5210503472222222
0.01,2,B3,unseen,__all__,low_new,144,3,0,45,96,0.0625,1.0,0.11764705882352941,0.0,0.5210503472222222,0.5494791666666666
0.01,2,P1,unseen,__all__,low_new,144,3,0,45,96,0.0625,1.0,0.11764705882352941,0.0,0.5210503472222222,0.5618489583333334
0.01,2,B1,unseen,__all__,two_new,144,1,0,47,96,0.020833333333333332,1.0,0.04081632653061224,0.0,0.6859809027777778,0.6859809027777778
0.01,2,B2,unseen,__all__,two_new,144,2,1,46,95,0.041666666666666664,0.6666666666666666,0.0784313725490196,0.010416666666666666,0.5162760416666666,0.5162760416666666
0.01,2,B3,unseen,__all__,two_new,144,2,0,46,96,0.041666666666666664,1.0,0.08,0.0,0.5162760416666666,0.5403645833333334
0.01,2,P1,unseen,__all__,two_new,144,2,0,46,96,0.041666666666666664,1.0,0.08,0.0,0.5162760416666666,0.5470920138888888
0.01,2,B1,unseen,__all__,vertical_new,144,0,0,48,96,0.0,,0.0,0.0,0.7178819444444444,0.7178819444444444
0.01,2,B2,unseen,__all__,vertical_new,144,0,0,48,96,0.0,,0.0,0.0,0.5794270833333334,0.5794270833333334
0.01,2,B3,unseen,__all__,vertical_new,144,0,0,48,96,0.0,,0.0,0.0,0.5794270833333334,0.5301649305555556
0.01,2,P1,unseen,__all__,vertical_new,144,0,0,48,96,0.0,,0.0,0.0,0.5794270833333334,0.5275607638888888
0.01,2,B1,unseen,__all__,wide_new,144,2,0,46,96,0.041666666666666664,1.0,0.08,0.0,0.6551649305555556,0.6551649305555556
0.01,2,B2,unseen,__all__,wide_new,144,2,1,46,95,0.041666666666666664,0.6666666666666666,0.0784313725490196,0.010416666666666666,0.5130208333333334,0.5130208333333334
0.01,2,B3,unseen,__all__,wide_new,144,2,0,46,96,0.041666666666666664,1.0,0.08,0.0,0.5130208333333334,0.5355902777777778
0.01,2,P1,unseen,__all__,wide_new,144,2,0,46,96,0.041666666666666664,1.0,0.08,0.0,0.5130208333333334,0.5121527777777778
0.01,2,B1,unseen,harsh,__all__,360,7,3,113,237,0.058333333333333334,0.7,0.1076923076923077,0.0125,0.7207291666666666,0.7207291666666666
0.01,2,B2,unseen,harsh,__all__,360,7,3,113,237,0.058333333333333334,0.7,0.1076923076923077,0.0125,0.5195486111111111,0.5195486111111111
0.01,2,B3,unseen,harsh,__all__,360,7,0,113,240,0.058333333333333334,1.0,0.11023622047244094,0.0,0.5195486111111111,0.5195486111111111
0.01,2,P1,unseen,harsh,__all__,360,7,0,113,240,0.058333333333333334,1.0,0.11023622047244094,0.0,0.5195486111111111,0.5154513888888889
0.01,2,B1,unseen,harsh,horizontal_new,72,0,0,24,48,0.0,,0.0,0.0,0.7248263888888888,0.7248263888888888
0.01,2,B2,unseen,harsh,horizontal_new,72,0,0,24,48,0.0,,0.0,0.0,0.5164930555555556,0.5164930555555556
0.01,2,B3,unseen,harsh,horizontal_new,72,0,0,24,48,0.0,,0.0,0.0,0.5164930555555556,0.5164930555555556
0.01,2,P1,unseen,harsh,horizontal_new,72,0,0,24,48,0.0,,0.0,0.0,0.5164930555555556,0.484375
0.01,2,B1,unseen,harsh,low_new,72,4,3,20,45,0.16666666666666666,0.5714285714285714,0.25806451612903225,0.0625,0.7578125,0.7578125
0.01,2,B2,unseen,harsh,low_new,72,3,1,21,47,0.125,0.75,0.21428571428571427,0.020833333333333332,0.5425347222222222,0.5425347222222222
0.01,2,B3,unseen,harsh,low_new,72,3,0,21,48,0.125,1.0,0.2222222222222222,0.0,0.5425347222222222,0.5425347222222222
0.01,2,P1,unseen,harsh,low_new,72,3,0,21,48,0.125,1.0,0.2222222222222222,0.0,0.5425347222222222,0.5425347222222222
0.01,2,B1,unseen,harsh,two_new,72,1,0,23,48,0.041666666666666664,1.0,0.08,0.0,0.7005208333333334,0.7005208333333334
0.01,2,B2,unseen,harsh,two_new,72,2,1,22,47,0.08333333333333333,0.6666666666666666,0.14814814814814814,0.020833333333333332,0.5303819444444444,0.5303819444444444
0.01,2,B3,unseen,harsh,two_new,72,2,0,22,48,0.08333333333333333,1.0,0.15384615384615385,0.0,0.5303819444444444,0.5303819444444444
0.01,2,P1,unseen,harsh,two_new,72,2,0,22,48,0.08333333333333333,1.0,0.15384615384615385,0.0,0.5303819444444444,0.5303819444444444
0.01,2,B1,unseen,harsh,vertical_new,72,0,0,24,48,0.0,,0.0,0.0,0.7690972222222222,0.7690972222222222
0.01,2,B2,unseen,harsh,vertical_new,72,0,0,24,48,0.0,,0.0,0.0,0.6215277777777778,0.6215277777777778
0.01,2,B3,unseen,harsh,vertical_new,72,0,0,24,48,0.0,,0.0,0.0,0.6215277777777778,0.6215277777777778
0.01,2,P1,unseen,harsh,vertical_new,72,0,0,24,48,0.0,,0.0,0.0,0.6215277777777778,0.6215277777777778
0.01,2,B1,unseen,harsh,wide_new,72,2,0,22,48,0.08333333333333333,1.0,0.15384615384615385,0.0,0.6831597222222222,0.6831597222222222
0.01,2,B2,unseen,harsh,wide_new,72,2,1,22,47,0.08333333333333333,0.6666666666666666,0.14814814814814814,0.020833333333333332,0.5355902777777778,0.5355902777777778
0.01,2,B3,unseen,harsh,wide_new,72,2,0,22,48,0.08333333333333333,1.0,0.15384615384615385,0.0,0.5355902777777778,0.5355902777777778
0.01,2,P1,unseen,harsh,wide_new,72,2,0,22,48,0.08333333333333333,1.0,0.15384615384615385,0.0,0.5355902777777778,0.5355902777777778
0.01,2,B1,unseen,standard,__all__,360,0,0,120,240,0.0,,0.0,0.0,0.6835416666666667,0.6835416666666667
0.01,2,B2,unseen,standard,__all__,360,0,0,120,240,0.0,,0.0,0.0,0.5520486111111111,0.5520486111111111
0.01,2,B3,unseen,standard,__all__,360,0,0,120,240,0.0,,0.0,0.0,0.5520486111111111,0.5520486111111111
0.01,2,P1,unseen,standard,__all__,360,0,0,120,240,0.0,,0.0,0.0,0.5520486111111111,0.5423611111111111
0.01,2,B1,unseen,standard,horizontal_new,72,0,0,24,48,0.0,,0.0,0.0,0.7552083333333334,0.7552083333333334
0.01,2,B2,unseen,standard,horizontal_new,72,0,0,24,48,0.0,,0.0,0.0,0.5798611111111112,0.5798611111111112
0.01,2,B3,unseen,standard,horizontal_new,72,0,0,24,48,0.0,,0.0,0.0,0.5798611111111112,0.5798611111111112
0.01,2,P1,unseen,standard,horizontal_new,72,0,0,24,48,0.0,,0.0,0.0,0.5798611111111112,0.6614583333333334
0.01,2,B1,unseen,standard,low_new,72,0,0,24,48,0.0,,0.0,0.0,0.7074652777777778,0.7074652777777778
0.01,2,B2,unseen,standard,low_new,72,0,0,24,48,0.0,,0.0,0.0,0.5590277777777778,0.5590277777777778
0.01,2,B3,unseen,standard,low_new,72,0,0,24,48,0.0,,0.0,0.0,0.5590277777777778,0.5590277777777778
0.01,2,P1,unseen,standard,low_new,72,0,0,24,48,0.0,,0.0,0.0,0.5590277777777778,0.5859375
0.01,2,B1,unseen,standard,two_new,72,0,0,24,48,0.0,,0.0,0.0,0.6822916666666666,0.6822916666666666
0.01,2,B2,unseen,standard,two_new,72,0,0,24,48,0.0,,0.0,0.0,0.5633680555555556,0.5633680555555556
0.01,2,B3,unseen,standard,two_new,72,0,0,24,48,0.0,,0.0,0.0,0.5633680555555556,0.5633680555555556
0.01,2,P1,unseen,standard,two_new,72,0,0,24,48,0.0,,0.0,0.0,0.5633680555555556,0.5798611111111112
0.01,2,B1,unseen,standard,vertical_new,72,0,0,24,48,0.0,,0.0,0.0,0.6762152777777778,0.6762152777777778
0.01,2,B2,unseen,standard,vertical_new,72,0,0,24,48,0.0,,0.0,0.0,0.5303819444444444,0.5303819444444444
0.01,2,B3,unseen,standard,vertical_new,72,0,0,24,48,0.0,,0.0,0.0,0.5303819444444444,0.5303819444444444
0.01,2,P1,unseen,standard,vertical_new,72,0,0,24,48,0.0,,0.0,0.0,0.5303819444444444,0.453125
0.01,2,B1,unseen,standard,wide_new,72,0,0,24,48,0.0,,0.0,0.0,0.6328125,0.6328125
0.01,2,B2,unseen,standard,wide_new,72,0,0,24,48,0.0,,0.0,0.0,0.5399305555555556,0.5399305555555556
0.01,2,B3,unseen,standard,wide_new,72,0,0,24,48,0.0,,0.0,0.0,0.5399305555555556,0.5399305555555556
0.01,2,P1,unseen,standard,wide_new,72,0,0,24,48,0.0,,0.0,0.0,0.5399305555555556,0.4670138888888889
0.01,3,B1,all,__all__,__all__,1152,11,7,373,761,0.028645833333333332,0.6111111111111112,0.05472636815920398,0.009114583333333334,0.8448384602864584,0.8448384602864584
0.01,3,B2,all,__all__,__all__,1152,16,3,368,765,0.041666666666666664,0.8421052631578947,0.0794044665012407,0.00390625,0.6511637369791666,0.6511637369791666
0.01,3,B3,all,__all__,__all__,1152,13,3,371,765,0.033854166666666664,0.8125,0.065,0.00390625,0.6511637369791666,0.6362270779079862
0.01,3,P1,all,__all__,__all__,1152,13,4,371,764,0.033854166666666664,0.7647058823529411,0.06483790523690773,0.005208333333333333,0.6511637369791666,0.6281399197048612
0.01,3,B1,seen,__all__,__all__,432,10,6,134,282,0.06944444444444445,0.625,0.125,0.020833333333333332,0.8591338734567902,0.8591338734567902
0.01,3,B2,seen,__all__,__all__,432,10,3,134,285,0.06944444444444445,0.7692307692307693,0.12738853503184713,0.010416666666666666,0.6641830632716049,0.6641830632716049
0.01,3,B3,seen,__all__,__all__,432,9,3,135,285,0.0625,0.75,0.11538461538461539,0.010416666666666666,0.6641830632716049,0.65625
0.01,3,P1,seen,__all__,__all__,432,9,4,135,284,0.0625,0.6923076923076923,0.11464968152866242,0.013888888888888888,0.6641830632716049,0.6397569444444444
0.01,3,B1,seen,__all__,central_furniture,144,2,1,46,95,0.041666666666666664,0.6666666666666666,0.0784313725490196,0.010416666666666666,0.8723958333333334,0.8723958333333334
0.01,3,B2,seen,__all__,central_furniture,144,2,0,46,96,0.041666666666666664,1.0,0.08,0.0,0.6532118055555556,0.6532118055555556
0.01,3,B3,seen,__all__,central_furniture,144,1,0,47,96,0.020833333333333332,1.0,0.04081632653061224,0.0,0.6532118055555556,0.6640625
0.01,3,P1,seen,__all__,central_furniture,144,1,0,47,96,0.020833333333333332,1.0,0.04081632653061224,0.0,0.6532118055555556,0.6477864583333334
0.01,3,B1,seen,__all__,clear,144,8,5,40,91,0.16666666666666666,0.6153846153846154,0.26229508196721313,0.052083333333333336,0.8658854166666666,0.8658854166666666
0.01,3,B2,seen,__all__,clear,144,8,3,40,93,0.16666666666666666,0.7272727272727273,0.2711864406779661,0.03125,0.6770833333333334,0.6770833333333334
0.01,3,B3,seen,__all__,clear,144,8,3,40,93,0.16666666666666666,0.7272727272727273,0.2711864406779661,0.03125,0.6770833333333334,0.6842447916666666
0.01,3,P1,seen,__all__,clear,144,8,4,40,92,0.16666666666666666,0.6666666666666666,0.26666666666666666,0.041666666666666664,0.6770833333333334,0.6842447916666666
0.01,3,B1,seen,__all__,vertical_mid,144,0,0,48,96,0.0,,0.0,0.0,0.837890625,0.837890625
0.01,3,B2,seen,__all__,vertical_mid,144,0,0,48,96,0.0,,0.0,0.0,0.6929253472222222,0.6929253472222222
0.01,3,B3,seen,__all__,vertical_mid,144,0,0,48,96,0.0,,0.0,0.0,0.6929253472222222,0.6395399305555556
0.01,3,P1,seen,__all__,vertical_mid,144,0,0,48,96,0.0,,0.0,0.0,0.6929253472222222,0.6345486111111112
0.01,3,B1,seen,harsh,__all__,216,10,6,62,138,0.1388888888888889,0.625,0.22727272727272727,0.041666666666666664,0.8864776234567902,0.8864776234567902
0.01,3,B2,seen,harsh,__all__,216,10,3,62,141,0.1388888888888889,0.7692307692307693,0.23529411764705882,0.020833333333333332,0.7123842592592593,0.7123842592592593
0.01,3,B3,seen,harsh,__all__,216,9,1,63,143,0.125,0.9,0.21951219512195122,0.006944444444444444,0.7123842592592593,0.7123842592592593
0.01,3,P1,seen,harsh,__all__,216,9,2,63,142,0.125,0.8181818181818182,0.21686746987951808,0.013888888888888888,0.7123842592592593,0.7098765432098766
0.01,3,B1,seen,harsh,central_furniture,72,2,1,22,47,0.08333333333333333,0.6666666666666666,0.14814814814814814,0.020833333333333332,0.8897569444444444,0.8897569444444444
0.01,3,B2,seen,harsh,central_furniture,72,2,0,22,48,0.08333333333333333,1.0,0.15384615384615385,0.0,0.7135416666666666,0.7135416666666666
0.01,3,B3,seen,harsh,central_furniture,72,1,0,23,48,0.041666666666666664,1.0,0.08,0.0,0.7135416666666666,0.7135416666666666
0.01,3,P1,seen,harsh,central_furniture,72,1,0,23,48,0.041666666666666664,1.0,0.08,0.0,0.7135416666666666,0.7135416666666666
0.01,3,B1,seen,harsh,clear,72,8,5,16,43,0.3333333333333333,0.6153846153846154,0.43243243243243246,0.10416666666666667,0.8880208333333334,0.8880208333333334
0.01,3,B2,seen,harsh,clear,72,8,3,16,45,0.3333333333333333,0.7272727272727273,0.45714285714285713,0.0625,0.7517361111111112,0.7517361111111112
0.01,3,B3,seen,harsh,clear,72,8,1,16,47,0.3333333333333333,0.8888888888888888,0.48484848484848486,0.020833333333333332,0.7517361111111112,0.7517361111111112
0.01,3,P1,seen,harsh,clear,72,8,2,16,46,0.3333333333333333,0.8,0.47058823529411764,0.041666666666666664,0.7517361111111112,0.7456597222222222
0.01,3,B1,seen,harsh,vertical_mid,72,0,0,24,48,0.0,,0.0,0.0,0.8836805555555556,0.8836805555555556
0.01,3,B2,seen,harsh,vertical_mid,72,0,0,24,48,0.0,,0.0,0.0,0.7378472222222222,0.7378472222222222
0.01,3,B3,seen,harsh,vertical_mid,72,0,0,24,48,0.0,,0.0,0.0,0.7378472222222222,0.7378472222222222
0.01,3,P1,seen,harsh,vertical_mid,72,0,0,24,48,0.0,,0.0,0.0,0.7378472222222222,0.7352430555555556
0.01,3,B1,seen,standard,__all__,216,0,0,72,144,0.0,,0.0,0.0,0.8260995370370371,0.8260995370370371
0.01,3,B2,seen,standard,__all__,216,0,0,72,144,0.0,,0.0,0.0,0.6251929012345679,0.6251929012345679
0.01,3,B3,seen,standard,__all__,216,0,2,72,142,0.0,0.0,0.0,0.013888888888888888,0.6251929012345679,0.6251929012345679
0.01,3,P1,seen,standard,__all__,216,0,2,72,142,0.0,0.0,0.0,0.013888888888888888,0.6251929012345679,0.5751350308641975
0.01,3,B1,seen,standard,central_furniture,72,0,0,24,48,0.0,,0.0,0.0,0.8576388888888888,0.8576388888888888
0.01,3,B2,seen,standard,central_furniture,72,0,0,24,48,0.0,,0.0,0.0,0.6015625,0.6015625
0.01,3,B3,seen,standard,central_furniture,72,0,0,24,48,0.0,,0.0,0.0,0.6015625,0.6015625
0.01,3,P1,seen,standard,central_furniture,72,0,0,24,48,0.0,,0.0,0.0,0.6015625,0.5590277777777778
0.01,3,B1,seen,standard,clear,72,0,0,24,48,0.0,,0.0,0.0,0.8411458333333334,0.8411458333333334
0.01,3,B2,seen,standard,clear,72,0,0,24,48,0.0,,0.0,0.0,0.625,0.625
0.01,3,B3,seen,standard,clear,72,0,2,24,46,0.0,0.0,0.0,0.041666666666666664,0.625,0.625
0.01,3,P1,seen,standard,clear,72,0,2,24,46,0.0,0.0,0.0,0.041666666666666664,0.625,0.6276041666666666
0.01,3,B1,seen,standard,vertical_mid,72,0,0,24,48,0.0,,0.0,0.0,0.7838541666666666,0.7838541666666666
0.01,3,B2,seen,standard,vertical_mid,72,0,0,24,48,0.0,,0.0,0.0,0.6545138888888888,0.6545138888888888
0.01,3,B3,seen,standard,vertical_mid,72,0,0,24,48,0.0,,0.0,0.0,0.6545138888888888,0.6545138888888888
0.01,3,P1,seen,standard,vertical_mid,72,0,0,24,48,0.0,,0.0,0.0,0.6545138888888888,0.5538194444444444
0.01,3,B1,unseen,__all__,__all__,720,1,1,239,479,0.004166666666666667,0.5,0.008264462809917356,0.0020833333333333333,0.8349045138888889,0.8349045138888889
0.01,3,B2,unseen,__all__,__all__,720,6,0,234,480,0.025,1.0,0.04878048780487805,0.0,0.6456336805555556,0.6456336805555556
0.01,3,B3,unseen,__all__,__all__,720,4,0,236,480,0.016666666666666666,1.0,0.03278688524590164,0.0,0.6456336805555556,0.6251302083333333
0.01,3,P1,unseen,__all__,__all__,720,4,0,236,480,0.016666666666666666,1.0,0.03278688524590164,0.0,0.6456336805555556,0.6234982638888888
0.01,3,B1,unseen,__all__,horizontal_new,144,0,0,48,96,0.0,,0.0,0.0,0.83984375,0.83984375
0.01,3,B2,unseen,__all__,horizontal_new,144,0,0,48,96,0.0,,0.0,0.0,0.6701388888888888,0.6701388888888888
0.01,3,B3,unseen,__all__,horizontal_new,144,0,0,48,96,0.0,,0.0,0.0,0.6701388888888888,0.5954861111111112
0.01,3,P1,unseen,__all__,horizontal_new,144,0,0,48,96,0.0,,0.0,0.0,0.6701388888888888,0.6475694444444444
0.01,3,B1,unseen,__all__,low_new,144,1,1,47,95,0.020833333333333332,0.5,0.04,0.010416666666666666,0.8682725694444444,0.8682725694444444
0.01,3,B2,unseen,__all__,low_new,144,4,0,44,96,0.08333333333333333,1.0,0.15384615384615385,0.0,0.6571180555555556,0.6571180555555556
0.01,3,B3,unseen,__all__,low_new,144,2,0,46,96,0.041666666666666664,1.0,0.08,0.0,0.6571180555555556,0.662109375
0.01,3,P1,unseen,__all__,low_new,144,2,0,46,96,0.041666666666666664,1.0,0.08,0.0,0.6571180555555556,0.6705729166666666
0.01,3,B1,unseen,__all__,two_new,144,0,0,48,96,0.0,,0.0,0.0,0.8446180555555556,0.8446180555555556
0.01,3,B2,unseen,__all__,two_new,144,1,0,47,96,0.020833333333333332,1.0,0.04081632653061224,0.0,0.6254340277777778,0.6254340277777778
0.01,3,B3,unseen,__all__,two_new,144,1,0,47,96,0.020833333333333332,1.0,0.04081632653061224,0.0,0.6254340277777778,0.6245659722222222
0.01,3,P1,unseen,__all__,two_new,144,1,0,47,96,0.020833333333333332,1.0,0.04081632653061224,0.0,0.6254340277777778,0.6278211805555556
0.01,3,B1,unseen,__all__,vertical_new,144,0,0,48,96,0.0,,0.0,0.0,0.8285590277777778,0.8285590277777778
0.01,3,B2,unseen,__all__,vertical_new,144,0,0,48,96,0.0,,0.0,0.0,0.6840277777777778,0.6840277777777778
0.01,3,B3,unseen,__all__,vertical_new,144,0,0,48,96,0.0,,0.0,0.0,0.6840277777777778,0.6217447916666666
0.01,3,P1,unseen,__all__,vertical_new,144,0,0,48,96,0.0,,0.0,0.0,0.6840277777777778,0.6202256944444444
0.01,3,B1,unseen,__all__,wide_new,144,0,0,48,96,0.0,,0.0,0.0,0.7962239583333334,0.7962239583333334
0.01,3,B2,unseen,__all__,wide_new,144,1,0,47,96,0.020833333333333332,1.0,0.04081632653061224,0.0,0.6306423611111112,0.6306423611111112
0.01,3,B3,unseen,__all__,wide_new,144,1,0,47,96,0.020833333333333332,1.0,0.04081632653061224,0.0,0.6306423611111112,0.6319444444444444
0.01,3,P1,unseen,__all__,wide_new,144,1,0,47,96,0.020833333333333332,1.0,0.04081632653061224,0.0,0.6306423611111112,0.6065538194444444
0.01,3,B1,unseen,harsh,__all__,360,1,1,119,239,0.008333333333333333,0.5,0.01639344262295082,0.004166666666666667,0.8639236111111112,0.8639236111111112
0.01,3,B2,unseen,harsh,__all__,360,6,0,114,240,0.05,1.0,0.09523809523809523,0.0,0.6723263888888888,0.6723263888888888
0.01,3,B3,unseen,harsh,__all__,360,4,0,116,240,0.03333333333333333,1.0,0.06451612903225806,0.0,0.6723263888888888,0.6723263888888888
0.01,3,P1,unseen,harsh,__all__,360,4,0,116,240,0.03333333333333333,1.0,0.06451612903225806,0.0,0.6723263888888888,0.6683680555555556
0.01,3,B1,unseen,harsh,horizontal_new,72,0,0,24,48,0.0,,0.0,0.0,0.84375,0.84375
0.01,3,B2,unseen,harsh,horizontal_new,72,0,0,24,48,0.0,,0.0,0.0,0.6788194444444444,0.6788194444444444
0.01,3,B3,unseen,harsh,horizontal_new,72,0,0,24,48,0.0,,0.0,0.0,0.6788194444444444,0.6788194444444444
0.01,3,P1,unseen,harsh,horizontal_new,72,0,0,24,48,0.0,,0.0,0.0,0.6788194444444444,0.6475694444444444
0.01,3,B1,unseen,harsh,low_new,72,1,1,23,47,0.041666666666666664,0.5,0.07692307692307693,0.020833333333333332,0.8810763888888888,0.8810763888888888
0.01,3,B2,unseen,harsh,low_new,72,4,0,20,48,0.16666666666666666,1.0,0.2857142857142857,0.0,0.6961805555555556,0.6961805555555556
0.01,3,B3,unseen,harsh,low_new,72,2,0,22,48,0.08333333333333333,1.0,0.15384615384615385,0.0,0.6961805555555556,0.6961805555555556
0.01,3,P1,unseen,harsh,low_new,72,2,0,22,48,0.08333333333333333,1.0,0.15384615384615385,0.0,0.6961805555555556,0.6961805555555556
0.01,3,B1,unseen,harsh,two_new,72,0,0,24,48,0.0,,0.0,0.0,0.8645833333333334,0.8645833333333334
0.01,3,B2,unseen,harsh,two_new,72,1,0,23,48,0.041666666666666664,1.0,0.08,0.0,0.6631944444444444,0.6631944444444444
0.01,3,B3,unseen,harsh,two_new,72,1,0,23,48,0.041666666666666664,1.0,0.08,0.0,0.6631944444444444,0.6631944444444444
0.01,3,P1,unseen,harsh,two_new,72,1,0,23,48,0.041666666666666664,1.0,0.08,0.0,0.6631944444444444,0.6631944444444444
0.01,3,B1,unseen,harsh,vertical_new,72,0,0,24,48,0.0,,0.0,0.0,0.8888888888888888,0.8888888888888888
0.01,3,B2,unseen,harsh,vertical_new,72,0,0,24,48,0.0,,0.0,0.0,0.7361111111111112,0.7361111111111112
0.01,3,B3,unseen,harsh,vertical_new,72,0,0,24,48,0.0,,0.0,0.0,0.7361111111111112,0.7361111111111112
0.01,3,P1,unseen,harsh,vertical_new,72,0,0,24,48,0.0,,0.0,0.0,0.7361111111111112,0.7361111111111112
0.01,3,B1,unseen,harsh,wide_new,72,0,0,24,48,0.0,,0.0,0.0,0.8394097222222222,0.8394097222222222
0.01,3,B2,unseen,harsh,wide_new,72,1,0,23,48,0.041666666666666664,1.0,0.08,0.0,0.6840277777777778,0.6840277777777778
0.01,3,B3,unseen,harsh,wide_new,72,1,0,23,48,0.041666666666666664,1.0,0.08,0.0,0.6840277777777778,0.6840277777777778
0.01,3,P1,unseen,harsh,wide_new,72,1,0,23,48,0.041666666666666664,1.0,0.08,0.0,0.6840277777777778,0.6840277777777778
0.01,3,B1,unseen,standard,__all__,360,0,0,120,240,0.0,,0.0,0.0,0.7951041666666666,0.7951041666666666
0.01,3,B2,unseen,standard,__all__,360,0,0,120,240,0.0,,0.0,0.0,0.6237847222222223,0.6237847222222223
0.01,3,B3,unseen,standard,__all__,360,0,0,120,240,0.0,,0.0,0.0,0.6237847222222223,0.6237847222222223
0.01,3,P1,unseen,standard,__all__,360,0,0,120,240,0.0,,0.0,0.0,0.6237847222222223,0.5798611111111112
0.01,3,B1,unseen,standard,horizontal_new,72,0,0,24,48,0.0,,0.0,0.0,0.8246527777777778,0.8246527777777778
0.01,3,B2,unseen,standard,horizontal_new,72,0,0,24,48,0.0,,0.0,0.0,0.6640625,0.6640625
0.01,3,B3,unseen,standard,horizontal_new,72,0,0,24,48,0.0,,0.0,0.0,0.6640625,0.6640625
0.01,3,P1,unseen,standard,horizontal_new,72,0,0,24,48,0.0,,0.0,0.0,0.6640625,0.6571180555555556
0.01,3,B1,unseen,standard,low_new,72,0,0,24,48,0.0,,0.0,0.0,0.8446180555555556,0.8446180555555556
0.01,3,B2,unseen,standard,low_new,72,0,0,24,48,0.0,,0.0,0.0,0.6397569444444444,0.6397569444444444
0.01,3,B3,unseen,standard,low_new,72,0,0,24,48,0.0,,0.0,0.0,0.6397569444444444,0.6397569444444444
0.01,3,P1,unseen,standard,low_new,72,0,0,24,48,0.0,,0.0,0.0,0.6397569444444444,0.640625
0.01,3,B1,unseen,standard,two_new,72,0,0,24,48,0.0,,0.0,0.0,0.8376736111111112,0.8376736111111112
0.01,3,B2,unseen,standard,two_new,72,0,0,24,48,0.0,,0.0,0.0,0.5989583333333334,0.5989583333333334
0.01,3,B3,unseen,standard,two_new,72,0,0,24,48,0.0,,0.0,0.0,0.5989583333333334,0.5989583333333334
0.01,3,P1,unseen,standard,two_new,72,0,0,24,48,0.0,,0.0,0.0,0.5989583333333334,0.5815972222222222
0.01,3,B1,unseen,standard,vertical_new,72,0,0,24,48,0.0,,0.0,0.0,0.7508680555555556,0.7508680555555556
0.01,3,B2,unseen,standard,vertical_new,72,0,0,24,48,0.0,,0.0,0.0,0.6336805555555556,0.6336805555555556
0.01,3,B3,unseen,standard,vertical_new,72,0,0,24,48,0.0,,0.0,0.0,0.6336805555555556,0.6336805555555556
0.01,3,P1,unseen,standard,vertical_new,72,0,0,24,48,0.0,,0.0,0.0,0.6336805555555556,0.5173611111111112
0.01,3,B1,unseen,standard,wide_new,72,0,0,24,48,0.0,,0.0,0.0,0.7326388888888888,0.7326388888888888
0.01,3,B2,unseen,standard,wide_new,72,0,0,24,48,0.0,,0.0,0.0,0.5815972222222222,0.5815972222222222
0.01,3,B3,unseen,standard,wide_new,72,0,0,24,48,0.0,,0.0,0.0,0.5815972222222222,0.5815972222222222
0.01,3,P1,unseen,standard,wide_new,72,0,0,24,48,0.0,,0.0,0.0,0.5815972222222222,0.5217013888888888
0.01,4,B1,all,__all__,__all__,1152,11,0,373,768,0.028645833333333332,1.0,0.05569620253164557,0.0,0.5311618381076388,0.5311618381076388
0.01,4,B2,all,__all__,__all__,1152,10,3,374,765,0.026041666666666668,0.7692307692307693,0.05037783375314862,0.00390625,0.5406663682725694,0.5406663682725694
0.01,4,B3,all,__all__,__all__,1152,8,5,376,763,0.020833333333333332,0.6153846153846154,0.04030226700251889,0.006510416666666667,0.5406663682725694,0.537841796875
0.01,4,P1,all,__all__,__all__,1152,8,5,376,763,0.020833333333333332,0.6153846153846154,0.04030226700251889,0.006510416666666667,0.5406663682725694,0.5379604763454862
0.01,4,B1,seen,__all__,__all__,432,6,0,138,288,0.041666666666666664,1.0,0.08,0.0,0.5359278549382716,0.5359278549382716
0.01,4,B2,seen,__all__,__all__,432,8,3,136,285,0.05555555555555555,0.7272727272727273,0.1032258064516129,0.010416666666666666,0.5439332561728395,0.5439332561728395
0.01,4,B3,seen,__all__,__all__,432,7,5,137,283,0.04861111111111111,0.5833333333333334,0.08974358974358974,0.017361111111111112,0.5439332561728395,0.5413532021604939
0.01,4,P1,seen,__all__,__all__,432,7,5,137,283,0.04861111111111111,0.5833333333333334,0.08974358974358974,0.017361111111111112,0.5439332561728395,0.5400511188271605
0.01,4,B1,seen,__all__,central_furniture,144,2,0,46,96,0.041666666666666664,1.0,0.08,0.0,0.5275607638888888,0.5275607638888888
0.01,4,B2,seen,__all__,central_furniture,144,2,0,46,96,0.041666666666666664,1.0,0.08,0.0,0.5570746527777778,0.5570746527777778
0.01,4,B3,seen,__all__,central_furniture,144,1,0,47,96,0.020833333333333332,1.0,0.04081632653061224,0.0,0.5570746527777778,0.5514322916666666
0.01,4,P1,seen,__all__,central_furniture,144,1,0,47,96,0.020833333333333332,1.0,0.04081632653061224,0.0,0.5570746527777778,0.5338541666666666
0.01,4,B1,seen,__all__,clear,144,4,0,44,96,0.08333333333333333,1.0,0.15384615384615385,0.0,0.5362413194444444,0.5362413194444444
0.01,4,B2,seen,__all__,clear,144,6,3,42,93,0.125,0.6666666666666666,0.21052631578947367,0.03125,0.5512152777777778,0.5512152777777778
0.01,4,B3,seen,__all__,clear,144,6,5,42,91,0.125,0.5454545454545454,0.2033898305084746,0.052083333333333336,0.5512152777777778,0.5549045138888888
0.01,4,P1,seen,__all__,clear,144,6,5,42,91,0.125,0.5454545454545454,0.2033898305084746,0.052083333333333336,0.5512152777777778,0.5594618055555556
0.01,4,B1,seen,__all__,vertical_mid,144,0,0,48,96,0.0,,0.0,0.0,0.5735677083333334,0.5735677083333334
0.01,4,B2,seen,__all__,vertical_mid,144,0,0,48,96,0.0,,0.0,0.0,0.5592447916666666,0.5592447916666666
0.01,4,B3,seen,__all__,vertical_mid,144,0,0,48,96,0.0,,0.0,0.0,0.5592447916666666,0.5197482638888888
0.01,4,P1,seen,__all__,vertical_mid,144,0,0,48,96,0.0,,0.0,0.0,0.5592447916666666,0.5453559027777778
0.01,4,B1,seen,harsh,__all__,216,6,0,66,144,0.08333333333333333,1.0,0.15384615384615385,0.0,0.5805362654320988,0.5805362654320988
0.01,4,B2,seen,harsh,__all__,216,8,3,64,141,0.1111111111111111,0.7272727272727273,0.1927710843373494,0.020833333333333332,0.6073495370370371,0.6073495370370371
0.01,4,B3,seen,harsh,__all__,216,7,3,65,141,0.09722222222222222,0.7,0.17073170731707318,0.020833333333333332,0.6073495370370371,0.6073495370370371
0.01,4,P1,seen,harsh,__all__,216,7,4,65,140,0.09722222222222222,0.6363636363636364,0.1686746987951807,0.027777777777777776,0.6073495370370371,0.6065779320987654
0.01,4,B1,seen,harsh,central_furniture,72,2,0,22,48,0.08333333333333333,1.0,0.15384615384615385,0.0,0.59375,0.59375
0.01,4,B2,seen,harsh,central_furniture,72,2,0,22,48,0.08333333333333333,1.0,0.15384615384615385,0.0,0.6276041666666666,0.6276041666666666
0.01,4,B3,seen,harsh,central_furniture,72,1,0,23,48,0.041666666666666664,1.0,0.08,0.0,0.6276041666666666,0.6276041666666666
0.01,4,P1,seen,harsh,central_furniture,72,1,0,23,48,0.041666666666666664,1.0,0.08,0.0,0.6276041666666666,0.6276041666666666
0.01,4,B1,seen,harsh,clear,72,4,0,20,48,0.16666666666666666,1.0,0.2857142857142857,0.0,0.5980902777777778,0.5980902777777778
0.01,4,B2,seen,harsh,clear,72,6,3,18,45,0.25,0.6666666666666666,0.36363636363636365,0.0625,0.6119791666666666,0.6119791666666666
0.01,4,B3,seen,harsh,clear,72,6,3,18,45,0.25,0.6666666666666666,0.36363636363636365,0.0625,0.6119791666666666,0.6119791666666666
0.01,4,P1,seen,harsh,clear,72,6,4,18,44,0.25,0.6,0.35294117647058826,0.08333333333333333,0.6119791666666666,0.6111111111111112
0.01,4,B1,seen,harsh,vertical_mid,72,0,0,24,48,0.0,,0.0,0.0,0.6223958333333334,0.6223958333333334
0.01,4,B2,seen,harsh,vertical_mid,72,0,0,24,48,0.0,,0.0,0.0,0.6519097222222222,0.6519097222222222
0.01,4,B3,seen,harsh,vertical_mid,72,0,0,24,48,0.0,,0.0,0.0,0.6519097222222222,0.6519097222222222
0.01,4,P1,seen,harsh,vertical_mid,72,0,0,24,48,0.0,,0.0,0.0,0.6519097222222222,0.6519097222222222
0.01,4,B1,seen,standard,__all__,216,0,0,72,144,0.0,,0.0,0.0,0.4906442901234568,0.4906442901234568
0.01,4,B2,seen,standard,__all__,216,0,0,72,144,0.0,,0.0,0.0,0.4613233024691358,0.4613233024691358
0.01,4,B3,seen,standard,__all__,216,0,2,72,142,0.0,0.0,0.0,0.013888888888888888,0.4613233024691358,0.4613233024691358
0.01,4,P1,seen,standard,__all__,216,0,1,72,143,0.0,0.0,0.0,0.006944444444444444,0.4613233024691358,0.4522569444444444
0.01,4,B1,seen,standard,central_furniture,72,0,0,24,48,0.0,,0.0,0.0,0.4791666666666667,0.4791666666666667
0.01,4,B2,seen,standard,central_furniture,72,0,0,24,48,0.0,,0.0,0.0,0.4713541666666667,0.4713541666666667
0.01,4,B3,seen,standard,central_furniture,72,0,0,24,48,0.0,,0.0,0.0,0.4713541666666667,0.4713541666666667
0.01,4,P1,seen,standard,central_furniture,72,0,0,24,48,0.0,,0.0,0.0,0.4713541666666667,0.4262152777777778
0.01,4,B1,seen,standard,clear,72,0,0,24,48,0.0,,0.0,0.0,0.4947916666666667,0.4947916666666667
0.01,4,B2,seen,standard,clear,72,0,0,24,48,0.0,,0.0,0.0,0.4869791666666667,0.4869791666666667
0.01,4,B3,seen,standard,clear,72,0,2,24,46,0.0,0.0,0.0,0.041666666666666664,0.4869791666666667,0.4869791666666667
0.01,4,P1,seen,standard,clear,72,0,1,24,47,0.0,0.0,0.0,0.020833333333333332,0.4869791666666667,0.4956597222222222
0.01,4,B1,seen,standard,vertical_mid,72,0,0,24,48,0.0,,0.0,0.0,0.4991319444444444,0.4991319444444444
0.01,4,B2,seen,standard,vertical_mid,72,0,0,24,48,0.0,,0.0,0.0,0.4383680555555556,0.4383680555555556
0.01,4,B3,seen,standard,vertical_mid,72,0,0,24,48,0.0,,0.0,0.0,0.4383680555555556,0.4383680555555556
0.01,4,P1,seen,standard,vertical_mid,72,0,0,24,48,0.0,,0.0,0.0,0.4383680555555556,0.4262152777777778
0.01,4,B1,unseen,__all__,__all__,720,5,0,235,480,0.020833333333333332,1.0,0.04081632653061224,0.0,0.5285243055555555,0.5285243055555555
0.01,4,B2,unseen,__all__,__all__,720,2,0,238,480,0.008333333333333333,1.0,0.01652892561983471,0.0,0.5400173611111111,0.5400173611111111
0.01,4,B3,unseen,__all__,__all__,720,1,0,239,480,0.004166666666666667,1.0,0.008298755186721992,0.0,0.5400173611111111,0.5361545138888889
0.01,4,P1,unseen,__all__,__all__,720,1,0,239,480,0.004166666666666667,1.0,0.008298755186721992,0.0,0.5400173611111111,0.5396527777777778
0.01,4,B1,unseen,__all__,horizontal_new,144,0,0,48,96,0.0,,0.0,0.0,0.5436197916666666,0.5436197916666666
0.01,4,B2,unseen,__all__,horizontal_new,144,0,0,48,96,0.0,,0.0,0.0,0.5529513888888888,0.5529513888888888
0.01,4,B3,unseen,__all__,horizontal_new,144,0,0,48,96,0.0,,0.0,0.0,0.5529513888888888,0.5230034722222222
0.01,4,P1,unseen,__all__,horizontal_new,144,0,0,48,96,0.0,,0.0,0.0,0.5529513888888888,0.5855034722222222
0.01,4,B1,unseen,__all__,low_new,144,1,0,47,96,0.020833333333333332,1.0,0.04081632653061224,0.0,0.5368923611111112,0.5368923611111112
0.01,4,B2,unseen,__all__,low_new,144,1,0,47,96,0.020833333333333332,1.0,0.04081632653061224,0.0,0.5542534722222222,0.5542534722222222
0.01,4,B3,unseen,__all__,low_new,144,1,0,47,96,0.020833333333333332,1.0,0.04081632653061224,0.0,0.5542534722222222,0.5529513888888888
0.01,4,P1,unseen,__all__,low_new,144,1,0,47,96,0.020833333333333332,1.0,0.04081632653061224,0.0,0.5542534722222222,0.5622829861111112
0.01,4,B1,unseen,__all__,two_new,144,2,0,46,96,0.041666666666666664,1.0,0.08,0.0,0.5288628472222222,0.5288628472222222
0.01,4,B2,unseen,__all__,two_new,144,0,0,48,96,0.0,,0.0,0.0,0.5457899305555556,0.5457899305555556
0.01,4,B3,unseen,__all__,two_new,144,0,0,48,96,0.0,,0.0,0.0,0.5457899305555556,0.5462239583333334
0.01,4,P1,unseen,__all__,two_new,144,0,0,48,96,0.0,,0.0,0.0,0.5457899305555556,0.5464409722222222
0.01,4,B1,unseen,__all__,vertical_new,144,0,0,48,96,0.0,,0.0,0.0,0.5596788194444444,0.5596788194444444
0.01,4,B2,unseen,__all__,vertical_new,144,0,0,48,96,0.0,,0.0,0.0,0.5679253472222222,0.5679253472222222
0.01,4,B3,unseen,__all__,vertical_new,144,0,0,48,96,0.0,,0.0,0.0,0.5679253472222222,0.5295138888888888
0.01,4,P1,unseen,__all__,vertical_new,144,0,0,48,96,0.0,,0.0,0.0,0.5679253472222222,0.5455729166666666
0.01,4,B1,unseen,__all__,wide_new,144,2,0,46,96,0.041666666666666664,1.0,0.08,0.0,0.5162760416666666,0.5162760416666666
0.01,4,B2,unseen,__all__,wide_new,144,1,0,47,96,0.020833333333333332,1.0,0.04081632653061224,0.0,0.5282118055555556,0.5282118055555556
0.01,4,B3,unseen,__all__,wide_new,144,0,0,48,96,0.0,,0.0,0.0,0.5282118055555556,0.5379774305555556
0.01,4,P1,unseen,__all__,wide_new,144,0,0,48,96,0.0,,0.0,0.0,0.5282118055555556,0.5112847222222222
0.01,4,B1,unseen,harsh,__all__,360,5,0,115,240,0.041666666666666664,1.0,0.08,0.0,0.5647222222222222,0.5647222222222222
0.01,4,B2,unseen,harsh,__all__,360,2,0,118,240,0.016666666666666666,1.0,0.03278688524590164,0.0,0.5944444444444444,0.5944444444444444
0.01,4,B3,unseen,harsh,__all__,360,1,0,119,240,0.008333333333333333,1.0,0.01652892561983471,0.0,0.5944444444444444,0.5944444444444444
0.01,4,P1,unseen,harsh,__all__,360,1,0,119,240,0.008333333333333333,1.0,0.01652892561983471,0.0,0.5944444444444444,0.5921875
0.01,4,B1,unseen,harsh,horizontal_new,72,0,0,24,48,0.0,,0.0,0.0,0.5694444444444444,0.5694444444444444
0.01,4,B2,unseen,harsh,horizontal_new,72,0,0,24,48,0.0,,0.0,0.0,0.6102430555555556,0.6102430555555556
0.01,4,B3,unseen,harsh,horizontal_new,72,0,0,24,48,0.0,,0.0,0.0,0.6102430555555556,0.6102430555555556
0.01,4,P1,unseen,harsh,horizontal_new,72,0,0,24,48,0.0,,0.0,0.0,0.6102430555555556,0.5920138888888888
0.01,4,B1,unseen,harsh,low_new,72,1,0,23,48,0.041666666666666664,1.0,0.08,0.0,0.5920138888888888,0.5920138888888888
0.01,4,B2,unseen,harsh,low_new,72,1,0,23,48,0.041666666666666664,1.0,0.08,0.0,0.5998263888888888,0.5998263888888888
0.01,4,B3,unseen,harsh,low_new,72,1,0,23,48,0.041666666666666664,1.0,0.08,0.0,0.5998263888888888,0.5998263888888888
0.01,4,P1,unseen,harsh,low_new,72,1,0,23,48,0.041666666666666664,1.0,0.08,0.0,0.5998263888888888,0.5998263888888888
0.01,4,B1,unseen,harsh,two_new,72,2,0,22,48,0.08333333333333333,1.0,0.15384615384615385,0.0,0.5833333333333334,0.5833333333333334
0.01,4,B2,unseen,harsh,two_new,72,0,0,24,48,0.0,,0.0,0.0,0.5954861111111112,0.5954861111111112
0.01,4,B3,unseen,harsh,two_new,72,0,0,24,48,0.0,,0.0,0.0,0.5954861111111112,0.5954861111111112
0.01,4,P1,unseen,harsh,two_new,72,0,0,24,48,0.0,,0.0,0.0,0.5954861111111112,0.5954861111111112
0.01,4,B1,unseen,harsh,vertical_new,72,0,0,24,48,0.0,,0.0,0.0,0.6032986111111112,0.6032986111111112
0.01,4,B2,unseen,harsh,vertical_new,72,0,0,24,48,0.0,,0.0,0.0,0.6614583333333334,0.6614583333333334
0.01,4,B3,unseen,harsh,vertical_new,72,0,0,24,48,0.0,,0.0,0.0,0.6614583333333334,0.6614583333333334
0.01,4,P1,unseen,harsh,vertical_new,72,0,0,24,48,0.0,,0.0,0.0,0.6614583333333334,0.6614583333333334
0.01,4,B1,unseen,harsh,wide_new,72,2,0,22,48,0.08333333333333333,1.0,0.15384615384615385,0.0,0.5633680555555556,0.5633680555555556
0.01,4,B2,unseen,harsh,wide_new,72,1,0,23,48,0.041666666666666664,1.0,0.08,0.0,0.5920138888888888,0.5920138888888888
0.01,4,B3,unseen,harsh,wide_new,72,0,0,24,48,0.0,,0.0,0.0,0.5920138888888888,0.5920138888888888
0.01,4,P1,unseen,harsh,wide_new,72,0,0,24,48,0.0,,0.0,0.0,0.5920138888888888,0.5920138888888888
0.01,4,B1,unseen,standard,__all__,360,0,0,120,240,0.0,,0.0,0.0,0.4919791666666667,0.4919791666666667
0.01,4,B2,unseen,standard,__all__,360,0,0,120,240,0.0,,0.0,0.0,0.47034722222222225,0.47034722222222225
0.01,4,B3,unseen,standard,__all__,360,0,0,120,240,0.0,,0.0,0.0,0.47034722222222225,0.47034722222222225
0.01,4,P1,unseen,standard,__all__,360,0,0,120,240,0.0,,0.0,0.0,0.47034722222222225,0.4705902777777778
0.01,4,B1,unseen,standard,horizontal_new,72,0,0,24,48,0.0,,0.0,0.0,0.5104166666666666,0.5104166666666666
0.01,4,B2,unseen,standard,horizontal_new,72,0,0,24,48,0.0,,0.0,0.0,0.4765625,0.4765625
0.01,4,B3,unseen,standard,horizontal_new,72,0,0,24,48,0.0,,0.0,0.0,0.4765625,0.4765625
0.01,4,P1,unseen,standard,horizontal_new,72,0,0,24,48,0.0,,0.0,0.0,0.4765625,0.5729166666666666
0.01,4,B1,unseen,standard,low_new,72,0,0,24,48,0.0,,0.0,0.0,0.5060763888888888,0.5060763888888888
0.01,4,B2,unseen,standard,low_new,72,0,0,24,48,0.0,,0.0,0.0,0.4991319444444444,0.4991319444444444
0.01,4,B3,unseen,standard,low_new,72,0,0,24,48,0.0,,0.0,0.0,0.4991319444444444,0.4991319444444444
0.01,4,P1,unseen,standard,low_new,72,0,0,24,48,0.0,,0.0,0.0,0.4991319444444444,0.4991319444444444
0.01,4,B1,unseen,standard,two_new,72,0,0,24,48,0.0,,0.0,0.0,0.5043402777777778,0.5043402777777778
0.01,4,B2,unseen,standard,two_new,72,0,0,24,48,0.0,,0.0,0.0,0.4835069444444444,0.4835069444444444
0.01,4,B3,unseen,standard,two_new,72,0,0,24,48,0.0,,0.0,0.0,0.4835069444444444,0.4835069444444444
0.01,4,P1,unseen,standard,two_new,72,0,0,24,48,0.0,,0.0,0.0,0.4835069444444444,0.5017361111111112
0.01,4,B1,unseen,standard,vertical_new,72,0,0,24,48,0.0,,0.0,0.0,0.5060763888888888,0.5060763888888888
0.01,4,B2,unseen,standard,vertical_new,72,0,0,24,48,0.0,,0.0,0.0,0.4557291666666667,0.4557291666666667
0.01,4,B3,unseen,standard,vertical_new,72,0,0,24,48,0.0,,0.0,0.0,0.4557291666666667,0.4557291666666667
0.01,4,P1,unseen,standard,vertical_new,72,0,0,24,48,0.0,,0.0,0.0,0.4557291666666667,0.4157986111111111
0.01,4,B1,unseen,standard,wide_new,72,0,0,24,48,0.0,,0.0,0.0,0.4696180555555556,0.4696180555555556
0.01,4,B2,unseen,standard,wide_new,72,0,0,24,48,0.0,,0.0,0.0,0.4583333333333333,0.4583333333333333
0.01,4,B3,unseen,standard,wide_new,72,0,0,24,48,0.0,,0.0,0.0,0.4583333333333333,0.4583333333333333
0.01,4,P1,unseen,standard,wide_new,72,0,0,24,48,0.0,,0.0,0.0,0.4583333333333333,0.4079861111111111
0.025,0,B1,all,__all__,__all__,1152,19,2,365,766,0.049479166666666664,0.9047619047619048,0.09382716049382717,0.0026041666666666665,0.5476108127170138,0.5476108127170138
0.025,0,B2,all,__all__,__all__,1152,24,7,360,761,0.0625,0.7741935483870968,0.11566265060240964,0.009114583333333334,0.5677897135416666,0.5677897135416666
0.025,0,B3,all,__all__,__all__,1152,19,8,365,760,0.049479166666666664,0.7037037037037037,0.09245742092457421,0.010416666666666666,0.5677897135416666,0.5618523491753472
0.025,0,P1,all,__all__,__all__,1152,23,4,361,764,0.059895833333333336,0.8518518518518519,0.11192214111922141,0.005208333333333333,0.5677897135416666,0.56378173828125
0.025,0,B1,seen,__all__,__all__,432,10,1,134,287,0.06944444444444445,0.9090909090909091,0.12903225806451613,0.003472222222222222,0.5577498070987654,0.5577498070987654
0.025,0,B2,seen,__all__,__all__,432,12,6,132,282,0.08333333333333333,0.6666666666666666,0.14814814814814814,0.020833333333333332,0.5785349151234568,0.5785349151234568
0.025,0,B3,seen,__all__,__all__,432,9,4,135,284,0.0625,0.6923076923076923,0.11464968152866242,0.013888888888888888,0.5785349151234568,0.5719039351851852
0.025,0,P1,seen,__all__,__all__,432,12,3,132,285,0.08333333333333333,0.8,0.1509433962264151,0.010416666666666666,0.5785349151234568,0.5739535108024691
0.025,0,B1,seen,__all__,central_furniture,144,5,0,43,96,0.10416666666666667,1.0,0.18867924528301888,0.0,0.5540364583333334,0.5540364583333334
0.025,0,B2,seen,__all__,central_furniture,144,5,1,43,95,0.10416666666666667,0.8333333333333334,0.18518518518518517,0.010416666666666666,0.5779079861111112,0.5779079861111112
0.025,0,B3,seen,__all__,central_furniture,144,3,2,45,94,0.0625,0.6,0.11320754716981132,0.020833333333333332,0.5779079861111112,0.5711805555555556
0.025,0,P1,seen,__all__,central_furniture,144,5,1,43,95,0.10416666666666667,0.8333333333333334,0.18518518518518517,0.010416666666666666,0.5779079861111112,0.5674913194444444
0.025,0,B1,seen,__all__,clear,144,5,1,43,95,0.10416666666666667,0.8333333333333334,0.18518518518518517,0.010416666666666666,0.5588107638888888,0.5588107638888888
0.025,0,B2,seen,__all__,clear,144,7,5,41,91,0.14583333333333334,0.5833333333333334,0.23333333333333334,0.052083333333333336,0.5826822916666666,0.5826822916666666
0.025,0,B3,seen,__all__,clear,144,6,2,42,94,0.125,0.75,0.21428571428571427,0.020833333333333332,0.5826822916666666,0.5811631944444444
0.025,0,P1,seen,__all__,clear,144,7,2,41,94,0.14583333333333334,0.7777777777777778,0.24561403508771928,0.020833333333333332,0.5826822916666666,0.5805121527777778
0.025,0,B1,seen,__all__,vertical_mid,144,0,0,48,96,0.0,,0.0,0.0,0.5935329861111112,0.5935329861111112
0.025,0,B2,seen,__all__,vertical_mid,144,0,0,48,96,0.0,,0.0,0.0,0.62109375,0.62109375
0.025,0,B3,seen,__all__,vertical_mid,144,0,0,48,96,0.0,,0.0,0.0,0.62109375,0.5941840277777778
0.025,0,P1,seen,__all__,vertical_mid,144,0,0,48,96,0.0,,0.0,0.0,0.62109375,0.609375
0.025,0,B1,seen,harsh,__all__,216,10,1,62,143,0.1388888888888889,0.9090909090909091,0.24096385542168675,0.006944444444444444,0.5917245370370371,0.5917245370370371
0.025,0,B2,seen,harsh,__all__,216,12,5,60,139,0.16666666666666666,0.7058823529411765,0.2696629213483146,0.034722222222222224,0.6049382716049383,0.6049382716049383
0.025,0,B3,seen,harsh,__all__,216,9,1,63,143,0.125,0.9,0.21951219512195122,0.006944444444444444,0.6049382716049383,0.6049382716049383
0.025,0,P1,seen,harsh,__all__,216,12,1,60,143,0.16666666666666666,0.9230769230769231,0.2823529411764706,0.006944444444444444,0.6049382716049383,0.6042631172839507
0.025,0,B1,seen,harsh,central_furniture,72,5,0,19,48,0.20833333333333334,1.0,0.3448275862068966,0.0,0.6111111111111112,0.6111111111111112
0.025,0,B2,seen,harsh,central_furniture,72,5,1,19,47,0.20833333333333334,0.8333333333333334,0.3333333333333333,0.020833333333333332,0.6197916666666666,0.6197916666666666
0.025,0,B3,seen,harsh,central_furniture,72,3,1,21,47,0.125,0.75,0.21428571428571427,0.020833333333333332,0.6197916666666666,0.6197916666666666
0.025,0,P1,seen,harsh,central_furniture,72,5,1,19,47,0.20833333333333334,0.8333333333333334,0.3333333333333333,0.020833333333333332,0.6197916666666666,0.6197916666666666
0.025,0,B1,seen,harsh,clear,72,5,1,19,47,0.20833333333333334,0.8333333333333334,0.3333333333333333,0.020833333333333332,0.6076388888888888,0.6076388888888888
0.025,0,B2,seen,harsh,clear,72,7,4,17,44,0.2916666666666667,0.6363636363636364,0.4,0.08333333333333333,0.6423611111111112,0.6423611111111112
0.025,0,B3,seen,harsh,clear,72,6,0,18,48,0.25,1.0,0.4,0.0,0.6423611111111112,0.6423611111111112
0.025,0,P1,seen,harsh,clear,72,7,0,17,48,0.2916666666666667,1.0,0.45161290322580644,0.0,0.6423611111111112,0.640625
0.025,0,B1,seen,harsh,vertical_mid,72,0,0,24,48,0.0,,0.0,0.0,0.6223958333333334,0.6223958333333334
0.025,0,B2,seen,harsh,vertical_mid,72,0,0,24,48,0.0,,0.0,0.0,0.6267361111111112,0.6267361111111112
0.025,0,B3,seen,harsh,vertical_mid,72,0,0,24,48,0.0,,0.0,0.0,0.6267361111111112,0.6267361111111112
0.025,0,P1,seen,harsh,vertical_mid,72,0,0,24,48,0.0,,0.0,0.0,0.6267361111111112,0.6258680555555556
0.025,0,B1,seen,standard,__all__,216,0,0,72,144,0.0,,0.0,0.0,0.5360725308641975,0.5360725308641975
0.025,0,B2,seen,standard,__all__,216,0,1,72,143,0.0,0.0,0.0,0.006944444444444444,0.5597029320987654,0.5597029320987654
0.025,0,B3,seen,standard,__all__,216,0,3,72,141,0.0,0.0,0.0,0.020833333333333332,0.5597029320987654,0.5597029320987654
0.025,0,P1,seen,standard,__all__,216,0,2,72,142,0.0,0.0,0.0,0.013888888888888888,0.5597029320987654,0.5494791666666666
0.025,0,B1,seen,standard,central_furniture,72,0,0,24,48,0.0,,0.0,0.0,0.5217013888888888,0.5217013888888888
0.025,0,B2,seen,standard,central_furniture,72,0,0,24,48,0.0,,0.0,0.0,0.5572916666666666,0.5572916666666666
0.025,0,B3,seen,standard,central_furniture,72,0,1,24,47,0.0,0.0,0.0,0.020833333333333332,0.5572916666666666,0.5572916666666666
0.025,0,P1,seen,standard,central_furniture,72,0,0,24,48,0.0,,0.0,0.0,0.5572916666666666,0.5373263888888888
0.025,0,B1,seen,standard,clear,72,0,0,24,48,0.0,,0.0,0.0,0.5347222222222222,0.5347222222222222
0.025,0,B2,seen,standard,clear,72,0,1,24,47,0.0,0.0,0.0,0.020833333333333332,0.5373263888888888,0.5373263888888888
0.025,0,B3,seen,standard,clear,72,0,2,24,46,0.0,0.0,0.0,0.041666666666666664,0.5373263888888888,0.5373263888888888
0.025,0,P1,seen,standard,clear,72,0,2,24,46,0.0,0.0,0.0,0.041666666666666664,0.5373263888888888,0.5416666666666666
0.025,0,B1,seen,standard,vertical_mid,72,0,0,24,48,0.0,,0.0,0.0,0.5720486111111112,0.5720486111111112
0.025,0,B2,seen,standard,vertical_mid,72,0,0,24,48,0.0,,0.0,0.0,0.6241319444444444,0.6241319444444444
0.025,0,B3,seen,standard,vertical_mid,72,0,0,24,48,0.0,,0.0,0.0,0.6241319444444444,0.6241319444444444
0.025,0,P1,seen,standard,vertical_mid,72,0,0,24,48,0.0,,0.0,0.0,0.6241319444444444,0.5902777777777778
0.025,0,B1,unseen,__all__,__all__,720,9,1,231,479,0.0375,0.9,0.072,0.0020833333333333333,0.5428385416666667,0.5428385416666667
0.025,0,B2,unseen,__all__,__all__,720,12,1,228,479,0.05,0.9230769230769231,0.09486166007905138,0.0020833333333333333,0.5630381944444445,0.5630381944444445
0.025,0,B3,unseen,__all__,__all__,720,10,4,230,476,0.041666666666666664,0.7142857142857143,0.07874015748031496,0.008333333333333333,0.5630381944444445,0.5568836805555556
0.025,0,P1,unseen,__all__,__all__,720,11,1,229,479,0.04583333333333333,0.9166666666666666,0.0873015873015873,0.0020833333333333333,0.5630381944444445,0.5592534722222222
0.025,0,B1,unseen,__all__,horizontal_new,144,0,0,48,96,0.0,,0.0,0.0,0.5581597222222222,0.5581597222222222
0.025,0,B2,unseen,__all__,horizontal_new,144,0,0,48,96,0.0,,0.0,0.0,0.5538194444444444,0.5538194444444444
0.025,0,B3,unseen,__all__,horizontal_new,144,0,0,48,96,0.0,,0.0,0.0,0.5538194444444444,0.5427517361111112
0.025,0,P1,unseen,__all__,horizontal_new,144,0,0,48,96,0.0,,0.0,0.0,0.5538194444444444,0.5618489583333334
0.025,0,B1,unseen,__all__,low_new,144,3,0,45,96,0.0625,1.0,0.11764705882352941,0.0,0.5499131944444444,0.5499131944444444
0.025,0,B2,unseen,__all__,low_new,144,4,0,44,96,0.08333333333333333,1.0,0.15384615384615385,0.0,0.5740017361111112,0.5740017361111112
0.025,0,B3,unseen,__all__,low_new,144,3,1,45,95,0.0625,0.75,0.11538461538461539,0.010416666666666666,0.5740017361111112,0.5679253472222222
0.025,0,P1,unseen,__all__,low_new,144,4,0,44,96,0.08333333333333333,1.0,0.15384615384615385,0.0,0.5740017361111112,0.5757378472222222
0.025,0,B1,unseen,__all__,two_new,144,3,0,45,96,0.0625,1.0,0.11764705882352941,0.0,0.5405815972222222,0.5405815972222222
0.025,0,B2,unseen,__all__,two_new,144,4,0,44,96,0.08333333333333333,1.0,0.15384615384615385,0.0,0.5685763888888888,0.5685763888888888
0.025,0,B3,unseen,__all__,two_new,144,3,1,45,95,0.0625,0.75,0.11538461538461539,0.010416666666666666,0.5685763888888888,0.5577256944444444
0.025,0,P1,unseen,__all__,two_new,144,3,0,45,96,0.0625,1.0,0.11764705882352941,0.0,0.5685763888888888,0.5674913194444444
0.025,0,B1,unseen,__all__,vertical_new,144,0,0,48,96,0.0,,0.0,0.0,0.5922309027777778,0.5922309027777778
0.025,0,B2,unseen,__all__,vertical_new,144,0,0,48,96,0.0,,0.0,0.0,0.6184895833333334,0.6184895833333334
0.025,0,B3,unseen,__all__,vertical_new,144,0,0,48,96,0.0,,0.0,0.0,0.6184895833333334,0.595703125
0.025,0,P1,unseen,__all__,vertical_new,144,0,0,48,96,0.0,,0.0,0.0,0.6184895833333334,0.6030815972222222
0.025,0,B1,unseen,__all__,wide_new,144,3,1,45,95,0.0625,0.75,0.11538461538461539,0.010416666666666666,0.5366753472222222,0.5366753472222222
0.025,0,B2,unseen,__all__,wide_new,144,4,1,44,95,0.08333333333333333,0.8,0.1509433962264151,0.010416666666666666,0.5514322916666666,0.5514322916666666
0.025,0,B3,unseen,__all__,wide_new,144,4,2,44,94,0.08333333333333333,0.6666666666666666,0.14814814814814814,0.020833333333333332,0.5514322916666666,0.5509982638888888
0.025,0,P1,unseen,__all__,wide_new,144,4,1,44,95,0.08333333333333333,0.8,0.1509433962264151,0.010416666666666666,0.5514322916666666,0.5403645833333334
0.025,0,B1,unseen,harsh,__all__,360,9,1,111,239,0.075,0.9,0.13846153846153847,0.004166666666666667,0.5681597222222222,0.5681597222222222
0.025,0,B2,unseen,harsh,__all__,360,12,1,108,239,0.1,0.9230769230769231,0.18045112781954886,0.004166666666666667,0.5792013888888888,0.5792013888888888
0.025,0,B3,unseen,harsh,__all__,360,10,1,110,239,0.08333333333333333,0.9090909090909091,0.15267175572519084,0.004166666666666667,0.5792013888888888,0.5792013888888888
0.025,0,P1,unseen,harsh,__all__,360,11,1,109,239,0.09166666666666666,0.9166666666666666,0.16666666666666666,0.004166666666666667,0.5792013888888888,0.5772222222222222
0.025,0,B1,unseen,harsh,horizontal_new,72,0,0,24,48,0.0,,0.0,0.0,0.5625,0.5625
0.025,0,B2,unseen,harsh,horizontal_new,72,0,0,24,48,0.0,,0.0,0.0,0.5763888888888888,0.5763888888888888
0.025,0,B3,unseen,harsh,horizontal_new,72,0,0,24,48,0.0,,0.0,0.0,0.5763888888888888,0.5763888888888888
0.025,0,P1,unseen,harsh,horizontal_new,72,0,0,24,48,0.0,,0.0,0.0,0.5763888888888888,0.5625
0.025,0,B1,unseen,harsh,low_new,72,3,0,21,48,0.125,1.0,0.2222222222222222,0.0,0.5842013888888888,0.5842013888888888
0.025,0,B2,unseen,harsh,low_new,72,4,0,20,48,0.16666666666666666,1.0,0.2857142857142857,0.0,0.6171875,0.6171875
0.025,0,B3,unseen,harsh,low_new,72,3,0,21,48,0.125,1.0,0.2222222222222222,0.0,0.6171875,0.6171875
0.025,0,P1,unseen,harsh,low_new,72,4,0,20,48,0.16666666666666666,1.0,0.2857142857142857,0.0,0.6171875,0.6171875
0.025,0,B1,unseen,harsh,two_new,72,3,0,21,48,0.125,1.0,0.2222222222222222,0.0,0.5868055555555556,0.5868055555555556
0.025,0,B2,unseen,harsh,two_new,72,4,0,20,48,0.16666666666666666,1.0,0.2857142857142857,0.0,0.6041666666666666,0.6041666666666666
0.025,0,B3,unseen,harsh,two_new,72,3,0,21,48,0.125,1.0,0.2222222222222222,0.0,0.6041666666666666,0.6041666666666666
0.025,0,P1,unseen,harsh,two_new,72,3,0,21,48,0.125,1.0,0.2222222222222222,0.0,0.6041666666666666,0.6041666666666666
0.025,0,B1,unseen,harsh,vertical_new,72,0,0,24,48,0.0,,0.0,0.0,0.6293402777777778,0.6293402777777778
0.025,0,B2,unseen,harsh,vertical_new,72,0,0,24,48,0.0,,0.0,0.0,0.6354166666666666,0.6354166666666666
0.025,0,B3,unseen,harsh,vertical_new,72,0,0,24,48,0.0,,0.0,0.0,0.6354166666666666,0.6354166666666666
0.025,0,P1,unseen,harsh,vertical_new,72,0,0,24,48,0.0,,0.0,0.0,0.6354166666666666,0.6354166666666666
0.025,0,B1,unseen,harsh,wide_new,72,3,1,21,47,0.125,0.75,0.21428571428571427,0.020833333333333332,0.5859375,0.5859375
0.025,0,B2,unseen,harsh,wide_new,72,4,1,20,47,0.16666666666666666,0.8,0.27586206896551724,0.020833333333333332,0.5894097222222222,0.5894097222222222
0.025,0,B3,unseen,harsh,wide_new,72,4,1,20,47,0.16666666666666666,0.8,0.27586206896551724,0.020833333333333332,0.5894097222222222,0.5894097222222222
0.025,0,P1,unseen,harsh,wide_new,72,4,1,20,47,0.16666666666666666,0.8,0.27586206896551724,0.020833333333333332,0.5894097222222222,0.5894097222222222
0.025,0,B1,unseen,standard,__all__,360,0,0,120,240,0.0,,0.0,0.0,0.5291319444444444,0.5291319444444444
0.025,0,B2,unseen,standard,__all__,360,0,0,120,240,0.0,,0.0,0.0,0.5604513888888889,0.5604513888888889
0.025,0,B3,unseen,standard,__all__,360,0,3,120,237,0.0,0.0,0.0,0.0125,0.5604513888888889,0.5604513888888889
0.025,0,P1,unseen,standard,__all__,360,0,0,120,240,0.0,,0.0,0.0,0.5604513888888889,0.5540972222222222
0.025,0,B1,unseen,standard,horizontal_new,72,0,0,24,48,0.0,,0.0,0.0,0.5746527777777778,0.5746527777777778
0.025,0,B2,unseen,standard,horizontal_new,72,0,0,24,48,0.0,,0.0,0.0,0.5503472222222222,0.5503472222222222
0.025,0,B3,unseen,standard,horizontal_new,72,0,0,24,48,0.0,,0.0,0.0,0.5503472222222222,0.5503472222222222
0.025,0,P1,unseen,standard,horizontal_new,72,0,0,24,48,0.0,,0.0,0.0,0.5503472222222222,0.5859375
0.025,0,B1,unseen,standard,low_new,72,0,0,24,48,0.0,,0.0,0.0,0.5355902777777778,0.5355902777777778
0.025,0,B2,unseen,standard,low_new,72,0,0,24,48,0.0,,0.0,0.0,0.546875,0.546875
0.025,0,B3,unseen,standard,low_new,72,0,1,24,47,0.0,0.0,0.0,0.020833333333333332,0.546875,0.546875
0.025,0,P1,unseen,standard,low_new,72,0,0,24,48,0.0,,0.0,0.0,0.546875,0.5555555555555556
0.025,0,B1,unseen,standard,two_new,72,0,0,24,48,0.0,,0.0,0.0,0.5295138888888888,0.5295138888888888
0.025,0,B2,unseen,standard,two_new,72,0,0,24,48,0.0,,0.0,0.0,0.5590277777777778,0.5590277777777778
0.025,0,B3,unseen,standard,two_new,72,0,1,24,47,0.0,0.0,0.0,0.020833333333333332,0.5590277777777778,0.5590277777777778
0.025,0,P1,unseen,standard,two_new,72,0,0,24,48,0.0,,0.0,0.0,0.5590277777777778,0.5677083333333334
0.025,0,B1,unseen,standard,vertical_new,72,0,0,24,48,0.0,,0.0,0.0,0.5616319444444444,0.5616319444444444
0.025,0,B2,unseen,standard,vertical_new,72,0,0,24,48,0.0,,0.0,0.0,0.6154513888888888,0.6154513888888888
0.025,0,B3,unseen,standard,vertical_new,72,0,0,24,48,0.0,,0.0,0.0,0.6154513888888888,0.6154513888888888
0.025,0,P1,unseen,standard,vertical_new,72,0,0,24,48,0.0,,0.0,0.0,0.6154513888888888,0.5720486111111112
0.025,0,B1,unseen,standard,wide_new,72,0,0,24,48,0.0,,0.0,0.0,0.5034722222222222,0.5034722222222222
0.025,0,B2,unseen,standard,wide_new,72,0,0,24,48,0.0,,0.0,0.0,0.5434027777777778,0.5434027777777778
0.025,0,B3,unseen,standard,wide_new,72,0,1,24,47,0.0,0.0,0.0,0.020833333333333332,0.5434027777777778,0.5434027777777778
0.025,0,P1,unseen,standard,wide_new,72,0,0,24,48,0.0,,0.0,0.0,0.5434027777777778,0.5190972222222222
0.025,1,B1,all,__all__,__all__,1152,26,16,358,752,0.06770833333333333,0.6190476190476191,0.12206572769953052,0.020833333333333332,0.5993754069010416,0.5993754069010416
0.025,1,B2,all,__all__,__all__,1152,25,8,359,760,0.06510416666666667,0.7575757575757576,0.11990407673860912,0.010416666666666666,0.6574503580729166,0.6574503580729166
0.025,1,B3,all,__all__,__all__,1152,14,7,370,761,0.036458333333333336,0.6666666666666666,0.0691358024691358,0.009114583333333334,0.6574503580729166,0.6523267957899306
0.025,1,P1,all,__all__,__all__,1152,20,8,364,760,0.052083333333333336,0.7142857142857143,0.0970873786407767,0.010416666666666666,0.6574503580729166,0.6575419108072916
0.025,1,B1,seen,__all__,__all__,432,15,11,129,277,0.10416666666666667,0.5769230769230769,0.17647058823529413,0.03819444444444445,0.6284239969135802,0.6284239969135802
0.025,1,B2,seen,__all__,__all__,432,12,5,132,283,0.08333333333333333,0.7058823529411765,0.14906832298136646,0.017361111111111112,0.6843894675925926,0.6843894675925926
0.025,1,B3,seen,__all__,__all__,432,8,4,136,284,0.05555555555555555,0.6666666666666666,0.10256410256410256,0.013888888888888888,0.6843894675925926,0.6805314429012346
0.025,1,P1,seen,__all__,__all__,432,11,5,133,283,0.0763888888888889,0.6875,0.1375,0.017361111111111112,0.6843894675925926,0.6841242283950617
0.025,1,B1,seen,__all__,central_furniture,144,5,1,43,95,0.10416666666666667,0.8333333333333334,0.18518518518518517,0.010416666666666666,0.6161024305555556,0.6161024305555556
0.025,1,B2,seen,__all__,central_furniture,144,3,1,45,95,0.0625,0.75,0.11538461538461539,0.010416666666666666,0.6942274305555556,0.6942274305555556
0.025,1,B3,seen,__all__,central_furniture,144,2,1,46,95,0.041666666666666664,0.6666666666666666,0.0784313725490196,0.010416666666666666,0.6942274305555556,0.6857638888888888
0.025,1,P1,seen,__all__,central_furniture,144,3,1,45,95,0.0625,0.75,0.11538461538461539,0.010416666666666666,0.6942274305555556,0.6924913194444444
0.025,1,B1,seen,__all__,clear,144,10,10,38,86,0.20833333333333334,0.5,0.29411764705882354,0.10416666666666667,0.646484375,0.646484375
0.025,1,B2,seen,__all__,clear,144,7,3,41,93,0.14583333333333334,0.7,0.2413793103448276,0.03125,0.7157118055555556,0.7157118055555556
0.025,1,B3,seen,__all__,clear,144,5,2,43,94,0.10416666666666667,0.7142857142857143,0.18181818181818182,0.020833333333333332,0.7157118055555556,0.7152777777777778
0.025,1,P1,seen,__all__,clear,144,6,3,42,93,0.125,0.6666666666666666,0.21052631578947367,0.03125,0.7157118055555556,0.716796875
0.025,1,B1,seen,__all__,vertical_mid,144,0,0,48,96,0.0,,0.0,0.0,0.6668836805555556,0.6668836805555556
0.025,1,B2,seen,__all__,vertical_mid,144,2,1,46,95,0.041666666666666664,0.6666666666666666,0.0784313725490196,0.010416666666666666,0.6681857638888888,0.6681857638888888
0.025,1,B3,seen,__all__,vertical_mid,144,1,1,47,95,0.020833333333333332,0.5,0.04,0.010416666666666666,0.6681857638888888,0.6608072916666666
0.025,1,P1,seen,__all__,vertical_mid,144,2,1,46,95,0.041666666666666664,0.6666666666666666,0.0784313725490196,0.010416666666666666,0.6681857638888888,0.6703559027777778
0.025,1,B1,seen,harsh,__all__,216,15,10,57,134,0.20833333333333334,0.6,0.30927835051546393,0.06944444444444445,0.6380208333333334,0.6380208333333334
0.025,1,B2,seen,harsh,__all__,216,12,1,60,143,0.16666666666666666,0.9230769230769231,0.2823529411764706,0.006944444444444444,0.7622492283950617,0.7622492283950617
0.025,1,B3,seen,harsh,__all__,216,8,0,64,144,0.1111111111111111,1.0,0.2,0.0,0.7622492283950617,0.7622492283950617
0.025,1,P1,seen,harsh,__all__,216,11,1,61,143,0.1527777777777778,0.9166666666666666,0.2619047619047619,0.006944444444444444,0.7622492283950617,0.7618634259259259
0.025,1,B1,seen,harsh,central_furniture,72,5,1,19,47,0.20833333333333334,0.8333333333333334,0.3333333333333333,0.020833333333333332,0.6319444444444444,0.6319444444444444
0.025,1,B2,seen,harsh,central_furniture,72,3,0,21,48,0.125,1.0,0.2222222222222222,0.0,0.7769097222222222,0.7769097222222222
0.025,1,B3,seen,harsh,central_furniture,72,2,0,22,48,0.08333333333333333,1.0,0.15384615384615385,0.0,0.7769097222222222,0.7769097222222222
0.025,1,P1,seen,harsh,central_furniture,72,3,0,21,48,0.125,1.0,0.2222222222222222,0.0,0.7769097222222222,0.7769097222222222
0.025,1,B1,seen,harsh,clear,72,10,9,14,39,0.4166666666666667,0.5263157894736842,0.46511627906976744,0.1875,0.6692708333333334,0.6692708333333334
0.025,1,B2,seen,harsh,clear,72,7,1,17,47,0.2916666666666667,0.875,0.4375,0.020833333333333332,0.8020833333333334,0.8020833333333334
0.025,1,B3,seen,harsh,clear,72,5,0,19,48,0.20833333333333334,1.0,0.3448275862068966,0.0,0.8020833333333334,0.8020833333333334
0.025,1,P1,seen,harsh,clear,72,6,1,18,47,0.25,0.8571428571428571,0.3870967741935484,0.020833333333333332,0.8020833333333334,0.8020833333333334
0.025,1,B1,seen,harsh,vertical_mid,72,0,0,24,48,0.0,,0.0,0.0,0.6970486111111112,0.6970486111111112
0.025,1,B2,seen,harsh,vertical_mid,72,2,0,22,48,0.08333333333333333,1.0,0.15384615384615385,0.0,0.7447916666666666,0.7447916666666666
0.025,1,B3,seen,harsh,vertical_mid,72,1,0,23,48,0.041666666666666664,1.0,0.08,0.0,0.7447916666666666,0.7447916666666666
0.025,1,P1,seen,harsh,vertical_mid,72,2,0,22,48,0.08333333333333333,1.0,0.15384615384615385,0.0,0.7447916666666666,0.7439236111111112
0.025,1,B1,seen,standard,__all__,216,0,1,72,143,0.0,0.0,0.0,0.006944444444444444,0.6311728395061729,0.6311728395061729
0.025,1,B2,seen,standard,__all__,216,0,4,72,140,0.0,0.0,0.0,0.027777777777777776,0.5929783950617284,0.5929783950617284
0.025,1,B3,seen,standard,__all__,216,0,4,72,140,0.0,0.0,0.0,0.027777777777777776,0.5929783950617284,0.5929783950617284
0.025,1,P1,seen,standard,__all__,216,0,4,72,140,0.0,0.0,0.0,0.027777777777777776,0.5929783950617284,0.5923996913580247
0.025,1,B1,seen,standard,central_furniture,72,0,0,24,48,0.0,,0.0,0.0,0.6302083333333334,0.6302083333333334
0.025,1,B2,seen,standard,central_furniture,72,0,1,24,47,0.0,0.0,0.0,0.020833333333333332,0.5980902777777778,0.5980902777777778
0.025,1,B3,seen,standard,central_furniture,72,0,1,24,47,0.0,0.0,0.0,0.020833333333333332,0.5980902777777778,0.5980902777777778
0.025,1,P1,seen,standard,central_furniture,72,0,1,24,47,0.0,0.0,0.0,0.020833333333333332,0.5980902777777778,0.5946180555555556
0.025,1,B1,seen,standard,clear,72,0,1,24,47,0.0,0.0,0.0,0.020833333333333332,0.6588541666666666,0.6588541666666666
0.025,1,B2,seen,standard,clear,72,0,2,24,46,0.0,0.0,0.0,0.041666666666666664,0.6163194444444444,0.6163194444444444
0.025,1,B3,seen,standard,clear,72,0,2,24,46,0.0,0.0,0.0,0.041666666666666664,0.6163194444444444,0.6163194444444444
0.025,1,P1,seen,standard,clear,72,0,2,24,46,0.0,0.0,0.0,0.041666666666666664,0.6163194444444444,0.6163194444444444
0.025,1,B1,seen,standard,vertical_mid,72,0,0,24,48,0.0,,0.0,0.0,0.6380208333333334,0.6380208333333334
0.025,1,B2,seen,standard,vertical_mid,72,0,1,24,47,0.0,0.0,0.0,0.020833333333333332,0.5850694444444444,0.5850694444444444
0.025,1,B3,seen,standard,vertical_mid,72,0,1,24,47,0.0,0.0,0.0,0.020833333333333332,0.5850694444444444,0.5850694444444444
0.025,1,P1,seen,standard,vertical_mid,72,0,1,24,47,0.0,0.0,0.0,0.020833333333333332,0.5850694444444444,0.5911458333333334
0.025,1,B1,unseen,__all__,__all__,720,11,5,229,475,0.04583333333333333,0.6875,0.0859375,0.010416666666666666,0.5821267361111111,0.5821267361111111
0.025,1,B2,unseen,__all__,__all__,720,13,3,227,477,0.05416666666666667,0.8125,0.1015625,0.00625,0.6406336805555556,0.6406336805555556
0.025,1,B3,unseen,__all__,__all__,720,6,3,234,477,0.025,0.6666666666666666,0.04819277108433735,0.00625,0.6406336805555556,0.6342881944444444
0.025,1,P1,unseen,__all__,__all__,720,9,3,231,477,0.0375,0.75,0.07142857142857142,0.00625,0.6406336805555556,0.6408767361111111
0.025,1,B1,unseen,__all__,horizontal_new,144,0,0,48,96,0.0,,0.0,0.0,0.5642361111111112,0.5642361111111112
0.025,1,B2,unseen,__all__,horizontal_new,144,0,0,48,96,0.0,,0.0,0.0,0.6039496527777778,0.6039496527777778
0.025,1,B3,unseen,__all__,horizontal_new,144,0,0,48,96,0.0,,0.0,0.0,0.6039496527777778,0.5872395833333334
0.025,1,P1,unseen,__all__,horizontal_new,144,0,0,48,96,0.0,,0.0,0.0,0.6039496527777778,0.6061197916666666
0.025,1,B1,unseen,__all__,low_new,144,7,4,41,92,0.14583333333333334,0.6363636363636364,0.23728813559322035,0.041666666666666664,0.6241319444444444,0.6241319444444444
0.025,1,B2,unseen,__all__,low_new,144,4,1,44,95,0.08333333333333333,0.8,0.1509433962264151,0.010416666666666666,0.6968315972222222,0.6968315972222222
0.025,1,B3,unseen,__all__,low_new,144,2,1,46,95,0.041666666666666664,0.6666666666666666,0.0784313725490196,0.010416666666666666,0.6968315972222222,0.6870659722222222
0.025,1,P1,unseen,__all__,low_new,144,4,1,44,95,0.08333333333333333,0.8,0.1509433962264151,0.010416666666666666,0.6968315972222222,0.697265625
0.025,1,B1,unseen,__all__,two_new,144,2,1,46,95,0.041666666666666664,0.6666666666666666,0.0784313725490196,0.010416666666666666,0.5733506944444444,0.5733506944444444
0.025,1,B2,unseen,__all__,two_new,144,3,0,45,96,0.0625,1.0,0.11764705882352941,0.0,0.6486545138888888,0.6486545138888888
0.025,1,B3,unseen,__all__,two_new,144,2,0,46,96,0.041666666666666664,1.0,0.08,0.0,0.6486545138888888,0.6458333333333334
0.025,1,P1,unseen,__all__,two_new,144,2,0,46,96,0.041666666666666664,1.0,0.08,0.0,0.6486545138888888,0.6482204861111112
0.025,1,B1,unseen,__all__,vertical_new,144,0,0,48,96,0.0,,0.0,0.0,0.6356336805555556,0.6356336805555556
0.025,1,B2,unseen,__all__,vertical_new,144,2,1,46,95,0.041666666666666664,0.6666666666666666,0.0784313725490196,0.010416666666666666,0.6514756944444444,0.6514756944444444
0.025,1,B3,unseen,__all__,vertical_new,144,0,1,48,95,0.0,0.0,0.0,0.010416666666666666,0.6514756944444444,0.6477864583333334
0.025,1,P1,unseen,__all__,vertical_new,144,1,1,47,95,0.020833333333333332,0.5,0.04,0.010416666666666666,0.6514756944444444,0.6534288194444444
0.025,1,B1,unseen,__all__,wide_new,144,2,0,46,96,0.041666666666666664,1.0,0.08,0.0,0.564453125,0.564453125
0.025,1,B2,unseen,__all__,wide_new,144,4,1,44,95,0.08333333333333333,0.8,0.1509433962264151,0.010416666666666666,0.6338975694444444,0.6338975694444444
0.025,1,B3,unseen,__all__,wide_new,144,2,1,46,95,0.041666666666666664,0.6666666666666666,0.0784313725490196,0.010416666666666666,0.6338975694444444,0.6245659722222222
0.025,1,P1,unseen,__all__,wide_new,144,2,1,46,95,0.041666666666666664,0.6666666666666666,0.0784313725490196,0.010416666666666666,0.6338975694444444,0.6312934027777778
0.025,1,B1,unseen,harsh,__all__,360,11,5,109,235,0.09166666666666666,0.6875,0.16176470588235295,0.020833333333333332,0.5790625,0.5790625
0.025,1,B2,unseen,harsh,__all__,360,13,1,107,239,0.10833333333333334,0.9285714285714286,0.19402985074626866,0.004166666666666667,0.7053125,0.7053125
0.025,1,B3,unseen,harsh,__all__,360,6,0,114,240,0.05,1.0,0.09523809523809523,0.0,0.7053125,0.7053125
0.025,1,P1,unseen,harsh,__all__,360,9,1,111,239,0.075,0.9,0.13846153846153847,0.004166666666666667,0.7053125,0.7051736111111111
0.025,1,B1,unseen,harsh,horizontal_new,72,0,0,24,48,0.0,,0.0,0.0,0.5486111111111112,0.5486111111111112
0.025,1,B2,unseen,harsh,horizontal_new,72,0,0,24,48,0.0,,0.0,0.0,0.6657986111111112,0.6657986111111112
0.025,1,B3,unseen,harsh,horizontal_new,72,0,0,24,48,0.0,,0.0,0.0,0.6657986111111112,0.6657986111111112
0.025,1,P1,unseen,harsh,horizontal_new,72,0,0,24,48,0.0,,0.0,0.0,0.6657986111111112,0.6640625
0.025,1,B1,unseen,harsh,low_new,72,7,4,17,44,0.2916666666666667,0.6363636363636364,0.4,0.08333333333333333,0.6180555555555556,0.6180555555555556
0.025,1,B2,unseen,harsh,low_new,72,4,1,20,47,0.16666666666666666,0.8,0.27586206896551724,0.020833333333333332,0.7552083333333334,0.7552083333333334
0.025,1,B3,unseen,harsh,low_new,72,2,0,22,48,0.08333333333333333,1.0,0.15384615384615385,0.0,0.7552083333333334,0.7552083333333334
0.025,1,P1,unseen,harsh,low_new,72,4,1,20,47,0.16666666666666666,0.8,0.27586206896551724,0.020833333333333332,0.7552083333333334,0.7552083333333334
0.025,1,B1,unseen,harsh,two_new,72,2,1,22,47,0.08333333333333333,0.6666666666666666,0.14814814814814814,0.020833333333333332,0.5737847222222222,0.5737847222222222
0.025,1,B2,unseen,harsh,two_new,72,3,0,21,48,0.125,1.0,0.2222222222222222,0.0,0.7170138888888888,0.7170138888888888
0.025,1,B3,unseen,harsh,two_new,72,2,0,22,48,0.08333333333333333,1.0,0.15384615384615385,0.0,0.7170138888888888,0.7170138888888888
0.025,1,P1,unseen,harsh,two_new,72,2,0,22,48,0.08333333333333333,1.0,0.15384615384615385,0.0,0.7170138888888888,0.7170138888888888
0.025,1,B1,unseen,harsh,vertical_new,72,0,0,24,48,0.0,,0.0,0.0,0.6840277777777778,0.6840277777777778
0.025,1,B2,unseen,harsh,vertical_new,72,2,0,22,48,0.08333333333333333,1.0,0.15384615384615385,0.0,0.7222222222222222,0.7222222222222222
0.025,1,B3,unseen,harsh,vertical_new,72,0,0,24,48,0.0,,0.0,0.0,0.7222222222222222,0.7222222222222222
0.025,1,P1,unseen,harsh,vertical_new,72,1,0,23,48,0.041666666666666664,1.0,0.08,0.0,0.7222222222222222,0.7222222222222222
0.025,1,B1,unseen,harsh,wide_new,72,2,0,22,48,0.08333333333333333,1.0,0.15384615384615385,0.0,0.5807291666666666,0.5807291666666666
0.025,1,B2,unseen,harsh,wide_new,72,4,0,20,48,0.16666666666666666,1.0,0.2857142857142857,0.0,0.7100694444444444,0.7100694444444444
0.025,1,B3,unseen,harsh,wide_new,72,2,0,22,48,0.08333333333333333,1.0,0.15384615384615385,0.0,0.7100694444444444,0.7100694444444444
0.025,1,P1,unseen,harsh,wide_new,72,2,0,22,48,0.08333333333333333,1.0,0.15384615384615385,0.0,0.7100694444444444,0.7100694444444444
0.025,1,B1,unseen,standard,__all__,360,0,0,120,240,0.0,,0.0,0.0,0.6028472222222222,0.6028472222222222
0.025,1,B2,unseen,standard,__all__,360,0,2,120,238,0.0,0.0,0.0,0.008333333333333333,0.5617708333333333,0.5617708333333333
0.025,1,B3,unseen,standard,__all__,360,0,3,120,237,0.0,0.0,0.0,0.0125,0.5617708333333333,0.5617708333333333
0.025,1,P1,unseen,standard,__all__,360,0,2,120,238,0.0,0.0,0.0,0.008333333333333333,0.5617708333333333,0.5628125
0.025,1,B1,unseen,standard,horizontal_new,72,0,0,24,48,0.0,,0.0,0.0,0.5989583333333334,0.5989583333333334
0.025,1,B2,unseen,standard,horizontal_new,72,0,0,24,48,0.0,,0.0,0.0,0.5364583333333334,0.5364583333333334
0.025,1,B3,unseen,standard,horizontal_new,72,0,0,24,48,0.0,,0.0,0.0,0.5364583333333334,0.5364583333333334
0.025,1,P1,unseen,standard,horizontal_new,72,0,0,24,48,0.0,,0.0,0.0,0.5364583333333334,0.5434027777777778
0.025,1,B1,unseen,standard,low_new,72,0,0,24,48,0.0,,0.0,0.0,0.6701388888888888,0.6701388888888888
0.025,1,B2,unseen,standard,low_new,72,0,0,24,48,0.0,,0.0,0.0,0.6189236111111112,0.6189236111111112
0.025,1,B3,unseen,standard,low_new,72,0,1,24,47,0.0,0.0,0.0,0.020833333333333332,0.6189236111111112,0.6189236111111112
0.025,1,P1,unseen,standard,low_new,72,0,0,24,48,0.0,,0.0,0.0,0.6189236111111112,0.6232638888888888
0.025,1,B1,unseen,standard,two_new,72,0,0,24,48,0.0,,0.0,0.0,0.6128472222222222,0.6128472222222222
0.025,1,B2,unseen,standard,two_new,72,0,0,24,48,0.0,,0.0,0.0,0.5651041666666666,0.5651041666666666
0.025,1,B3,unseen,standard,two_new,72,0,0,24,48,0.0,,0.0,0.0,0.5651041666666666,0.5651041666666666
0.025,1,P1,unseen,standard,two_new,72,0,0,24,48,0.0,,0.0,0.0,0.5651041666666666,0.5633680555555556
0.025,1,B1,unseen,standard,vertical_new,72,0,0,24,48,0.0,,0.0,0.0,0.5868055555555556,0.5868055555555556
0.025,1,B2,unseen,standard,vertical_new,72,0,1,24,47,0.0,0.0,0.0,0.020833333333333332,0.5711805555555556,0.5711805555555556
0.025,1,B3,unseen,standard,vertical_new,72,0,1,24,47,0.0,0.0,0.0,0.020833333333333332,0.5711805555555556,0.5711805555555556
0.025,1,P1,unseen,standard,vertical_new,72,0,1,24,47,0.0,0.0,0.0,0.020833333333333332,0.5711805555555556,0.5737847222222222
0.025,1,B1,unseen,standard,wide_new,72,0,0,24,48,0.0,,0.0,0.0,0.5711805555555556,0.5711805555555556
0.025,1,B2,unseen,standard,wide_new,72,0,1,24,47,0.0,0.0,0.0,0.020833333333333332,0.5460069444444444,0.5460069444444444
0.025,1,B3,unseen,standard,wide_new,72,0,1,24,47,0.0,0.0,0.0,0.020833333333333332,0.5460069444444444,0.5460069444444444
0.025,1,P1,unseen,standard,wide_new,72,0,1,24,47,0.0,0.0,0.0,0.020833333333333332,0.5460069444444444,0.546875
0.025,2,B1,all,__all__,__all__,1152,28,19,356,749,0.07291666666666667,0.5957446808510638,0.12993039443155452,0.024739583333333332,0.7125684950086806,0.7125684950086806
0.025,2,B2,all,__all__,__all__,1152,22,12,362,756,0.057291666666666664,0.6470588235294118,0.10526315789473684,0.015625,0.5221405029296875,0.5221405029296875
0.025,2,B3,all,__all__,__all__,1152,14,8,370,760,0.036458333333333336,0.6363636363636364,0.06896551724137931,0.010416666666666666,0.5221405029296875,0.5299852159288194
0.025,2,P1,all,__all__,__all__,1152,15,9,369,759,0.0390625,0.625,0.07352941176470588,0.01171875,0.5221405029296875,0.5236341688368056
0.025,2,B1,seen,__all__,__all__,432,15,12,129,276,0.10416666666666667,0.5555555555555556,0.17543859649122806,0.041666666666666664,0.7331211419753086,0.7331211419753086
0.025,2,B2,seen,__all__,__all__,432,11,7,133,281,0.0763888888888889,0.6111111111111112,0.13580246913580246,0.024305555555555556,0.5237750771604939,0.5237750771604939
0.025,2,B3,seen,__all__,__all__,432,7,5,137,283,0.04861111111111111,0.5833333333333334,0.08974358974358974,0.017361111111111112,0.5237750771604939,0.5349151234567902
0.025,2,P1,seen,__all__,__all__,432,8,6,136,282,0.05555555555555555,0.5714285714285714,0.10126582278481013,0.020833333333333332,0.5237750771604939,0.5185667438271605
0.025,2,B1,seen,__all__,central_furniture,144,4,3,44,93,0.08333333333333333,0.5714285714285714,0.14545454545454545,0.03125,0.7369791666666666,0.7369791666666666
0.025,2,B2,seen,__all__,central_furniture,144,4,2,44,94,0.08333333333333333,0.6666666666666666,0.14814814814814814,0.020833333333333332,0.5160590277777778,0.5160590277777778
0.025,2,B3,seen,__all__,central_furniture,144,3,1,45,95,0.0625,0.75,0.11538461538461539,0.010416666666666666,0.5160590277777778,0.5431857638888888
0.025,2,P1,seen,__all__,central_furniture,144,4,1,44,95,0.08333333333333333,0.8,0.1509433962264151,0.010416666666666666,0.5160590277777778,0.5251736111111112
0.025,2,B1,seen,__all__,clear,144,11,9,37,87,0.22916666666666666,0.55,0.3235294117647059,0.09375,0.7486979166666666,0.7486979166666666
0.025,2,B2,seen,__all__,clear,144,7,5,41,91,0.14583333333333334,0.5833333333333334,0.23333333333333334,0.052083333333333336,0.5210503472222222,0.5210503472222222
0.025,2,B3,seen,__all__,clear,144,4,4,44,92,0.08333333333333333,0.5,0.14285714285714285,0.041666666666666664,0.5210503472222222,0.5549045138888888
0.025,2,P1,seen,__all__,clear,144,4,4,44,92,0.08333333333333333,0.5,0.14285714285714285,0.041666666666666664,0.5210503472222222,0.552734375
0.025,2,B1,seen,__all__,vertical_mid,144,0,0,48,96,0.0,,0.0,0.0,0.7376302083333334,0.7376302083333334
0.025,2,B2,seen,__all__,vertical_mid,144,0,0,48,96,0.0,,0.0,0.0,0.5881076388888888,0.5881076388888888
0.025,2,B3,seen,__all__,vertical_mid,144,0,0,48,96,0.0,,0.0,0.0,0.5881076388888888,0.5381944444444444
0.025,2,P1,seen,__all__,vertical_mid,144,0,1,48,95,0.0,0.0,0.0,0.010416666666666666,0.5881076388888888,0.5342881944444444
0.025,2,B1,seen,harsh,__all__,216,14,11,58,133,0.19444444444444445,0.56,0.28865979381443296,0.0763888888888889,0.7771026234567902,0.7771026234567902
0.025,2,B2,seen,harsh,__all__,216,11,7,61,137,0.1527777777777778,0.6111111111111112,0.24444444444444444,0.04861111111111111,0.5339506172839507,0.5339506172839507
0.025,2,B3,seen,harsh,__all__,216,7,2,65,142,0.09722222222222222,0.7777777777777778,0.1728395061728395,0.013888888888888888,0.5339506172839507,0.5339506172839507
0.025,2,P1,seen,harsh,__all__,216,8,4,64,140,0.1111111111111111,0.6666666666666666,0.19047619047619047,0.027777777777777776,0.5339506172839507,0.5316358024691358
0.025,2,B1,seen,harsh,central_furniture,72,4,3,20,45,0.16666666666666666,0.5714285714285714,0.25806451612903225,0.0625,0.7760416666666666,0.7760416666666666
0.025,2,B2,seen,harsh,central_furniture,72,4,2,20,46,0.16666666666666666,0.6666666666666666,0.26666666666666666,0.041666666666666664,0.5442708333333334,0.5442708333333334
0.025,2,B3,seen,harsh,central_furniture,72,3,1,21,47,0.125,0.75,0.21428571428571427,0.020833333333333332,0.5442708333333334,0.5442708333333334
0.025,2,P1,seen,harsh,central_furniture,72,4,1,20,47,0.16666666666666666,0.8,0.27586206896551724,0.020833333333333332,0.5442708333333334,0.5442708333333334
0.025,2,B1,seen,harsh,clear,72,10,8,14,40,0.4166666666666667,0.5555555555555556,0.47619047619047616,0.16666666666666666,0.8133680555555556,0.8133680555555556
0.025,2,B2,seen,harsh,clear,72,7,5,17,43,0.2916666666666667,0.5833333333333334,0.3888888888888889,0.10416666666666667,0.5616319444444444,0.5616319444444444
0.025,2,B3,seen,harsh,clear,72,4,1,20,47,0.16666666666666666,0.8,0.27586206896551724,0.020833333333333332,0.5616319444444444,0.5616319444444444
0.025,2,P1,seen,harsh,clear,72,4,2,20,46,0.16666666666666666,0.6666666666666666,0.26666666666666666,0.041666666666666664,0.5616319444444444,0.5555555555555556
0.025,2,B1,seen,harsh,vertical_mid,72,0,0,24,48,0.0,,0.0,0.0,0.7699652777777778,0.7699652777777778
0.025,2,B2,seen,harsh,vertical_mid,72,0,0,24,48,0.0,,0.0,0.0,0.6371527777777778,0.6371527777777778
0.025,2,B3,seen,harsh,vertical_mid,72,0,0,24,48,0.0,,0.0,0.0,0.6371527777777778,0.6371527777777778
0.025,2,P1,seen,harsh,vertical_mid,72,0,1,24,47,0.0,0.0,0.0,0.020833333333333332,0.6371527777777778,0.6371527777777778
0.025,2,B1,seen,standard,__all__,216,1,1,71,143,0.013888888888888888,0.5,0.02702702702702703,0.006944444444444444,0.6858603395061729,0.6858603395061729
0.025,2,B2,seen,standard,__all__,216,0,0,72,144,0.0,,0.0,0.0,0.5439814814814815,0.5439814814814815
0.025,2,B3,seen,standard,__all__,216,0,3,72,141,0.0,0.0,0.0,0.020833333333333332,0.5439814814814815,0.5439814814814815
0.025,2,P1,seen,standard,__all__,216,0,2,72,142,0.0,0.0,0.0,0.013888888888888888,0.5439814814814815,0.5009645061728395
0.025,2,B1,seen,standard,central_furniture,72,0,0,24,48,0.0,,0.0,0.0,0.6979166666666666,0.6979166666666666
0.025,2,B2,seen,standard,central_furniture,72,0,0,24,48,0.0,,0.0,0.0,0.5442708333333334,0.5442708333333334
0.025,2,B3,seen,standard,central_furniture,72,0,0,24,48,0.0,,0.0,0.0,0.5442708333333334,0.5442708333333334
0.025,2,P1,seen,standard,central_furniture,72,0,0,24,48,0.0,,0.0,0.0,0.5442708333333334,0.4722222222222222
0.025,2,B1,seen,standard,clear,72,1,1,23,47,0.041666666666666664,0.5,0.07692307692307693,0.020833333333333332,0.6744791666666666,0.6744791666666666
0.025,2,B2,seen,standard,clear,72,0,0,24,48,0.0,,0.0,0.0,0.5416666666666666,0.5416666666666666
0.025,2,B3,seen,standard,clear,72,0,3,24,45,0.0,0.0,0.0,0.0625,0.5416666666666666,0.5416666666666666
0.025,2,P1,seen,standard,clear,72,0,2,24,46,0.0,0.0,0.0,0.041666666666666664,0.5416666666666666,0.5451388888888888
0.025,2,B1,seen,standard,vertical_mid,72,0,0,24,48,0.0,,0.0,0.0,0.7092013888888888,0.7092013888888888
0.025,2,B2,seen,standard,vertical_mid,72,0,0,24,48,0.0,,0.0,0.0,0.5390625,0.5390625
0.025,2,B3,seen,standard,vertical_mid,72,0,0,24,48,0.0,,0.0,0.0,0.5390625,0.5390625
0.025,2,P1,seen,standard,vertical_mid,72,0,0,24,48,0.0,,0.0,0.0,0.5390625,0.4713541666666667
0.025,2,B1,unseen,__all__,__all__,720,13,7,227,473,0.05416666666666667,0.65,0.1,0.014583333333333334,0.7018055555555556,0.7018055555555556
0.025,2,B2,unseen,__all__,__all__,720,11,5,229,475,0.04583333333333333,0.6875,0.0859375,0.010416666666666666,0.5215798611111111,0.5215798611111111
0.025,2,B3,unseen,__all__,__all__,720,7,3,233,477,0.029166666666666667,0.7,0.056,0.00625,0.5215798611111111,0.5264930555555556
0.025,2,P1,unseen,__all__,__all__,720,7,3,233,477,0.029166666666666667,0.7,0.056,0.00625,0.5215798611111111,0.527578125
0.025,2,B1,unseen,__all__,horizontal_new,144,0,0,48,96,0.0,,0.0,0.0,0.7404513888888888,0.7404513888888888
0.025,2,B2,unseen,__all__,horizontal_new,144,0,0,48,96,0.0,,0.0,0.0,0.5355902777777778,0.5355902777777778
0.025,2,B3,unseen,__all__,horizontal_new,144,0,0,48,96,0.0,,0.0,0.0,0.5355902777777778,0.5227864583333334
0.025,2,P1,unseen,__all__,horizontal_new,144,0,0,48,96,0.0,,0.0,0.0,0.5355902777777778,0.5609809027777778
0.025,2,B1,unseen,__all__,low_new,144,8,5,40,91,0.16666666666666666,0.6153846153846154,0.26229508196721313,0.052083333333333336,0.7326388888888888,0.7326388888888888
0.025,2,B2,unseen,__all__,low_new,144,4,3,44,93,0.08333333333333333,0.5714285714285714,0.14545454545454545,0.03125,0.5210503472222222,0.5210503472222222
0.025,2,B3,unseen,__all__,low_new,144,3,1,45,95,0.0625,0.75,0.11538461538461539,0.010416666666666666,0.5210503472222222,0.5475260416666666
0.025,2,P1,unseen,__all__,low_new,144,3,1,45,95,0.0625,0.75,0.11538461538461539,0.010416666666666666,0.5210503472222222,0.5564236111111112
0.025,2,B1,unseen,__all__,two_new,144,3,1,45,95,0.0625,0.75,0.11538461538461539,0.010416666666666666,0.6859809027777778,0.6859809027777778
0.025,2,B2,unseen,__all__,two_new,144,4,1,44,95,0.08333333333333333,0.8,0.1509433962264151,0.010416666666666666,0.5162760416666666,0.5162760416666666
0.025,2,B3,unseen,__all__,two_new,144,2,1,46,95,0.041666666666666664,0.6666666666666666,0.0784313725490196,0.010416666666666666,0.5162760416666666,0.5407986111111112
0.025,2,P1,unseen,__all__,two_new,144,2,1,46,95,0.041666666666666664,0.6666666666666666,0.0784313725490196,0.010416666666666666,0.5162760416666666,0.5447048611111112
0.025,2,B1,unseen,__all__,vertical_new,144,0,0,48,96,0.0,,0.0,0.0,0.7178819444444444,0.7178819444444444
0.025,2,B2,unseen,__all__,vertical_new,144,0,0,48,96,0.0,,0.0,0.0,0.5794270833333334,0.5794270833333334
0.025,2,B3,unseen,__all__,vertical_new,144,0,0,48,96,0.0,,0.0,0.0,0.5794270833333334,0.5301649305555556
0.025,2,P1,unseen,__all__,vertical_new,144,0,0,48,96,0.0,,0.0,0.0,0.5794270833333334,0.5279947916666666
0.025,2,B1,unseen,__all__,wide_new,144,2,1,46,95,0.041666666666666664,0.6666666666666666,0.0784313725490196,0.010416666666666666,0.6551649305555556,0.6551649305555556
0.025,2,B2,unseen,__all__,wide_new,144,3,1,45,95,0.0625,0.75,0.11538461538461539,0.010416666666666666,0.5130208333333334,0.5130208333333334
0.025,2,B3,unseen,__all__,wide_new,144,2,1,46,95,0.041666666666666664,0.6666666666666666,0.0784313725490196,0.010416666666666666,0.5130208333333334,0.5329861111111112
0.025,2,P1,unseen,__all__,wide_new,144,2,1,46,95,0.041666666666666664,0.6666666666666666,0.0784313725490196,0.010416666666666666,0.5130208333333334,0.5125868055555556
0.025,2,B1,unseen,harsh,__all__,360,13,7,107,233,0.10833333333333334,0.65,0.18571428571428572,0.029166666666666667,0.7207291666666666,0.7207291666666666
0.025,2,B2,unseen,harsh,__all__,360,11,5,109,235,0.09166666666666666,0.6875,0.16176470588235295,0.020833333333333332,0.5195486111111111,0.5195486111111111
0.025,2,B3,unseen,harsh,__all__,360,7,3,113,237,0.058333333333333334,0.7,0.1076923076923077,0.0125,0.5195486111111111,0.5195486111111111
0.025,2,P1,unseen,harsh,__all__,360,7,3,113,237,0.058333333333333334,0.7,0.1076923076923077,0.0125,0.5195486111111111,0.5155902777777778
0.025,2,B1,unseen,harsh,horizontal_new,72,0,0,24,48,0.0,,0.0,0.0,0.7248263888888888,0.7248263888888888
0.025,2,B2,unseen,harsh,horizontal_new,72,0,0,24,48,0.0,,0.0,0.0,0.5164930555555556,0.5164930555555556
0.025,2,B3,unseen,harsh,horizontal_new,72,0,0,24,48,0.0,,0.0,0.0,0.5164930555555556,0.5164930555555556
0.025,2,P1,unseen,harsh,horizontal_new,72,0,0,24,48,0.0,,0.0,0.0,0.5164930555555556,0.484375
0.025,2,B1,unseen,harsh,low_new,72,8,5,16,43,0.3333333333333333,0.6153846153846154,0.43243243243243246,0.10416666666666667,0.7578125,0.7578125
0.025,2,B2,unseen,harsh,low_new,72,4,3,20,45,0.16666666666666666,0.5714285714285714,0.25806451612903225,0.0625,0.5425347222222222,0.5425347222222222
0.025,2,B3,unseen,harsh,low_new,72,3,1,21,47,0.125,0.75,0.21428571428571427,0.020833333333333332,0.5425347222222222,0.5425347222222222
0.025,2,P1,unseen,harsh,low_new,72,3,1,21,47,0.125,0.75,0.21428571428571427,0.020833333333333332,0.5425347222222222,0.5425347222222222
0.025,2,B1,unseen,harsh,two_new,72,3,1,21,47,0.125,0.75,0.21428571428571427,0.020833333333333332,0.7005208333333334,0.7005208333333334
0.025,2,B2,unseen,harsh,two_new,72,4,1,20,47,0.16666666666666666,0.8,0.27586206896551724,0.020833333333333332,0.5303819444444444,0.5303819444444444
0.025,2,B3,unseen,harsh,two_new,72,2,1,22,47,0.08333333333333333,0.6666666666666666,0.14814814814814814,0.020833333333333332,0.5303819444444444,0.5303819444444444
0.025,2,P1,unseen,harsh,two_new,72,2,1,22,47,0.08333333333333333,0.6666666666666666,0.14814814814814814,0.020833333333333332,0.5303819444444444,0.5303819444444444
0.025,2,B1,unseen,harsh,vertical_new,72,0,0,24,48,0.0,,0.0,0.0,0.7690972222222222,0.7690972222222222
0.025,2,B2,unseen,harsh,vertical_new,72,0,0,24,48,0.0,,0.0,0.0,0.6215277777777778,0.6215277777777778
0.025,2,B3,unseen,harsh,vertical_new,72,0,0,24,48,0.0,,0.0,0.0,0.6215277777777778,0.6215277777777778
0.025,2,P1,unseen,harsh,vertical_new,72,0,0,24,48,0.0,,0.0,0.0,0.6215277777777778,0.6215277777777778
0.025,2,B1,unseen,harsh,wide_new,72,2,1,22,47,0.08333333333333333,0.6666666666666666,0.14814814814814814,0.020833333333333332,0.6831597222222222,0.6831597222222222
0.025,2,B2,unseen,harsh,wide_new,72,3,1,21,47,0.125,0.75,0.21428571428571427,0.020833333333333332,0.5355902777777778,0.5355902777777778
0.025,2,B3,unseen,harsh,wide_new,72,2,1,22,47,0.08333333333333333,0.6666666666666666,0.14814814814814814,0.020833333333333332,0.5355902777777778,0.5355902777777778
0.025,2,P1,unseen,harsh,wide_new,72,2,1,22,47,0.08333333333333333,0.6666666666666666,0.14814814814814814,0.020833333333333332,0.5355902777777778,0.5355902777777778
0.025,2,B1,unseen,standard,__all__,360,0,0,120,240,0.0,,0.0,0.0,0.6835416666666667,0.6835416666666667
0.025,2,B2,unseen,standard,__all__,360,0,0,120,240,0.0,,0.0,0.0,0.5520486111111111,0.5520486111111111
0.025,2,B3,unseen,standard,__all__,360,0,0,120,240,0.0,,0.0,0.0,0.5520486111111111,0.5520486111111111
0.025,2,P1,unseen,standard,__all__,360,0,0,120,240,0.0,,0.0,0.0,0.5520486111111111,0.540625
0.025,2,B1,unseen,standard,horizontal_new,72,0,0,24,48,0.0,,0.0,0.0,0.7552083333333334,0.7552083333333334
0.025,2,B2,unseen,standard,horizontal_new,72,0,0,24,48,0.0,,0.0,0.0,0.5798611111111112,0.5798611111111112
0.025,2,B3,unseen,standard,horizontal_new,72,0,0,24,48,0.0,,0.0,0.0,0.5798611111111112,0.5798611111111112
0.025,2,P1,unseen,standard,horizontal_new,72,0,0,24,48,0.0,,0.0,0.0,0.5798611111111112,0.6614583333333334
0.025,2,B1,unseen,standard,low_new,72,0,0,24,48,0.0,,0.0,0.0,0.7074652777777778,0.7074652777777778
0.025,2,B2,unseen,standard,low_new,72,0,0,24,48,0.0,,0.0,0.0,0.5590277777777778,0.5590277777777778
0.025,2,B3,unseen,standard,low_new,72,0,0,24,48,0.0,,0.0,0.0,0.5590277777777778,0.5590277777777778
0.025,2,P1,unseen,standard,low_new,72,0,0,24,48,0.0,,0.0,0.0,0.5590277777777778,0.5798611111111112
0.025,2,B1,unseen,standard,two_new,72,0,0,24,48,0.0,,0.0,0.0,0.6822916666666666,0.6822916666666666
0.025,2,B2,unseen,standard,two_new,72,0,0,24,48,0.0,,0.0,0.0,0.5633680555555556,0.5633680555555556
0.025,2,B3,unseen,standard,two_new,72,0,0,24,48,0.0,,0.0,0.0,0.5633680555555556,0.5633680555555556
0.025,2,P1,unseen,standard,two_new,72,0,0,24,48,0.0,,0.0,0.0,0.5633680555555556,0.5772569444444444
0.025,2,B1,unseen,standard,vertical_new,72,0,0,24,48,0.0,,0.0,0.0,0.6762152777777778,0.6762152777777778
0.025,2,B2,unseen,standard,vertical_new,72,0,0,24,48,0.0,,0.0,0.0,0.5303819444444444,0.5303819444444444
0.025,2,B3,unseen,standard,vertical_new,72,0,0,24,48,0.0,,0.0,0.0,0.5303819444444444,0.5303819444444444
0.025,2,P1,unseen,standard,vertical_new,72,0,0,24,48,0.0,,0.0,0.0,0.5303819444444444,0.453125
0.025,2,B1,unseen,standard,wide_new,72,0,0,24,48,0.0,,0.0,0.0,0.6328125,0.6328125
0.025,2,B2,unseen,standard,wide_new,72,0,0,24,48,0.0,,0.0,0.0,0.5399305555555556,0.5399305555555556
0.025,2,B3,unseen,standard,wide_new,72,0,0,24,48,0.0,,0.0,0.0,0.5399305555555556,0.5399305555555556
0.025,2,P1,unseen,standard,wide_new,72,0,0,24,48,0.0,,0.0,0.0,0.5399305555555556,0.4661458333333333
0.025,3,B1,all,__all__,__all__,1152,58,24,326,744,0.15104166666666666,0.7073170731707317,0.24892703862660945,0.03125,0.8448384602864584,0.8448384602864584
0.025,3,B2,all,__all__,__all__,1152,33,17,351,751,0.0859375,0.66,0.15207373271889402,0.022135416666666668,0.6511637369791666,0.6511637369791666
0.025,3,B3,all,__all__,__all__,1152,20,8,364,760,0.052083333333333336,0.7142857142857143,0.0970873786407767,0.010416666666666666,0.6511637369791666,0.6355523003472222
0.025,3,P1,all,__all__,__all__,1152,23,13,361,755,0.059895833333333336,0.6388888888888888,0.10952380952380952,0.016927083333333332,0.6511637369791666,0.6386006673177084
0.025,3,B1,seen,__all__,__all__,432,33,12,111,276,0.22916666666666666,0.7333333333333333,0.3492063492063492,0.041666666666666664,0.8591338734567902,0.8591338734567902
0.025,3,B2,seen,__all__,__all__,432,18,11,126,277,0.125,0.6206896551724138,0.20809248554913296,0.03819444444444445,0.6641830632716049,0.6641830632716049
0.025,3,B3,seen,__all__,__all__,432,14,7,130,281,0.09722222222222222,0.6666666666666666,0.1696969696969697,0.024305555555555556,0.6641830632716049,0.6555507330246914
0.025,3,P1,seen,__all__,__all__,432,14,11,130,277,0.09722222222222222,0.56,0.16568047337278108,0.03819444444444445,0.6641830632716049,0.6511622299382716
0.025,3,B1,seen,__all__,central_furniture,144,13,5,35,91,0.2708333333333333,0.7222222222222222,0.3939393939393939,0.052083333333333336,0.8723958333333334,0.8723958333333334
0.025,3,B2,seen,__all__,central_furniture,144,6,3,42,93,0.125,0.6666666666666666,0.21052631578947367,0.03125,0.6532118055555556,0.6532118055555556
0.025,3,B3,seen,__all__,central_furniture,144,5,0,43,96,0.10416666666666667,1.0,0.18867924528301888,0.0,0.6532118055555556,0.6631944444444444
0.025,3,P1,seen,__all__,central_furniture,144,5,1,43,95,0.10416666666666667,0.8333333333333334,0.18518518518518517,0.010416666666666666,0.6532118055555556,0.6545138888888888
0.025,3,B1,seen,__all__,clear,144,19,7,29,89,0.3958333333333333,0.7307692307692307,0.5135135135135135,0.07291666666666667,0.8658854166666666,0.8658854166666666
0.025,3,B2,seen,__all__,clear,144,12,7,36,89,0.25,0.631578947368421,0.3582089552238806,0.07291666666666667,0.6770833333333334,0.6770833333333334
0.025,3,B3,seen,__all__,clear,144,9,7,39,89,0.1875,0.5625,0.28125,0.07291666666666667,0.6770833333333334,0.6840277777777778
0.025,3,P1,seen,__all__,clear,144,9,10,39,86,0.1875,0.47368421052631576,0.26865671641791045,0.10416666666666667,0.6770833333333334,0.6851128472222222
0.025,3,B1,seen,__all__,vertical_mid,144,1,0,47,96,0.020833333333333332,1.0,0.04081632653061224,0.0,0.837890625,0.837890625
0.025,3,B2,seen,__all__,vertical_mid,144,0,1,48,95,0.0,0.0,0.0,0.010416666666666666,0.6929253472222222,0.6929253472222222
0.025,3,B3,seen,__all__,vertical_mid,144,0,0,48,96,0.0,,0.0,0.0,0.6929253472222222,0.6373697916666666
0.025,3,P1,seen,__all__,vertical_mid,144,0,0,48,96,0.0,,0.0,0.0,0.6929253472222222,0.6527777777777778
0.025,3,B1,seen,harsh,__all__,216,33,12,39,132,0.4583333333333333,0.7333333333333333,0.5641025641025641,0.08333333333333333,0.8864776234567902,0.8864776234567902
0.025,3,B2,seen,harsh,__all__,216,18,11,54,133,0.25,0.6206896551724138,0.3564356435643564,0.0763888888888889,0.7123842592592593,0.7123842592592593
0.025,3,B3,seen,harsh,__all__,216,14,4,58,140,0.19444444444444445,0.7777777777777778,0.3111111111111111,0.027777777777777776,0.7123842592592593,0.7123842592592593
0.025,3,P1,seen,harsh,__all__,216,14,9,58,135,0.19444444444444445,0.6086956521739131,0.29473684210526313,0.0625,0.7123842592592593,0.7109375
0.025,3,B1,seen,harsh,central_furniture,72,13,5,11,43,0.5416666666666666,0.7222222222222222,0.6190476190476191,0.10416666666666667,0.8897569444444444,0.8897569444444444
0.025,3,B2,seen,harsh,central_furniture,72,6,3,18,45,0.25,0.6666666666666666,0.36363636363636365,0.0625,0.7135416666666666,0.7135416666666666
0.025,3,B3,seen,harsh,central_furniture,72,5,0,19,48,0.20833333333333334,1.0,0.3448275862068966,0.0,0.7135416666666666,0.7135416666666666
0.025,3,P1,seen,harsh,central_furniture,72,5,1,19,47,0.20833333333333334,0.8333333333333334,0.3333333333333333,0.020833333333333332,0.7135416666666666,0.7135416666666666
0.025,3,B1,seen,harsh,clear,72,19,7,5,41,0.7916666666666666,0.7307692307692307,0.76,0.14583333333333334,0.8880208333333334,0.8880208333333334
0.025,3,B2,seen,harsh,clear,72,12,7,12,41,0.5,0.631578947368421,0.5581395348837209,0.14583333333333334,0.7517361111111112,0.7517361111111112
0.025,3,B3,seen,harsh,clear,72,9,4,15,44,0.375,0.6923076923076923,0.4864864864864865,0.08333333333333333,0.7517361111111112,0.7517361111111112
0.025,3,P1,seen,harsh,clear,72,9,8,15,40,0.375,0.5294117647058824,0.43902439024390244,0.16666666666666666,0.7517361111111112,0.7482638888888888
0.025,3,B1,seen,harsh,vertical_mid,72,1,0,23,48,0.041666666666666664,1.0,0.08,0.0,0.8836805555555556,0.8836805555555556
0.025,3,B2,seen,harsh,vertical_mid,72,0,1,24,47,0.0,0.0,0.0,0.020833333333333332,0.7378472222222222,0.7378472222222222
0.025,3,B3,seen,harsh,vertical_mid,72,0,0,24,48,0.0,,0.0,0.0,0.7378472222222222,0.7378472222222222
0.025,3,P1,seen,harsh,vertical_mid,72,0,0,24,48,0.0,,0.0,0.0,0.7378472222222222,0.7352430555555556
0.025,3,B1,seen,standard,__all__,216,0,0,72,144,0.0,,0.0,0.0,0.8260995370370371,0.8260995370370371
0.025,3,B2,seen,standard,__all__,216,0,0,72,144,0.0,,0.0,0.0,0.6251929012345679,0.6251929012345679
0.025,3,B3,seen,standard,__all__,216,0,3,72,141,0.0,0.0,0.0,0.020833333333333332,0.6251929012345679,0.6251929012345679
0.025,3,P1,seen,standard,__all__,216,0,2,72,142,0.0,0.0,0.0,0.013888888888888888,0.6251929012345679,0.5893132716049383
0.025,3,B1,seen,standard,central_furniture,72,0,0,24,48,0.0,,0.0,0.0,0.8576388888888888,0.8576388888888888
0.025,3,B2,seen,standard,central_furniture,72,0,0,24,48,0.0,,0.0,0.0,0.6015625,0.6015625
0.025,3,B3,seen,standard,central_furniture,72,0,0,24,48,0.0,,0.0,0.0,0.6015625,0.6015625
0.025,3,P1,seen,standard,central_furniture,72,0,0,24,48,0.0,,0.0,0.0,0.6015625,0.5772569444444444
0.025,3,B1,seen,standard,clear,72,0,0,24,48,0.0,,0.0,0.0,0.8411458333333334,0.8411458333333334
0.025,3,B2,seen,standard,clear,72,0,0,24,48,0.0,,0.0,0.0,0.625,0.625
0.025,3,B3,seen,standard,clear,72,0,3,24,45,0.0,0.0,0.0,0.0625,0.625,0.625
0.025,3,P1,seen,standard,clear,72,0,2,24,46,0.0,0.0,0.0,0.041666666666666664,0.625,0.6276041666666666
0.025,3,B1,seen,standard,vertical_mid,72,0,0,24,48,0.0,,0.0,0.0,0.7838541666666666,0.7838541666666666
0.025,3,B2,seen,standard,vertical_mid,72,0,0,24,48,0.0,,0.0,0.0,0.6545138888888888,0.6545138888888888
0.025,3,B3,seen,standard,vertical_mid,72,0,0,24,48,0.0,,0.0,0.0,0.6545138888888888,0.6545138888888888
0.025,3,P1,seen,standard,vertical_mid,72,0,0,24,48,0.0,,0.0,0.0,0.6545138888888888,0.5651041666666666
0.025,3,B1,unseen,__all__,__all__,720,25,12,215,468,0.10416666666666667,0.6756756756756757,0.18050541516245489,0.025,0.8349045138888889,0.8349045138888889
0.025,3,B2,unseen,__all__,__all__,720,15,6,225,474,0.0625,0.7142857142857143,0.11494252873563218,0.0125,0.6456336805555556,0.6456336805555556
0.025,3,B3,unseen,__all__,__all__,720,6,1,234,479,0.025,0.8571428571428571,0.048582995951417005,0.0020833333333333333,0.6456336805555556,0.6244791666666667
0.025,3,P1,unseen,__all__,__all__,720,9,2,231,478,0.0375,0.8181818181818182,0.07171314741035857,0.004166666666666667,0.6456336805555556,0.633984375
0.025,3,B1,unseen,__all__,horizontal_new,144,2,1,46,95,0.041666666666666664,0.6666666666666666,0.0784313725490196,0.010416666666666666,0.83984375,0.83984375
0.025,3,B2,unseen,__all__,horizontal_new,144,0,0,48,96,0.0,,0.0,0.0,0.6701388888888888,0.6701388888888888
0.025,3,B3,unseen,__all__,horizontal_new,144,0,0,48,96,0.0,,0.0,0.0,0.6701388888888888,0.59375
0.025,3,P1,unseen,__all__,horizontal_new,144,0,0,48,96,0.0,,0.0,0.0,0.6701388888888888,0.6618923611111112
0.025,3,B1,unseen,__all__,low_new,144,12,5,36,91,0.25,0.7058823529411765,0.36923076923076925,0.052083333333333336,0.8682725694444444,0.8682725694444444
0.025,3,B2,unseen,__all__,low_new,144,5,3,43,93,0.10416666666666667,0.625,0.17857142857142858,0.03125,0.6571180555555556,0.6571180555555556
0.025,3,B3,unseen,__all__,low_new,144,4,1,44,95,0.08333333333333333,0.8,0.1509433962264151,0.010416666666666666,0.6571180555555556,0.6610243055555556
0.025,3,P1,unseen,__all__,low_new,144,4,1,44,95,0.08333333333333333,0.8,0.1509433962264151,0.010416666666666666,0.6571180555555556,0.6686197916666666
0.025,3,B1,unseen,__all__,two_new,144,5,3,43,93,0.10416666666666667,0.625,0.17857142857142858,0.03125,0.8446180555555556,0.8446180555555556
0.025,3,B2,unseen,__all__,two_new,144,5,1,43,95,0.10416666666666667,0.8333333333333334,0.18518518518518517,0.010416666666666666,0.6254340277777778,0.6254340277777778
0.025,3,B3,unseen,__all__,two_new,144,1,0,47,96,0.020833333333333332,1.0,0.04081632653061224,0.0,0.6254340277777778,0.625
0.025,3,P1,unseen,__all__,two_new,144,2,1,46,95,0.041666666666666664,0.6666666666666666,0.0784313725490196,0.010416666666666666,0.6254340277777778,0.6341145833333334
0.025,3,B1,unseen,__all__,vertical_new,144,1,0,47,96,0.020833333333333332,1.0,0.04081632653061224,0.0,0.8285590277777778,0.8285590277777778
0.025,3,B2,unseen,__all__,vertical_new,144,0,1,48,95,0.0,0.0,0.0,0.010416666666666666,0.6840277777777778,0.6840277777777778
0.025,3,B3,unseen,__all__,vertical_new,144,0,0,48,96,0.0,,0.0,0.0,0.6840277777777778,0.6204427083333334
0.025,3,P1,unseen,__all__,vertical_new,144,0,0,48,96,0.0,,0.0,0.0,0.6840277777777778,0.6332465277777778
0.025,3,B1,unseen,__all__,wide_new,144,5,3,43,93,0.10416666666666667,0.625,0.17857142857142858,0.03125,0.7962239583333334,0.7962239583333334
0.025,3,B2,unseen,__all__,wide_new,144,5,1,43,95,0.10416666666666667,0.8333333333333334,0.18518518518518517,0.010416666666666666,0.6306423611111112,0.6306423611111112
0.025,3,B3,unseen,__all__,wide_new,144,1,0,47,96,0.020833333333333332,1.0,0.04081632653061224,0.0,0.6306423611111112,0.6321614583333334
0.025,3,P1,unseen,__all__,wide_new,144,3,0,45,96,0.0625,1.0,0.11764705882352941,0.0,0.6306423611111112,0.6217447916666666
0.025,3,B1,unseen,harsh,__all__,360,25,12,95,228,0.20833333333333334,0.6756756756756757,0.3184713375796178,0.05,0.8639236111111112,0.8639236111111112
0.025,3,B2,unseen,harsh,__all__,360,15,6,105,234,0.125,0.7142857142857143,0.2127659574468085,0.025,0.6723263888888888,0.6723263888888888
0.025,3,B3,unseen,harsh,__all__,360,6,0,114,240,0.05,1.0,0.09523809523809523,0.0,0.6723263888888888,0.6723263888888888
0.025,3,P1,unseen,harsh,__all__,360,9,2,111,238,0.075,0.8181818181818182,0.13740458015267176,0.008333333333333333,0.6723263888888888,0.6699652777777778
0.025,3,B1,unseen,harsh,horizontal_new,72,2,1,22,47,0.08333333333333333,0.6666666666666666,0.14814814814814814,0.020833333333333332,0.84375,0.84375
0.025,3,B2,unseen,harsh,horizontal_new,72,0,0,24,48,0.0,,0.0,0.0,0.6788194444444444,0.6788194444444444
0.025,3,B3,unseen,harsh,horizontal_new,72,0,0,24,48,0.0,,0.0,0.0,0.6788194444444444,0.6788194444444444
0.025,3,P1,unseen,harsh,horizontal_new,72,0,0,24,48,0.0,,0.0,0.0,0.6788194444444444,0.6605902777777778
0.025,3,B1,unseen,harsh,low_new,72,12,5,12,43,0.5,0.7058823529411765,0.5853658536585366,0.10416666666666667,0.8810763888888888,0.8810763888888888
0.025,3,B2,unseen,harsh,low_new,72,5,3,19,45,0.20833333333333334,0.625,0.3125,0.0625,0.6961805555555556,0.6961805555555556
0.025,3,B3,unseen,harsh,low_new,72,4,0,20,48,0.16666666666666666,1.0,0.2857142857142857,0.0,0.6961805555555556,0.6961805555555556
0.025,3,P1,unseen,harsh,low_new,72,4,1,20,47,0.16666666666666666,0.8,0.27586206896551724,0.020833333333333332,0.6961805555555556,0.6961805555555556
0.025,3,B1,unseen,harsh,two_new,72,5,3,19,45,0.20833333333333334,0.625,0.3125,0.0625,0.8645833333333334,0.8645833333333334
0.025,3,B2,unseen,harsh,two_new,72,5,1,19,47,0.20833333333333334,0.8333333333333334,0.3333333333333333,0.020833333333333332,0.6631944444444444,0.6631944444444444
0.025,3,B3,unseen,harsh,two_new,72,1,0,23,48,0.041666666666666664,1.0,0.08,0.0,0.6631944444444444,0.6631944444444444
0.025,3,P1,unseen,harsh,two_new,72,2,1,22,47,0.08333333333333333,0.6666666666666666,0.14814814814814814,0.020833333333333332,0.6631944444444444,0.6631944444444444
0.025,3,B1,unseen,harsh,vertical_new,72,1,0,23,48,0.041666666666666664,1.0,0.08,0.0,0.8888888888888888,0.8888888888888888
0.025,3,B2,unseen,harsh,vertical_new,72,0,1,24,47,0.0,0.0,0.0,0.020833333333333332,0.7361111111111112,0.7361111111111112
0.025,3,B3,unseen,harsh,vertical_new,72,0,0,24,48,0.0,,0.0,0.0,0.7361111111111112,0.7361111111111112
0.025,3,P1,unseen,harsh,vertical_new,72,0,0,24,48,0.0,,0.0,0.0,0.7361111111111112,0.7361111111111112
0.025,3,B1,unseen,harsh,wide_new,72,5,3,19,45,0.20833333333333334,0.625,0.3125,0.0625,0.8394097222222222,0.8394097222222222
0.025,3,B2,unseen,harsh,wide_new,72,5,1,19,47,0.20833333333333334,0.8333333333333334,0.3333333333333333,0.020833333333333332,0.6840277777777778,0.6840277777777778
0.025,3,B3,unseen,harsh,wide_new,72,1,0,23,48,0.041666666666666664,1.0,0.08,0.0,0.6840277777777778,0.6840277777777778
0.025,3,P1,unseen,harsh,wide_new,72,3,0,21,48,0.125,1.0,0.2222222222222222,0.0,0.6840277777777778,0.6840277777777778
0.025,3,B1,unseen,standard,__all__,360,0,0,120,240,0.0,,0.0,0.0,0.7951041666666666,0.7951041666666666
0.025,3,B2,unseen,standard,__all__,360,0,0,120,240,0.0,,0.0,0.0,0.6237847222222223,0.6237847222222223
0.025,3,B3,unseen,standard,__all__,360,0,1,120,239,0.0,0.0,0.0,0.004166666666666667,0.6237847222222223,0.6237847222222223
0.025,3,P1,unseen,standard,__all__,360,0,0,120,240,0.0,,0.0,0.0,0.6237847222222223,0.5922916666666667
0.025,3,B1,unseen,standard,horizontal_new,72,0,0,24,48,0.0,,0.0,0.0,0.8246527777777778,0.8246527777777778
0.025,3,B2,unseen,standard,horizontal_new,72,0,0,24,48,0.0,,0.0,0.0,0.6640625,0.6640625
0.025,3,B3,unseen,standard,horizontal_new,72,0,0,24,48,0.0,,0.0,0.0,0.6640625,0.6640625
0.025,3,P1,unseen,standard,horizontal_new,72,0,0,24,48,0.0,,0.0,0.0,0.6640625,0.6684027777777778
0.025,3,B1,unseen,standard,low_new,72,0,0,24,48,0.0,,0.0,0.0,0.8446180555555556,0.8446180555555556
0.025,3,B2,unseen,standard,low_new,72,0,0,24,48,0.0,,0.0,0.0,0.6397569444444444,0.6397569444444444
0.025,3,B3,unseen,standard,low_new,72,0,1,24,47,0.0,0.0,0.0,0.020833333333333332,0.6397569444444444,0.6397569444444444
0.025,3,P1,unseen,standard,low_new,72,0,0,24,48,0.0,,0.0,0.0,0.6397569444444444,0.6449652777777778
0.025,3,B1,unseen,standard,two_new,72,0,0,24,48,0.0,,0.0,0.0,0.8376736111111112,0.8376736111111112
0.025,3,B2,unseen,standard,two_new,72,0,0,24,48,0.0,,0.0,0.0,0.5989583333333334,0.5989583333333334
0.025,3,B3,unseen,standard,two_new,72,0,0,24,48,0.0,,0.0,0.0,0.5989583333333334,0.5989583333333334
0.025,3,P1,unseen,standard,two_new,72,0,0,24,48,0.0,,0.0,0.0,0.5989583333333334,0.59375
0.025,3,B1,unseen,standard,vertical_new,72,0,0,24,48,0.0,,0.0,0.0,0.7508680555555556,0.7508680555555556
0.025,3,B2,unseen,standard,vertical_new,72,0,0,24,48,0.0,,0.0,0.0,0.6336805555555556,0.6336805555555556
0.025,3,B3,unseen,standard,vertical_new,72,0,0,24,48,0.0,,0.0,0.0,0.6336805555555556,0.6336805555555556
0.025,3,P1,unseen,standard,vertical_new,72,0,0,24,48,0.0,,0.0,0.0,0.6336805555555556,0.5243055555555556
0.025,3,B1,unseen,standard,wide_new,72,0,0,24,48,0.0,,0.0,0.0,0.7326388888888888,0.7326388888888888
0.025,3,B2,unseen,standard,wide_new,72,0,0,24,48,0.0,,0.0,0.0,0.5815972222222222,0.5815972222222222
0.025,3,B3,unseen,standard,wide_new,72,0,0,24,48,0.0,,0.0,0.0,0.5815972222222222,0.5815972222222222
0.025,3,P1,unseen,standard,wide_new,72,0,0,24,48,0.0,,0.0,0.0,0.5815972222222222,0.5407986111111112
0.025,4,B1,all,__all__,__all__,1152,20,3,364,765,0.052083333333333336,0.8695652173913043,0.09828009828009827,0.00390625,0.5311618381076388,0.5311618381076388
0.025,4,B2,all,__all__,__all__,1152,15,10,369,758,0.0390625,0.6,0.07334963325183375,0.013020833333333334,0.5406663682725694,0.5406663682725694
0.025,4,B3,all,__all__,__all__,1152,11,6,373,762,0.028645833333333332,0.6470588235294118,0.05486284289276808,0.0078125,0.5406663682725694,0.5376383463541666
0.025,4,P1,all,__all__,__all__,1152,15,11,369,757,0.0390625,0.5769230769230769,0.07317073170731707,0.014322916666666666,0.5406663682725694,0.5373162163628472
0.025,4,B1,seen,__all__,__all__,432,9,3,135,285,0.0625,0.75,0.11538461538461539,0.010416666666666666,0.5359278549382716,0.5359278549382716
0.025,4,B2,seen,__all__,__all__,432,9,10,135,278,0.0625,0.47368421052631576,0.11042944785276074,0.034722222222222224,0.5439332561728395,0.5439332561728395
0.025,4,B3,seen,__all__,__all__,432,8,6,136,282,0.05555555555555555,0.5714285714285714,0.10126582278481013,0.020833333333333332,0.5439332561728395,0.5412326388888888
0.025,4,P1,seen,__all__,__all__,432,9,11,135,277,0.0625,0.45,0.10975609756097561,0.03819444444444445,0.5439332561728395,0.5399064429012346
0.025,4,B1,seen,__all__,central_furniture,144,3,0,45,96,0.0625,1.0,0.11764705882352941,0.0,0.5275607638888888,0.5275607638888888
0.025,4,B2,seen,__all__,central_furniture,144,2,0,46,96,0.041666666666666664,1.0,0.08,0.0,0.5570746527777778,0.5570746527777778
0.025,4,B3,seen,__all__,central_furniture,144,2,0,46,96,0.041666666666666664,1.0,0.08,0.0,0.5570746527777778,0.5518663194444444
0.025,4,P1,seen,__all__,central_furniture,144,2,0,46,96,0.041666666666666664,1.0,0.08,0.0,0.5570746527777778,0.5368923611111112
0.025,4,B1,seen,__all__,clear,144,6,3,42,93,0.125,0.6666666666666666,0.21052631578947367,0.03125,0.5362413194444444,0.5362413194444444
0.025,4,B2,seen,__all__,clear,144,7,10,41,86,0.14583333333333334,0.4117647058823529,0.2153846153846154,0.10416666666666667,0.5512152777777778,0.5512152777777778
0.025,4,B3,seen,__all__,clear,144,6,6,42,90,0.125,0.5,0.2,0.0625,0.5512152777777778,0.5549045138888888
0.025,4,P1,seen,__all__,clear,144,7,11,41,85,0.14583333333333334,0.3888888888888889,0.21212121212121213,0.11458333333333333,0.5512152777777778,0.5568576388888888
0.025,4,B1,seen,__all__,vertical_mid,144,0,0,48,96,0.0,,0.0,0.0,0.5735677083333334,0.5735677083333334
0.025,4,B2,seen,__all__,vertical_mid,144,0,0,48,96,0.0,,0.0,0.0,0.5592447916666666,0.5592447916666666
0.025,4,B3,seen,__all__,vertical_mid,144,0,0,48,96,0.0,,0.0,0.0,0.5592447916666666,0.5197482638888888
0.025,4,P1,seen,__all__,vertical_mid,144,0,0,48,96,0.0,,0.0,0.0,0.5592447916666666,0.5436197916666666
0.025,4,B1,seen,harsh,__all__,216,9,2,63,142,0.125,0.8181818181818182,0.21686746987951808,0.013888888888888888,0.5805362654320988,0.5805362654320988
0.025,4,B2,seen,harsh,__all__,216,9,9,63,135,0.125,0.5,0.2,0.0625,0.6073495370370371,0.6073495370370371
0.025,4,B3,seen,harsh,__all__,216,8,4,64,140,0.1111111111111111,0.6666666666666666,0.19047619047619047,0.027777777777777776,0.6073495370370371,0.6073495370370371
0.025,4,P1,seen,harsh,__all__,216,9,9,63,135,0.125,0.5,0.2,0.0625,0.6073495370370371,0.6068672839506173
0.025,4,B1,seen,harsh,central_furniture,72,3,0,21,48,0.125,1.0,0.2222222222222222,0.0,0.59375,0.59375
0.025,4,B2,seen,harsh,central_furniture,72,2,0,22,48,0.08333333333333333,1.0,0.15384615384615385,0.0,0.6276041666666666,0.6276041666666666
0.025,4,B3,seen,harsh,central_furniture,72,2,0,22,48,0.08333333333333333,1.0,0.15384615384615385,0.0,0.6276041666666666,0.6276041666666666
0.025,4,P1,seen,harsh,central_furniture,72,2,0,22,48,0.08333333333333333,1.0,0.15384615384615385,0.0,0.6276041666666666,0.6276041666666666
0.025,4,B1,seen,harsh,clear,72,6,2,18,46,0.25,0.75,0.375,0.041666666666666664,0.5980902777777778,0.5980902777777778
0.025,4,B2,seen,harsh,clear,72,7,9,17,39,0.2916666666666667,0.4375,0.35,0.1875,0.6119791666666666,0.6119791666666666
0.025,4,B3,seen,harsh,clear,72,6,4,18,44,0.25,0.6,0.35294117647058826,0.08333333333333333,0.6119791666666666,0.6119791666666666
0.025,4,P1,seen,harsh,clear,72,7,9,17,39,0.2916666666666667,0.4375,0.35,0.1875,0.6119791666666666,0.6119791666666666
0.025,4,B1,seen,harsh,vertical_mid,72,0,0,24,48,0.0,,0.0,0.0,0.6223958333333334,0.6223958333333334
0.025,4,B2,seen,harsh,vertical_mid,72,0,0,24,48,0.0,,0.0,0.0,0.6519097222222222,0.6519097222222222
0.025,4,B3,seen,harsh,vertical_mid,72,0,0,24,48,0.0,,0.0,0.0,0.6519097222222222,0.6519097222222222
0.025,4,P1,seen,harsh,vertical_mid,72,0,0,24,48,0.0,,0.0,0.0,0.6519097222222222,0.6519097222222222
0.025,4,B1,seen,standard,__all__,216,0,1,72,143,0.0,0.0,0.0,0.006944444444444444,0.4906442901234568,0.4906442901234568
0.025,4,B2,seen,standard,__all__,216,0,1,72,143,0.0,0.0,0.0,0.006944444444444444,0.4613233024691358,0.4613233024691358
0.025,4,B3,seen,standard,__all__,216,0,2,72,142,0.0,0.0,0.0,0.013888888888888888,0.4613233024691358,0.4613233024691358
0.025,4,P1,seen,standard,__all__,216,0,2,72,142,0.0,0.0,0.0,0.013888888888888888,0.4613233024691358,0.4506172839506173
0.025,4,B1,seen,standard,central_furniture,72,0,0,24,48,0.0,,0.0,0.0,0.4791666666666667,0.4791666666666667
0.025,4,B2,seen,standard,central_furniture,72,0,0,24,48,0.0,,0.0,0.0,0.4713541666666667,0.4713541666666667
0.025,4,B3,seen,standard,central_furniture,72,0,0,24,48,0.0,,0.0,0.0,0.4713541666666667,0.4713541666666667
0.025,4,P1,seen,standard,central_furniture,72,0,0,24,48,0.0,,0.0,0.0,0.4713541666666667,0.4357638888888889
0.025,4,B1,seen,standard,clear,72,0,1,24,47,0.0,0.0,0.0,0.020833333333333332,0.4947916666666667,0.4947916666666667
0.025,4,B2,seen,standard,clear,72,0,1,24,47,0.0,0.0,0.0,0.020833333333333332,0.4869791666666667,0.4869791666666667
0.025,4,B3,seen,standard,clear,72,0,2,24,46,0.0,0.0,0.0,0.041666666666666664,0.4869791666666667,0.4869791666666667
0.025,4,P1,seen,standard,clear,72,0,2,24,46,0.0,0.0,0.0,0.041666666666666664,0.4869791666666667,0.4947916666666667
0.025,4,B1,seen,standard,vertical_mid,72,0,0,24,48,0.0,,0.0,0.0,0.4991319444444444,0.4991319444444444
0.025,4,B2,seen,standard,vertical_mid,72,0,0,24,48,0.0,,0.0,0.0,0.4383680555555556,0.4383680555555556
0.025,4,B3,seen,standard,vertical_mid,72,0,0,24,48,0.0,,0.0,0.0,0.4383680555555556,0.4383680555555556
0.025,4,P1,seen,standard,vertical_mid,72,0,0,24,48,0.0,,0.0,0.0,0.4383680555555556,0.4036458333333333
0.025,4,B1,unseen,__all__,__all__,720,11,0,229,480,0.04583333333333333,1.0,0.08764940239043825,0.0,0.5285243055555555,0.5285243055555555
0.025,4,B2,unseen,__all__,__all__,720,6,0,234,480,0.025,1.0,0.04878048780487805,0.0,0.5400173611111111,0.5400173611111111
0.025,4,B3,unseen,__all__,__all__,720,3,0,237,480,0.0125,1.0,0.024691358024691357,0.0,0.5400173611111111,0.5358680555555555
0.025,4,P1,unseen,__all__,__all__,720,6,0,234,480,0.025,1.0,0.04878048780487805,0.0,0.5400173611111111,0.5383420138888889
0.025,4,B1,unseen,__all__,horizontal_new,144,0,0,48,96,0.0,,0.0,0.0,0.5436197916666666,0.5436197916666666
0.025,4,B2,unseen,__all__,horizontal_new,144,0,0,48,96,0.0,,0.0,0.0,0.5529513888888888,0.5529513888888888
0.025,4,B3,unseen,__all__,horizontal_new,144,0,0,48,96,0.0,,0.0,0.0,0.5529513888888888,0.5223524305555556
0.025,4,P1,unseen,__all__,horizontal_new,144,0,0,48,96,0.0,,0.0,0.0,0.5529513888888888,0.5729166666666666
0.025,4,B1,unseen,__all__,low_new,144,4,0,44,96,0.08333333333333333,1.0,0.15384615384615385,0.0,0.5368923611111112,0.5368923611111112
0.025,4,B2,unseen,__all__,low_new,144,3,0,45,96,0.0625,1.0,0.11764705882352941,0.0,0.5542534722222222,0.5542534722222222
0.025,4,B3,unseen,__all__,low_new,144,1,0,47,96,0.020833333333333332,1.0,0.04081632653061224,0.0,0.5542534722222222,0.5523003472222222
0.025,4,P1,unseen,__all__,low_new,144,3,0,45,96,0.0625,1.0,0.11764705882352941,0.0,0.5542534722222222,0.5614149305555556
0.025,4,B1,unseen,__all__,two_new,144,3,0,45,96,0.0625,1.0,0.11764705882352941,0.0,0.5288628472222222,0.5288628472222222
0.025,4,B2,unseen,__all__,two_new,144,1,0,47,96,0.020833333333333332,1.0,0.04081632653061224,0.0,0.5457899305555556,0.5457899305555556
0.025,4,B3,unseen,__all__,two_new,144,1,0,47,96,0.020833333333333332,1.0,0.04081632653061224,0.0,0.5457899305555556,0.5460069444444444
0.025,4,P1,unseen,__all__,two_new,144,1,0,47,96,0.020833333333333332,1.0,0.04081632653061224,0.0,0.5457899305555556,0.5473090277777778
0.025,4,B1,unseen,__all__,vertical_new,144,0,0,48,96,0.0,,0.0,0.0,0.5596788194444444,0.5596788194444444
0.025,4,B2,unseen,__all__,vertical_new,144,0,0,48,96,0.0,,0.0,0.0,0.5679253472222222,0.5679253472222222
0.025,4,B3,unseen,__all__,vertical_new,144,0,0,48,96,0.0,,0.0,0.0,0.5679253472222222,0.5290798611111112
0.025,4,P1,unseen,__all__,vertical_new,144,0,0,48,96,0.0,,0.0,0.0,0.5679253472222222,0.5418836805555556
0.025,4,B1,unseen,__all__,wide_new,144,4,0,44,96,0.08333333333333333,1.0,0.15384615384615385,0.0,0.5162760416666666,0.5162760416666666
0.025,4,B2,unseen,__all__,wide_new,144,2,0,46,96,0.041666666666666664,1.0,0.08,0.0,0.5282118055555556,0.5282118055555556
0.025,4,B3,unseen,__all__,wide_new,144,1,0,47,96,0.020833333333333332,1.0,0.04081632653061224,0.0,0.5282118055555556,0.5381944444444444
0.025,4,P1,unseen,__all__,wide_new,144,2,0,46,96,0.041666666666666664,1.0,0.08,0.0,0.5282118055555556,0.5145399305555556
0.025,4,B1,unseen,harsh,__all__,360,11,0,109,240,0.09166666666666666,1.0,0.16793893129770993,0.0,0.5647222222222222,0.5647222222222222
0.025,4,B2,unseen,harsh,__all__,360,6,0,114,240,0.05,1.0,0.09523809523809523,0.0,0.5944444444444444,0.5944444444444444
0.025,4,B3,unseen,harsh,__all__,360,3,0,117,240,0.025,1.0,0.04878048780487805,0.0,0.5944444444444444,0.5944444444444444
0.025,4,P1,unseen,harsh,__all__,360,6,0,114,240,0.05,1.0,0.09523809523809523,0.0,0.5944444444444444,0.5927777777777777
0.025,4,B1,unseen,harsh,horizontal_new,72,0,0,24,48,0.0,,0.0,0.0,0.5694444444444444,0.5694444444444444
0.025,4,B2,unseen,harsh,horizontal_new,72,0,0,24,48,0.0,,0.0,0.0,0.6102430555555556,0.6102430555555556
0.025,4,B3,unseen,harsh,horizontal_new,72,0,0,24,48,0.0,,0.0,0.0,0.6102430555555556,0.6102430555555556
0.025,4,P1,unseen,harsh,horizontal_new,72,0,0,24,48,0.0,,0.0,0.0,0.6102430555555556,0.5972222222222222
0.025,4,B1,unseen,harsh,low_new,72,4,0,20,48,0.16666666666666666,1.0,0.2857142857142857,0.0,0.5920138888888888,0.5920138888888888
0.025,4,B2,unseen,harsh,low_new,72,3,0,21,48,0.125,1.0,0.2222222222222222,0.0,0.5998263888888888,0.5998263888888888
0.025,4,B3,unseen,harsh,low_new,72,1,0,23,48,0.041666666666666664,1.0,0.08,0.0,0.5998263888888888,0.5998263888888888
0.025,4,P1,unseen,harsh,low_new,72,3,0,21,48,0.125,1.0,0.2222222222222222,0.0,0.5998263888888888,0.5998263888888888
0.025,4,B1,unseen,harsh,two_new,72,3,0,21,48,0.125,1.0,0.2222222222222222,0.0,0.5833333333333334,0.5833333333333334
0.025,4,B2,unseen,harsh,two_new,72,1,0,23,48,0.041666666666666664,1.0,0.08,0.0,0.5954861111111112,0.5954861111111112
0.025,4,B3,unseen,harsh,two_new,72,1,0,23,48,0.041666666666666664,1.0,0.08,0.0,0.5954861111111112,0.5954861111111112
0.025,4,P1,unseen,harsh,two_new,72,1,0,23,48,0.041666666666666664,1.0,0.08,0.0,0.5954861111111112,0.5954861111111112
0.025,4,B1,unseen,harsh,vertical_new,72,0,0,24,48,0.0,,0.0,0.0,0.6032986111111112,0.6032986111111112
0.025,4,B2,unseen,harsh,vertical_new,72,0,0,24,48,0.0,,0.0,0.0,0.6614583333333334,0.6614583333333334
0.025,4,B3,unseen,harsh,vertical_new,72,0,0,24,48,0.0,,0.0,0.0,0.6614583333333334,0.6614583333333334
0.025,4,P1,unseen,harsh,vertical_new,72,0,0,24,48,0.0,,0.0,0.0,0.6614583333333334,0.6614583333333334
0.025,4,B1,unseen,harsh,wide_new,72,4,0,20,48,0.16666666666666666,1.0,0.2857142857142857,0.0,0.5633680555555556,0.5633680555555556
0.025,4,B2,unseen,harsh,wide_new,72,2,0,22,48,0.08333333333333333,1.0,0.15384615384615385,0.0,0.5920138888888888,0.5920138888888888
0.025,4,B3,unseen,harsh,wide_new,72,1,0,23,48,0.041666666666666664,1.0,0.08,0.0,0.5920138888888888,0.5920138888888888
0.025,4,P1,unseen,harsh,wide_new,72,2,0,22,48,0.08333333333333333,1.0,0.15384615384615385,0.0,0.5920138888888888,0.5920138888888888
0.025,4,B1,unseen,standard,__all__,360,0,0,120,240,0.0,,0.0,0.0,0.4919791666666667,0.4919791666666667
0.025,4,B2,unseen,standard,__all__,360,0,0,120,240,0.0,,0.0,0.0,0.47034722222222225,0.47034722222222225
0.025,4,B3,unseen,standard,__all__,360,0,0,120,240,0.0,,0.0,0.0,0.47034722222222225,0.47034722222222225
0.025,4,P1,unseen,standard,__all__,360,0,0,120,240,0.0,,0.0,0.0,0.47034722222222225,0.46493055555555557
0.025,4,B1,unseen,standard,horizontal_new,72,0,0,24,48,0.0,,0.0,0.0,0.5104166666666666,0.5104166666666666
0.025,4,B2,unseen,standard,horizontal_new,72,0,0,24,48,0.0,,0.0,0.0,0.4765625,0.4765625
0.025,4,B3,unseen,standard,horizontal_new,72,0,0,24,48,0.0,,0.0,0.0,0.4765625,0.4765625
0.025,4,P1,unseen,standard,horizontal_new,72,0,0,24,48,0.0,,0.0,0.0,0.4765625,0.5321180555555556
0.025,4,B1,unseen,standard,low_new,72,0,0,24,48,0.0,,0.0,0.0,0.5060763888888888,0.5060763888888888
0.025,4,B2,unseen,standard,low_new,72,0,0,24,48,0.0,,0.0,0.0,0.4991319444444444,0.4991319444444444
0.025,4,B3,unseen,standard,low_new,72,0,0,24,48,0.0,,0.0,0.0,0.4991319444444444,0.4991319444444444
0.025,4,P1,unseen,standard,low_new,72,0,0,24,48,0.0,,0.0,0.0,0.4991319444444444,0.5026041666666666
0.025,4,B1,unseen,standard,two_new,72,0,0,24,48,0.0,,0.0,0.0,0.5043402777777778,0.5043402777777778
0.025,4,B2,unseen,standard,two_new,72,0,0,24,48,0.0,,0.0,0.0,0.4835069444444444,0.4835069444444444
0.025,4,B3,unseen,standard,two_new,72,0,0,24,48,0.0,,0.0,0.0,0.4835069444444444,0.4835069444444444
0.025,4,P1,unseen,standard,two_new,72,0,0,24,48,0.0,,0.0,0.0,0.4835069444444444,0.5043402777777778
0.025,4,B1,unseen,standard,vertical_new,72,0,0,24,48,0.0,,0.0,0.0,0.5060763888888888,0.5060763888888888
0.025,4,B2,unseen,standard,vertical_new,72,0,0,24,48,0.0,,0.0,0.0,0.4557291666666667,0.4557291666666667
0.025,4,B3,unseen,standard,vertical_new,72,0,0,24,48,0.0,,0.0,0.0,0.4557291666666667,0.4557291666666667
0.025,4,P1,unseen,standard,vertical_new,72,0,0,24,48,0.0,,0.0,0.0,0.4557291666666667,0.3923611111111111
0.025,4,B1,unseen,standard,wide_new,72,0,0,24,48,0.0,,0.0,0.0,0.4696180555555556,0.4696180555555556
0.025,4,B2,unseen,standard,wide_new,72,0,0,24,48,0.0,,0.0,0.0,0.4583333333333333,0.4583333333333333
0.025,4,B3,unseen,standard,wide_new,72,0,0,24,48,0.0,,0.0,0.0,0.4583333333333333,0.4583333333333333
0.025,4,P1,unseen,standard,wide_new,72,0,0,24,48,0.0,,0.0,0.0,0.4583333333333333,0.4227430555555556
0.05,0,B1,all,__all__,__all__,1152,23,10,361,758,0.059895833333333336,0.696969696969697,0.11031175059952038,0.013020833333333334,0.5476108127170138,0.5476108127170138
0.05,0,B2,all,__all__,__all__,1152,33,31,351,737,0.0859375,0.515625,0.14732142857142858,0.040364583333333336,0.5677897135416666,0.5677897135416666
0.05,0,B3,all,__all__,__all__,1152,25,14,359,754,0.06510416666666667,0.6410256410256411,0.1182033096926714,0.018229166666666668,0.5677897135416666,0.5594651963975694
0.05,0,P1,all,__all__,__all__,1152,26,11,358,757,0.06770833333333333,0.7027027027027027,0.12351543942992874,0.014322916666666666,0.5677897135416666,0.5632798936631944
0.05,0,B1,seen,__all__,__all__,432,10,8,134,280,0.06944444444444445,0.5555555555555556,0.12345679012345678,0.027777777777777776,0.5577498070987654,0.5577498070987654
0.05,0,B2,seen,__all__,__all__,432,16,15,128,273,0.1111111111111111,0.5161290322580645,0.18285714285714286,0.052083333333333336,0.5785349151234568,0.5785349151234568
0.05,0,B3,seen,__all__,__all__,432,13,10,131,278,0.09027777777777778,0.5652173913043478,0.15568862275449102,0.034722222222222224,0.5785349151234568,0.5688898533950617
0.05,0,P1,seen,__all__,__all__,432,13,8,131,280,0.09027777777777778,0.6190476190476191,0.15757575757575756,0.027777777777777776,0.5785349151234568,0.5729166666666666
0.05,0,B1,seen,__all__,central_furniture,144,5,1,43,95,0.10416666666666667,0.8333333333333334,0.18518518518518517,0.010416666666666666,0.5540364583333334,0.5540364583333334
0.05,0,B2,seen,__all__,central_furniture,144,7,5,41,91,0.14583333333333334,0.5833333333333334,0.23333333333333334,0.052083333333333336,0.5779079861111112,0.5779079861111112
0.05,0,B3,seen,__all__,central_furniture,144,5,3,43,93,0.10416666666666667,0.625,0.17857142857142858,0.03125,0.5779079861111112,0.5711805555555556
0.05,0,P1,seen,__all__,central_furniture,144,6,1,42,95,0.125,0.8571428571428571,0.21818181818181817,0.010416666666666666,0.5779079861111112,0.568359375
0.05,0,B1,seen,__all__,clear,144,5,5,43,91,0.10416666666666667,0.5,0.1724137931034483,0.052083333333333336,0.5588107638888888,0.5588107638888888
0.05,0,B2,seen,__all__,clear,144,9,10,39,86,0.1875,0.47368421052631576,0.26865671641791045,0.10416666666666667,0.5826822916666666,0.5826822916666666
0.05,0,B3,seen,__all__,clear,144,8,7,40,89,0.16666666666666666,0.5333333333333333,0.25396825396825395,0.07291666666666667,0.5826822916666666,0.5794270833333334
0.05,0,P1,seen,__all__,clear,144,7,7,41,89,0.14583333333333334,0.5,0.22580645161290322,0.07291666666666667,0.5826822916666666,0.5809461805555556
0.05,0,B1,seen,__all__,vertical_mid,144,0,2,48,94,0.0,0.0,0.0,0.020833333333333332,0.5935329861111112,0.5935329861111112
0.05,0,B2,seen,__all__,vertical_mid,144,0,0,48,96,0.0,,0.0,0.0,0.62109375,0.62109375
0.05,0,B3,seen,__all__,vertical_mid,144,0,0,48,96,0.0,,0.0,0.0,0.62109375,0.580078125
0.05,0,P1,seen,__all__,vertical_mid,144,0,0,48,96,0.0,,0.0,0.0,0.62109375,0.6072048611111112
0.05,0,B1,seen,harsh,__all__,216,10,5,62,139,0.1388888888888889,0.6666666666666666,0.22988505747126436,0.034722222222222224,0.5917245370370371,0.5917245370370371
0.05,0,B2,seen,harsh,__all__,216,16,12,56,132,0.2222222222222222,0.5714285714285714,0.32,0.08333333333333333,0.6049382716049383,0.6049382716049383
0.05,0,B3,seen,harsh,__all__,216,12,5,60,139,0.16666666666666666,0.7058823529411765,0.2696629213483146,0.034722222222222224,0.6049382716049383,0.6049382716049383
0.05,0,P1,seen,harsh,__all__,216,13,6,59,138,0.18055555555555555,0.6842105263157895,0.2857142857142857,0.041666666666666664,0.6049382716049383,0.6042631172839507
0.05,0,B1,seen,harsh,central_furniture,72,5,1,19,47,0.20833333333333334,0.8333333333333334,0.3333333333333333,0.020833333333333332,0.6111111111111112,0.6111111111111112
0.05,0,B2,seen,harsh,central_furniture,72,7,4,17,44,0.2916666666666667,0.6363636363636364,0.4,0.08333333333333333,0.6197916666666666,0.6197916666666666
0.05,0,B3,seen,harsh,central_furniture,72,5,1,19,47,0.20833333333333334,0.8333333333333334,0.3333333333333333,0.020833333333333332,0.6197916666666666,0.6197916666666666
0.05,0,P1,seen,harsh,central_furniture,72,6,1,18,47,0.25,0.8571428571428571,0.3870967741935484,0.020833333333333332,0.6197916666666666,0.6197916666666666
0.05,0,B1,seen,harsh,clear,72,5,2,19,46,0.20833333333333334,0.7142857142857143,0.3225806451612903,0.041666666666666664,0.6076388888888888,0.6076388888888888
0.05,0,B2,seen,harsh,clear,72,9,8,15,40,0.375,0.5294117647058824,0.43902439024390244,0.16666666666666666,0.6423611111111112,0.6423611111111112
0.05,0,B3,seen,harsh,clear,72,7,4,17,44,0.2916666666666667,0.6363636363636364,0.4,0.08333333333333333,0.6423611111111112,0.6423611111111112
0.05,0,P1,seen,harsh,clear,72,7,5,17,43,0.2916666666666667,0.5833333333333334,0.3888888888888889,0.10416666666666667,0.6423611111111112,0.640625
0.05,0,B1,seen,harsh,vertical_mid,72,0,2,24,46,0.0,0.0,0.0,0.041666666666666664,0.6223958333333334,0.6223958333333334
0.05,0,B2,seen,harsh,vertical_mid,72,0,0,24,48,0.0,,0.0,0.0,0.6267361111111112,0.6267361111111112
0.05,0,B3,seen,harsh,vertical_mid,72,0,0,24,48,0.0,,0.0,0.0,0.6267361111111112,0.6267361111111112
0.05,0,P1,seen,harsh,vertical_mid,72,0,0,24,48,0.0,,0.0,0.0,0.6267361111111112,0.6258680555555556
0.05,0,B1,seen,standard,__all__,216,0,3,72,141,0.0,0.0,0.0,0.020833333333333332,0.5360725308641975,0.5360725308641975
0.05,0,B2,seen,standard,__all__,216,0,3,72,141,0.0,0.0,0.0,0.020833333333333332,0.5597029320987654,0.5597029320987654
0.05,0,B3,seen,standard,__all__,216,1,5,71,139,0.013888888888888888,0.16666666666666666,0.02564102564102564,0.034722222222222224,0.5597029320987654,0.5597029320987654
0.05,0,P1,seen,standard,__all__,216,0,2,72,142,0.0,0.0,0.0,0.013888888888888888,0.5597029320987654,0.5476466049382716
0.05,0,B1,seen,standard,central_furniture,72,0,0,24,48,0.0,,0.0,0.0,0.5217013888888888,0.5217013888888888
0.05,0,B2,seen,standard,central_furniture,72,0,1,24,47,0.0,0.0,0.0,0.020833333333333332,0.5572916666666666,0.5572916666666666
0.05,0,B3,seen,standard,central_furniture,72,0,2,24,46,0.0,0.0,0.0,0.041666666666666664,0.5572916666666666,0.5572916666666666
0.05,0,P1,seen,standard,central_furniture,72,0,0,24,48,0.0,,0.0,0.0,0.5572916666666666,0.5381944444444444
0.05,0,B1,seen,standard,clear,72,0,3,24,45,0.0,0.0,0.0,0.0625,0.5347222222222222,0.5347222222222222
0.05,0,B2,seen,standard,clear,72,0,2,24,46,0.0,0.0,0.0,0.041666666666666664,0.5373263888888888,0.5373263888888888
0.05,0,B3,seen,standard,clear,72,1,3,23,45,0.041666666666666664,0.25,0.07142857142857142,0.0625,0.5373263888888888,0.5373263888888888
0.05,0,P1,seen,standard,clear,72,0,2,24,46,0.0,0.0,0.0,0.041666666666666664,0.5373263888888888,0.5416666666666666
0.05,0,B1,seen,standard,vertical_mid,72,0,0,24,48,0.0,,0.0,0.0,0.5720486111111112,0.5720486111111112
0.05,0,B2,seen,standard,vertical_mid,72,0,0,24,48,0.0,,0.0,0.0,0.6241319444444444,0.6241319444444444
0.05,0,B3,seen,standard,vertical_mid,72,0,0,24,48,0.0,,0.0,0.0,0.6241319444444444,0.6241319444444444
0.05,0,P1,seen,standard,vertical_mid,72,0,0,24,48,0.0,,0.0,0.0,0.6241319444444444,0.5859375
0.05,0,B1,unseen,__all__,__all__,720,13,2,227,478,0.05416666666666667,0.8666666666666667,0.10196078431372549,0.004166666666666667,0.5428385416666667,0.5428385416666667
0.05,0,B2,unseen,__all__,__all__,720,17,16,223,464,0.07083333333333333,0.5151515151515151,0.12454212454212454,0.03333333333333333,0.5630381944444445,0.5630381944444445
0.05,0,B3,unseen,__all__,__all__,720,12,4,228,476,0.05,0.75,0.09375,0.008333333333333333,0.5630381944444445,0.5544010416666667
0.05,0,P1,unseen,__all__,__all__,720,13,3,227,477,0.05416666666666667,0.8125,0.1015625,0.00625,0.5630381944444445,0.5590798611111111
0.05,0,B1,unseen,__all__,horizontal_new,144,0,0,48,96,0.0,,0.0,0.0,0.5581597222222222,0.5581597222222222
0.05,0,B2,unseen,__all__,horizontal_new,144,0,0,48,96,0.0,,0.0,0.0,0.5538194444444444,0.5538194444444444
0.05,0,B3,unseen,__all__,horizontal_new,144,0,0,48,96,0.0,,0.0,0.0,0.5538194444444444,0.5360243055555556
0.05,0,P1,unseen,__all__,horizontal_new,144,0,0,48,96,0.0,,0.0,0.0,0.5538194444444444,0.5633680555555556
0.05,0,B1,unseen,__all__,low_new,144,4,0,44,96,0.08333333333333333,1.0,0.15384615384615385,0.0,0.5499131944444444,0.5499131944444444
0.05,0,B2,unseen,__all__,low_new,144,5,6,43,90,0.10416666666666667,0.45454545454545453,0.1694915254237288,0.0625,0.5740017361111112,0.5740017361111112
0.05,0,B3,unseen,__all__,low_new,144,4,1,44,95,0.08333333333333333,0.8,0.1509433962264151,0.010416666666666666,0.5740017361111112,0.568359375
0.05,0,P1,unseen,__all__,low_new,144,4,0,44,96,0.08333333333333333,1.0,0.15384615384615385,0.0,0.5740017361111112,0.576171875
0.05,0,B1,unseen,__all__,two_new,144,4,0,44,96,0.08333333333333333,1.0,0.15384615384615385,0.0,0.5405815972222222,0.5405815972222222
0.05,0,B2,unseen,__all__,two_new,144,6,3,42,93,0.125,0.6666666666666666,0.21052631578947367,0.03125,0.5685763888888888,0.5685763888888888
0.05,0,B3,unseen,__all__,two_new,144,4,1,44,95,0.08333333333333333,0.8,0.1509433962264151,0.010416666666666666,0.5685763888888888,0.5590277777777778
0.05,0,P1,unseen,__all__,two_new,144,4,1,44,95,0.08333333333333333,0.8,0.1509433962264151,0.010416666666666666,0.5685763888888888,0.5668402777777778
0.05,0,B1,unseen,__all__,vertical_new,144,0,0,48,96,0.0,,0.0,0.0,0.5922309027777778,0.5922309027777778
0.05,0,B2,unseen,__all__,vertical_new,144,0,0,48,96,0.0,,0.0,0.0,0.6184895833333334,0.6184895833333334
0.05,0,B3,unseen,__all__,vertical_new,144,0,0,48,96,0.0,,0.0,0.0,0.6184895833333334,0.5833333333333334
0.05,0,P1,unseen,__all__,vertical_new,144,0,0,48,96,0.0,,0.0,0.0,0.6184895833333334,0.6015625
0.05,0,B1,unseen,__all__,wide_new,144,5,2,43,94,0.10416666666666667,0.7142857142857143,0.18181818181818182,0.020833333333333332,0.5366753472222222,0.5366753472222222
0.05,0,B2,unseen,__all__,wide_new,144,6,7,42,89,0.125,0.46153846153846156,0.19672131147540983,0.07291666666666667,0.5514322916666666,0.5514322916666666
0.05,0,B3,unseen,__all__,wide_new,144,4,2,44,94,0.08333333333333333,0.6666666666666666,0.14814814814814814,0.020833333333333332,0.5514322916666666,0.5516493055555556
0.05,0,P1,unseen,__all__,wide_new,144,5,2,43,94,0.10416666666666667,0.7142857142857143,0.18181818181818182,0.020833333333333332,0.5514322916666666,0.5401475694444444
0.05,0,B1,unseen,harsh,__all__,360,13,2,107,238,0.10833333333333334,0.8666666666666667,0.1925925925925926,0.008333333333333333,0.5681597222222222,0.5681597222222222
0.05,0,B2,unseen,harsh,__all__,360,17,14,103,226,0.14166666666666666,0.5483870967741935,0.2251655629139073,0.058333333333333334,0.5792013888888888,0.5792013888888888
0.05,0,B3,unseen,harsh,__all__,360,12,1,108,239,0.1,0.9230769230769231,0.18045112781954886,0.004166666666666667,0.5792013888888888,0.5792013888888888
0.05,0,P1,unseen,harsh,__all__,360,13,3,107,237,0.10833333333333334,0.8125,0.19117647058823528,0.0125,0.5792013888888888,0.5771527777777777
0.05,0,B1,unseen,harsh,horizontal_new,72,0,0,24,48,0.0,,0.0,0.0,0.5625,0.5625
0.05,0,B2,unseen,harsh,horizontal_new,72,0,0,24,48,0.0,,0.0,0.0,0.5763888888888888,0.5763888888888888
0.05,0,B3,unseen,harsh,horizontal_new,72,0,0,24,48,0.0,,0.0,0.0,0.5763888888888888,0.5763888888888888
0.05,0,P1,unseen,harsh,horizontal_new,72,0,0,24,48,0.0,,0.0,0.0,0.5763888888888888,0.5616319444444444
0.05,0,B1,unseen,harsh,low_new,72,4,0,20,48,0.16666666666666666,1.0,0.2857142857142857,0.0,0.5842013888888888,0.5842013888888888
0.05,0,B2,unseen,harsh,low_new,72,5,5,19,43,0.20833333333333334,0.5,0.29411764705882354,0.10416666666666667,0.6171875,0.6171875
0.05,0,B3,unseen,harsh,low_new,72,4,0,20,48,0.16666666666666666,1.0,0.2857142857142857,0.0,0.6171875,0.6171875
0.05,0,P1,unseen,harsh,low_new,72,4,0,20,48,0.16666666666666666,1.0,0.2857142857142857,0.0,0.6171875,0.6171875
0.05,0,B1,unseen,harsh,two_new,72,4,0,20,48,0.16666666666666666,1.0,0.2857142857142857,0.0,0.5868055555555556,0.5868055555555556
0.05,0,B2,unseen,harsh,two_new,72,6,3,18,45,0.25,0.6666666666666666,0.36363636363636365,0.0625,0.6041666666666666,0.6041666666666666
0.05,0,B3,unseen,harsh,two_new,72,4,0,20,48,0.16666666666666666,1.0,0.2857142857142857,0.0,0.6041666666666666,0.6041666666666666
0.05,0,P1,unseen,harsh,two_new,72,4,1,20,47,0.16666666666666666,0.8,0.27586206896551724,0.020833333333333332,0.6041666666666666,0.6041666666666666
0.05,0,B1,unseen,harsh,vertical_new,72,0,0,24,48,0.0,,0.0,0.0,0.6293402777777778,0.6293402777777778
0.05,0,B2,unseen,harsh,vertical_new,72,0,0,24,48,0.0,,0.0,0.0,0.6354166666666666,0.6354166666666666
0.05,0,B3,unseen,harsh,vertical_new,72,0,0,24,48,0.0,,0.0,0.0,0.6354166666666666,0.6354166666666666
0.05,0,P1,unseen,harsh,vertical_new,72,0,0,24,48,0.0,,0.0,0.0,0.6354166666666666,0.6354166666666666
0.05,0,B1,unseen,harsh,wide_new,72,5,2,19,46,0.20833333333333334,0.7142857142857143,0.3225806451612903,0.041666666666666664,0.5859375,0.5859375
0.05,0,B2,unseen,harsh,wide_new,72,6,6,18,42,0.25,0.5,0.3333333333333333,0.125,0.5894097222222222,0.5894097222222222
0.05,0,B3,unseen,harsh,wide_new,72,4,1,20,47,0.16666666666666666,0.8,0.27586206896551724,0.020833333333333332,0.5894097222222222,0.5894097222222222
0.05,0,P1,unseen,harsh,wide_new,72,5,2,19,46,0.20833333333333334,0.7142857142857143,0.3225806451612903,0.041666666666666664,0.5894097222222222,0.5894097222222222
0.05,0,B1,unseen,standard,__all__,360,0,0,120,240,0.0,,0.0,0.0,0.5291319444444444,0.5291319444444444
0.05,0,B2,unseen,standard,__all__,360,0,2,120,238,0.0,0.0,0.0,0.008333333333333333,0.5604513888888889,0.5604513888888889
0.05,0,B3,unseen,standard,__all__,360,0,3,120,237,0.0,0.0,0.0,0.0125,0.5604513888888889,0.5604513888888889
0.05,0,P1,unseen,standard,__all__,360,0,0,120,240,0.0,,0.0,0.0,0.5604513888888889,0.5533680555555556
0.05,0,B1,unseen,standard,horizontal_new,72,0,0,24,48,0.0,,0.0,0.0,0.5746527777777778,0.5746527777777778
0.05,0,B2,unseen,standard,horizontal_new,72,0,0,24,48,0.0,,0.0,0.0,0.5503472222222222,0.5503472222222222
0.05,0,B3,unseen,standard,horizontal_new,72,0,0,24,48,0.0,,0.0,0.0,0.5503472222222222,0.5503472222222222
0.05,0,P1,unseen,standard,horizontal_new,72,0,0,24,48,0.0,,0.0,0.0,0.5503472222222222,0.5885416666666666
0.05,0,B1,unseen,standard,low_new,72,0,0,24,48,0.0,,0.0,0.0,0.5355902777777778,0.5355902777777778
0.05,0,B2,unseen,standard,low_new,72,0,1,24,47,0.0,0.0,0.0,0.020833333333333332,0.546875,0.546875
0.05,0,B3,unseen,standard,low_new,72,0,1,24,47,0.0,0.0,0.0,0.020833333333333332,0.546875,0.546875
0.05,0,P1,unseen,standard,low_new,72,0,0,24,48,0.0,,0.0,0.0,0.546875,0.5564236111111112
0.05,0,B1,unseen,standard,two_new,72,0,0,24,48,0.0,,0.0,0.0,0.5295138888888888,0.5295138888888888
0.05,0,B2,unseen,standard,two_new,72,0,0,24,48,0.0,,0.0,0.0,0.5590277777777778,0.5590277777777778
0.05,0,B3,unseen,standard,two_new,72,0,1,24,47,0.0,0.0,0.0,0.020833333333333332,0.5590277777777778,0.5590277777777778
0.05,0,P1,unseen,standard,two_new,72,0,0,24,48,0.0,,0.0,0.0,0.5590277777777778,0.5651041666666666
0.05,0,B1,unseen,standard,vertical_new,72,0,0,24,48,0.0,,0.0,0.0,0.5616319444444444,0.5616319444444444
0.05,0,B2,unseen,standard,vertical_new,72,0,0,24,48,0.0,,0.0,0.0,0.6154513888888888,0.6154513888888888
0.05,0,B3,unseen,standard,vertical_new,72,0,0,24,48,0.0,,0.0,0.0,0.6154513888888888,0.6154513888888888
0.05,0,P1,unseen,standard,vertical_new,72,0,0,24,48,0.0,,0.0,0.0,0.6154513888888888,0.5668402777777778
0.05,0,B1,unseen,standard,wide_new,72,0,0,24,48,0.0,,0.0,0.0,0.5034722222222222,0.5034722222222222
0.05,0,B2,unseen,standard,wide_new,72,0,1,24,47,0.0,0.0,0.0,0.020833333333333332,0.5434027777777778,0.5434027777777778
0.05,0,B3,unseen,standard,wide_new,72,0,1,24,47,0.0,0.0,0.0,0.020833333333333332,0.5434027777777778,0.5434027777777778
0.05,0,P1,unseen,standard,wide_new,72,0,0,24,48,0.0,,0.0,0.0,0.5434027777777778,0.5164930555555556
0.05,1,B1,all,__all__,__all__,1152,29,16,355,752,0.07552083333333333,0.6444444444444445,0.1351981351981352,0.020833333333333332,0.5993754069010416,0.5993754069010416
0.05,1,B2,all,__all__,__all__,1152,31,12,353,756,0.08072916666666667,0.7209302325581395,0.1451990632318501,0.015625,0.6574503580729166,0.6574503580729166
0.05,1,B3,all,__all__,__all__,1152,36,19,348,749,0.09375,0.6545454545454545,0.16400911161731208,0.024739583333333332,0.6574503580729166,0.6549343532986112
0.05,1,P1,all,__all__,__all__,1152,32,17,352,751,0.08333333333333333,0.6530612244897959,0.14780600461893764,0.022135416666666668,0.6574503580729166,0.6576809353298612
0.05,1,B1,seen,__all__,__all__,432,17,11,127,277,0.11805555555555555,0.6071428571428571,0.19767441860465115,0.03819444444444445,0.6284239969135802,0.6284239969135802
0.05,1,B2,seen,__all__,__all__,432,16,7,128,281,0.1111111111111111,0.6956521739130435,0.19161676646706588,0.024305555555555556,0.6843894675925926,0.6843894675925926
0.05,1,B3,seen,__all__,__all__,432,16,9,128,279,0.1111111111111111,0.64,0.1893491124260355,0.03125,0.6843894675925926,0.6829185956790124
0.05,1,P1,seen,__all__,__all__,432,16,9,128,279,0.1111111111111111,0.64,0.1893491124260355,0.03125,0.6843894675925926,0.6838107638888888
0.05,1,B1,seen,__all__,central_furniture,144,5,1,43,95,0.10416666666666667,0.8333333333333334,0.18518518518518517,0.010416666666666666,0.6161024305555556,0.6161024305555556
0.05,1,B2,seen,__all__,central_furniture,144,3,2,45,94,0.0625,0.6,0.11320754716981132,0.020833333333333332,0.6942274305555556,0.6942274305555556
0.05,1,B3,seen,__all__,central_furniture,144,3,2,45,94,0.0625,0.6,0.11320754716981132,0.020833333333333332,0.6942274305555556,0.6909722222222222
0.05,1,P1,seen,__all__,central_furniture,144,3,2,45,94,0.0625,0.6,0.11320754716981132,0.020833333333333332,0.6942274305555556,0.6918402777777778
0.05,1,B1,seen,__all__,clear,144,12,10,36,86,0.25,0.5454545454545454,0.34285714285714286,0.10416666666666667,0.646484375,0.646484375
0.05,1,B2,seen,__all__,clear,144,9,4,39,92,0.1875,0.6923076923076923,0.29508196721311475,0.041666666666666664,0.7157118055555556,0.7157118055555556
0.05,1,B3,seen,__all__,clear,144,9,5,39,91,0.1875,0.6428571428571429,0.2903225806451613,0.052083333333333336,0.7157118055555556,0.7163628472222222
0.05,1,P1,seen,__all__,clear,144,9,5,39,91,0.1875,0.6428571428571429,0.2903225806451613,0.052083333333333336,0.7157118055555556,0.7163628472222222
0.05,1,B1,seen,__all__,vertical_mid,144,0,0,48,96,0.0,,0.0,0.0,0.6668836805555556,0.6668836805555556
0.05,1,B2,seen,__all__,vertical_mid,144,4,1,44,95,0.08333333333333333,0.8,0.1509433962264151,0.010416666666666666,0.6681857638888888,0.6681857638888888
0.05,1,B3,seen,__all__,vertical_mid,144,4,2,44,94,0.08333333333333333,0.6666666666666666,0.14814814814814814,0.020833333333333332,0.6681857638888888,0.6647135416666666
0.05,1,P1,seen,__all__,vertical_mid,144,4,2,44,94,0.08333333333333333,0.6666666666666666,0.14814814814814814,0.020833333333333332,0.6681857638888888,0.6694878472222222
0.05,1,B1,seen,harsh,__all__,216,15,10,57,134,0.20833333333333334,0.6,0.30927835051546393,0.06944444444444445,0.6380208333333334,0.6380208333333334
0.05,1,B2,seen,harsh,__all__,216,14,3,58,141,0.19444444444444445,0.8235294117647058,0.3146067415730337,0.020833333333333332,0.7622492283950617,0.7622492283950617
0.05,1,B3,seen,harsh,__all__,216,14,3,58,141,0.19444444444444445,0.8235294117647058,0.3146067415730337,0.020833333333333332,0.7622492283950617,0.7622492283950617
0.05,1,P1,seen,harsh,__all__,216,14,3,58,141,0.19444444444444445,0.8235294117647058,0.3146067415730337,0.020833333333333332,0.7622492283950617,0.7615740740740741
0.05,1,B1,seen,harsh,central_furniture,72,5,1,19,47,0.20833333333333334,0.8333333333333334,0.3333333333333333,0.020833333333333332,0.6319444444444444,0.6319444444444444
0.05,1,B2,seen,harsh,central_furniture,72,3,1,21,47,0.125,0.75,0.21428571428571427,0.020833333333333332,0.7769097222222222,0.7769097222222222
0.05,1,B3,seen,harsh,central_furniture,72,3,1,21,47,0.125,0.75,0.21428571428571427,0.020833333333333332,0.7769097222222222,0.7769097222222222
0.05,1,P1,seen,harsh,central_furniture,72,3,1,21,47,0.125,0.75,0.21428571428571427,0.020833333333333332,0.7769097222222222,0.7769097222222222
0.05,1,B1,seen,harsh,clear,72,10,9,14,39,0.4166666666666667,0.5263157894736842,0.46511627906976744,0.1875,0.6692708333333334,0.6692708333333334
0.05,1,B2,seen,harsh,clear,72,8,2,16,46,0.3333333333333333,0.8,0.47058823529411764,0.041666666666666664,0.8020833333333334,0.8020833333333334
0.05,1,B3,seen,harsh,clear,72,8,2,16,46,0.3333333333333333,0.8,0.47058823529411764,0.041666666666666664,0.8020833333333334,0.8020833333333334
0.05,1,P1,seen,harsh,clear,72,8,2,16,46,0.3333333333333333,0.8,0.47058823529411764,0.041666666666666664,0.8020833333333334,0.8012152777777778
0.05,1,B1,seen,harsh,vertical_mid,72,0,0,24,48,0.0,,0.0,0.0,0.6970486111111112,0.6970486111111112
0.05,1,B2,seen,harsh,vertical_mid,72,3,0,21,48,0.125,1.0,0.2222222222222222,0.0,0.7447916666666666,0.7447916666666666
0.05,1,B3,seen,harsh,vertical_mid,72,3,0,21,48,0.125,1.0,0.2222222222222222,0.0,0.7447916666666666,0.7447916666666666
0.05,1,P1,seen,harsh,vertical_mid,72,3,0,21,48,0.125,1.0,0.2222222222222222,0.0,0.7447916666666666,0.7439236111111112
0.05,1,B1,seen,standard,__all__,216,2,1,70,143,0.027777777777777776,0.6666666666666666,0.05333333333333334,0.006944444444444444,0.6311728395061729,0.6311728395061729
0.05,1,B2,seen,standard,__all__,216,2,4,70,140,0.027777777777777776,0.3333333333333333,0.05128205128205128,0.027777777777777776,0.5929783950617284,0.5929783950617284
0.05,1,B3,seen,standard,__all__,216,2,6,70,138,0.027777777777777776,0.25,0.05,0.041666666666666664,0.5929783950617284,0.5929783950617284
0.05,1,P1,seen,standard,__all__,216,2,6,70,138,0.027777777777777776,0.25,0.05,0.041666666666666664,0.5929783950617284,0.5933641975308642
0.05,1,B1,seen,standard,central_furniture,72,0,0,24,48,0.0,,0.0,0.0,0.6302083333333334,0.6302083333333334
0.05,1,B2,seen,standard,central_furniture,72,0,1,24,47,0.0,0.0,0.0,0.020833333333333332,0.5980902777777778,0.5980902777777778
0.05,1,B3,seen,standard,central_furniture,72,0,1,24,47,0.0,0.0,0.0,0.020833333333333332,0.5980902777777778,0.5980902777777778
0.05,1,P1,seen,standard,central_furniture,72,0,1,24,47,0.0,0.0,0.0,0.020833333333333332,0.5980902777777778,0.5946180555555556
0.05,1,B1,seen,standard,clear,72,2,1,22,47,0.08333333333333333,0.6666666666666666,0.14814814814814814,0.020833333333333332,0.6588541666666666,0.6588541666666666
0.05,1,B2,seen,standard,clear,72,1,2,23,46,0.041666666666666664,0.3333333333333333,0.07407407407407407,0.041666666666666664,0.6163194444444444,0.6163194444444444
0.05,1,B3,seen,standard,clear,72,1,3,23,45,0.041666666666666664,0.25,0.07142857142857142,0.0625,0.6163194444444444,0.6163194444444444
0.05,1,P1,seen,standard,clear,72,1,3,23,45,0.041666666666666664,0.25,0.07142857142857142,0.0625,0.6163194444444444,0.6180555555555556
0.05,1,B1,seen,standard,vertical_mid,72,0,0,24,48,0.0,,0.0,0.0,0.6380208333333334,0.6380208333333334
0.05,1,B2,seen,standard,vertical_mid,72,1,1,23,47,0.041666666666666664,0.5,0.07692307692307693,0.020833333333333332,0.5850694444444444,0.5850694444444444
0.05,1,B3,seen,standard,vertical_mid,72,1,2,23,46,0.041666666666666664,0.3333333333333333,0.07407407407407407,0.041666666666666664,0.5850694444444444,0.5850694444444444
0.05,1,P1,seen,standard,vertical_mid,72,1,2,23,46,0.041666666666666664,0.3333333333333333,0.07407407407407407,0.041666666666666664,0.5850694444444444,0.5928819444444444
0.05,1,B1,unseen,__all__,__all__,720,12,5,228,475,0.05,0.7058823529411765,0.0933852140077821,0.010416666666666666,0.5821267361111111,0.5821267361111111
0.05,1,B2,unseen,__all__,__all__,720,15,5,225,475,0.0625,0.75,0.11538461538461539,0.010416666666666666,0.6406336805555556,0.6406336805555556
0.05,1,B3,unseen,__all__,__all__,720,20,10,220,470,0.08333333333333333,0.6666666666666666,0.14814814814814814,0.020833333333333332,0.6406336805555556,0.6376822916666667
0.05,1,P1,unseen,__all__,__all__,720,16,8,224,472,0.06666666666666667,0.6666666666666666,0.12121212121212122,0.016666666666666666,0.6406336805555556,0.6414236111111111
0.05,1,B1,unseen,__all__,horizontal_new,144,0,0,48,96,0.0,,0.0,0.0,0.5642361111111112,0.5642361111111112
0.05,1,B2,unseen,__all__,horizontal_new,144,1,0,47,96,0.020833333333333332,1.0,0.04081632653061224,0.0,0.6039496527777778,0.6039496527777778
0.05,1,B3,unseen,__all__,horizontal_new,144,4,1,44,95,0.08333333333333333,0.8,0.1509433962264151,0.010416666666666666,0.6039496527777778,0.5922309027777778
0.05,1,P1,unseen,__all__,horizontal_new,144,2,1,46,95,0.041666666666666664,0.6666666666666666,0.0784313725490196,0.010416666666666666,0.6039496527777778,0.6095920138888888
0.05,1,B1,unseen,__all__,low_new,144,7,4,41,92,0.14583333333333334,0.6363636363636364,0.23728813559322035,0.041666666666666664,0.6241319444444444,0.6241319444444444
0.05,1,B2,unseen,__all__,low_new,144,5,2,43,94,0.10416666666666667,0.7142857142857143,0.18181818181818182,0.020833333333333332,0.6968315972222222,0.6968315972222222
0.05,1,B3,unseen,__all__,low_new,144,6,3,42,93,0.125,0.6666666666666666,0.21052631578947367,0.03125,0.6968315972222222,0.69140625
0.05,1,P1,unseen,__all__,low_new,144,5,2,43,94,0.10416666666666667,0.7142857142857143,0.18181818181818182,0.020833333333333332,0.6968315972222222,0.6966145833333334
0.05,1,B1,unseen,__all__,two_new,144,3,1,45,95,0.0625,0.75,0.11538461538461539,0.010416666666666666,0.5733506944444444,0.5733506944444444
0.05,1,B2,unseen,__all__,two_new,144,3,0,45,96,0.0625,1.0,0.11764705882352941,0.0,0.6486545138888888,0.6486545138888888
0.05,1,B3,unseen,__all__,two_new,144,3,0,45,96,0.0625,1.0,0.11764705882352941,0.0,0.6486545138888888,0.6467013888888888
0.05,1,P1,unseen,__all__,two_new,144,3,0,45,96,0.0625,1.0,0.11764705882352941,0.0,0.6486545138888888,0.6495225694444444
0.05,1,B1,unseen,__all__,vertical_new,144,0,0,48,96,0.0,,0.0,0.0,0.6356336805555556,0.6356336805555556
0.05,1,B2,unseen,__all__,vertical_new,144,2,1,46,95,0.041666666666666664,0.6666666666666666,0.0784313725490196,0.010416666666666666,0.6514756944444444,0.6514756944444444
0.05,1,B3,unseen,__all__,vertical_new,144,2,2,46,94,0.041666666666666664,0.5,0.07692307692307693,0.020833333333333332,0.6514756944444444,0.6514756944444444
0.05,1,P1,unseen,__all__,vertical_new,144,2,2,46,94,0.041666666666666664,0.5,0.07692307692307693,0.020833333333333332,0.6514756944444444,0.6540798611111112
0.05,1,B1,unseen,__all__,wide_new,144,2,0,46,96,0.041666666666666664,1.0,0.08,0.0,0.564453125,0.564453125
0.05,1,B2,unseen,__all__,wide_new,144,4,2,44,94,0.08333333333333333,0.6666666666666666,0.14814814814814814,0.020833333333333332,0.6338975694444444,0.6338975694444444
0.05,1,B3,unseen,__all__,wide_new,144,5,4,43,92,0.10416666666666667,0.5555555555555556,0.17543859649122806,0.041666666666666664,0.6338975694444444,0.6291232638888888
0.05,1,P1,unseen,__all__,wide_new,144,4,3,44,93,0.08333333333333333,0.5714285714285714,0.14545454545454545,0.03125,0.6338975694444444,0.6304253472222222
0.05,1,B1,unseen,harsh,__all__,360,12,5,108,235,0.1,0.7058823529411765,0.17518248175182483,0.020833333333333332,0.5790625,0.5790625
0.05,1,B2,unseen,harsh,__all__,360,15,1,105,239,0.125,0.9375,0.22058823529411764,0.004166666666666667,0.7053125,0.7053125
0.05,1,B3,unseen,harsh,__all__,360,15,1,105,239,0.125,0.9375,0.22058823529411764,0.004166666666666667,0.7053125,0.7053125
0.05,1,P1,unseen,harsh,__all__,360,15,1,105,239,0.125,0.9375,0.22058823529411764,0.004166666666666667,0.7053125,0.7051041666666666
0.05,1,B1,unseen,harsh,horizontal_new,72,0,0,24,48,0.0,,0.0,0.0,0.5486111111111112,0.5486111111111112
0.05,1,B2,unseen,harsh,horizontal_new,72,1,0,23,48,0.041666666666666664,1.0,0.08,0.0,0.6657986111111112,0.6657986111111112
0.05,1,B3,unseen,harsh,horizontal_new,72,1,0,23,48,0.041666666666666664,1.0,0.08,0.0,0.6657986111111112,0.6657986111111112
0.05,1,P1,unseen,harsh,horizontal_new,72,1,0,23,48,0.041666666666666664,1.0,0.08,0.0,0.6657986111111112,0.6640625
0.05,1,B1,unseen,harsh,low_new,72,7,4,17,44,0.2916666666666667,0.6363636363636364,0.4,0.08333333333333333,0.6180555555555556,0.6180555555555556
0.05,1,B2,unseen,harsh,low_new,72,5,1,19,47,0.20833333333333334,0.8333333333333334,0.3333333333333333,0.020833333333333332,0.7552083333333334,0.7552083333333334
0.05,1,B3,unseen,harsh,low_new,72,5,1,19,47,0.20833333333333334,0.8333333333333334,0.3333333333333333,0.020833333333333332,0.7552083333333334,0.7552083333333334
0.05,1,P1,unseen,harsh,low_new,72,5,1,19,47,0.20833333333333334,0.8333333333333334,0.3333333333333333,0.020833333333333332,0.7552083333333334,0.7552083333333334
0.05,1,B1,unseen,harsh,two_new,72,3,1,21,47,0.125,0.75,0.21428571428571427,0.020833333333333332,0.5737847222222222,0.5737847222222222
0.05,1,B2,unseen,harsh,two_new,72,3,0,21,48,0.125,1.0,0.2222222222222222,0.0,0.7170138888888888,0.7170138888888888
0.05,1,B3,unseen,harsh,two_new,72,3,0,21,48,0.125,1.0,0.2222222222222222,0.0,0.7170138888888888,0.7170138888888888
0.05,1,P1,unseen,harsh,two_new,72,3,0,21,48,0.125,1.0,0.2222222222222222,0.0,0.7170138888888888,0.7170138888888888
0.05,1,B1,unseen,harsh,vertical_new,72,0,0,24,48,0.0,,0.0,0.0,0.6840277777777778,0.6840277777777778
0.05,1,B2,unseen,harsh,vertical_new,72,2,0,22,48,0.08333333333333333,1.0,0.15384615384615385,0.0,0.7222222222222222,0.7222222222222222
0.05,1,B3,unseen,harsh,vertical_new,72,2,0,22,48,0.08333333333333333,1.0,0.15384615384615385,0.0,0.7222222222222222,0.7222222222222222
0.05,1,P1,unseen,harsh,vertical_new,72,2,0,22,48,0.08333333333333333,1.0,0.15384615384615385,0.0,0.7222222222222222,0.7222222222222222
0.05,1,B1,unseen,harsh,wide_new,72,2,0,22,48,0.08333333333333333,1.0,0.15384615384615385,0.0,0.5807291666666666,0.5807291666666666
0.05,1,B2,unseen,harsh,wide_new,72,4,0,20,48,0.16666666666666666,1.0,0.2857142857142857,0.0,0.7100694444444444,0.7100694444444444
0.05,1,B3,unseen,harsh,wide_new,72,4,0,20,48,0.16666666666666666,1.0,0.2857142857142857,0.0,0.7100694444444444,0.7100694444444444
0.05,1,P1,unseen,harsh,wide_new,72,4,0,20,48,0.16666666666666666,1.0,0.2857142857142857,0.0,0.7100694444444444,0.7100694444444444
0.05,1,B1,unseen,standard,__all__,360,0,0,120,240,0.0,,0.0,0.0,0.6028472222222222,0.6028472222222222
0.05,1,B2,unseen,standard,__all__,360,0,4,120,236,0.0,0.0,0.0,0.016666666666666666,0.5617708333333333,0.5617708333333333
0.05,1,B3,unseen,standard,__all__,360,5,9,115,231,0.041666666666666664,0.35714285714285715,0.07462686567164178,0.0375,0.5617708333333333,0.5617708333333333
0.05,1,P1,unseen,standard,__all__,360,1,7,119,233,0.008333333333333333,0.125,0.015625,0.029166666666666667,0.5617708333333333,0.5649305555555556
0.05,1,B1,unseen,standard,horizontal_new,72,0,0,24,48,0.0,,0.0,0.0,0.5989583333333334,0.5989583333333334
0.05,1,B2,unseen,standard,horizontal_new,72,0,0,24,48,0.0,,0.0,0.0,0.5364583333333334,0.5364583333333334
0.05,1,B3,unseen,standard,horizontal_new,72,3,1,21,47,0.125,0.75,0.21428571428571427,0.020833333333333332,0.5364583333333334,0.5364583333333334
0.05,1,P1,unseen,standard,horizontal_new,72,1,1,23,47,0.041666666666666664,0.5,0.07692307692307693,0.020833333333333332,0.5364583333333334,0.5494791666666666
0.05,1,B1,unseen,standard,low_new,72,0,0,24,48,0.0,,0.0,0.0,0.6701388888888888,0.6701388888888888
0.05,1,B2,unseen,standard,low_new,72,0,1,24,47,0.0,0.0,0.0,0.020833333333333332,0.6189236111111112,0.6189236111111112
0.05,1,B3,unseen,standard,low_new,72,1,2,23,46,0.041666666666666664,0.3333333333333333,0.07407407407407407,0.041666666666666664,0.6189236111111112,0.6189236111111112
0.05,1,P1,unseen,standard,low_new,72,0,1,24,47,0.0,0.0,0.0,0.020833333333333332,0.6189236111111112,0.625
0.05,1,B1,unseen,standard,two_new,72,0,0,24,48,0.0,,0.0,0.0,0.6128472222222222,0.6128472222222222
0.05,1,B2,unseen,standard,two_new,72,0,0,24,48,0.0,,0.0,0.0,0.5651041666666666,0.5651041666666666
0.05,1,B3,unseen,standard,two_new,72,0,0,24,48,0.0,,0.0,0.0,0.5651041666666666,0.5651041666666666
0.05,1,P1,unseen,standard,two_new,72,0,0,24,48,0.0,,0.0,0.0,0.5651041666666666,0.5659722222222222
0.05,1,B1,unseen,standard,vertical_new,72,0,0,24,48,0.0,,0.0,0.0,0.5868055555555556,0.5868055555555556
0.05,1,B2,unseen,standard,vertical_new,72,0,1,24,47,0.0,0.0,0.0,0.020833333333333332,0.5711805555555556,0.5711805555555556
0.05,1,B3,unseen,standard,vertical_new,72,0,2,24,46,0.0,0.0,0.0,0.041666666666666664,0.5711805555555556,0.5711805555555556
0.05,1,P1,unseen,standard,vertical_new,72,0,2,24,46,0.0,0.0,0.0,0.041666666666666664,0.5711805555555556,0.5798611111111112
0.05,1,B1,unseen,standard,wide_new,72,0,0,24,48,0.0,,0.0,0.0,0.5711805555555556,0.5711805555555556
0.05,1,B2,unseen,standard,wide_new,72,0,2,24,46,0.0,0.0,0.0,0.041666666666666664,0.5460069444444444,0.5460069444444444
0.05,1,B3,unseen,standard,wide_new,72,1,4,23,44,0.041666666666666664,0.2,0.06896551724137931,0.08333333333333333,0.5460069444444444,0.5460069444444444
0.05,1,P1,unseen,standard,wide_new,72,0,3,24,45,0.0,0.0,0.0,0.0625,0.5460069444444444,0.5425347222222222
0.05,2,B1,all,__all__,__all__,1152,45,28,339,740,0.1171875,0.6164383561643836,0.19693654266958424,0.036458333333333336,0.7125684950086806,0.7125684950086806
0.05,2,B2,all,__all__,__all__,1152,25,31,359,737,0.06510416666666667,0.44642857142857145,0.11363636363636363,0.040364583333333336,0.5221405029296875,0.5221405029296875
0.05,2,B3,all,__all__,__all__,1152,24,23,360,745,0.0625,0.5106382978723404,0.11136890951276102,0.029947916666666668,0.5221405029296875,0.526123046875
0.05,2,P1,all,__all__,__all__,1152,23,17,361,751,0.059895833333333336,0.575,0.10849056603773585,0.022135416666666668,0.5221405029296875,0.5246005588107638
0.05,2,B1,seen,__all__,__all__,432,23,15,121,273,0.1597222222222222,0.6052631578947368,0.25274725274725274,0.052083333333333336,0.7331211419753086,0.7331211419753086
0.05,2,B2,seen,__all__,__all__,432,12,17,132,271,0.08333333333333333,0.41379310344827586,0.13872832369942195,0.059027777777777776,0.5237750771604939,0.5237750771604939
0.05,2,B3,seen,__all__,__all__,432,13,15,131,273,0.09027777777777778,0.4642857142857143,0.1511627906976744,0.052083333333333336,0.5237750771604939,0.5310812114197531
0.05,2,P1,seen,__all__,__all__,432,11,12,133,276,0.0763888888888889,0.4782608695652174,0.1317365269461078,0.041666666666666664,0.5237750771604939,0.5198929398148148
0.05,2,B1,seen,__all__,central_furniture,144,7,4,41,92,0.14583333333333334,0.6363636363636364,0.23728813559322035,0.041666666666666664,0.7369791666666666,0.7369791666666666
0.05,2,B2,seen,__all__,central_furniture,144,5,7,43,89,0.10416666666666667,0.4166666666666667,0.16666666666666666,0.07291666666666667,0.5160590277777778,0.5160590277777778
0.05,2,B3,seen,__all__,central_furniture,144,4,6,44,90,0.08333333333333333,0.4,0.13793103448275862,0.0625,0.5160590277777778,0.5394965277777778
0.05,2,P1,seen,__all__,central_furniture,144,4,2,44,94,0.08333333333333333,0.6666666666666666,0.14814814814814814,0.020833333333333332,0.5160590277777778,0.5256076388888888
0.05,2,B1,seen,__all__,clear,144,16,10,32,86,0.3333333333333333,0.6153846153846154,0.43243243243243246,0.10416666666666667,0.7486979166666666,0.7486979166666666
0.05,2,B2,seen,__all__,clear,144,7,10,41,86,0.14583333333333334,0.4117647058823529,0.2153846153846154,0.10416666666666667,0.5210503472222222,0.5210503472222222
0.05,2,B3,seen,__all__,clear,144,9,9,39,87,0.1875,0.5,0.2727272727272727,0.09375,0.5210503472222222,0.5540364583333334
0.05,2,P1,seen,__all__,clear,144,7,9,41,87,0.14583333333333334,0.4375,0.21875,0.09375,0.5210503472222222,0.5555555555555556
0.05,2,B1,seen,__all__,vertical_mid,144,0,1,48,95,0.0,0.0,0.0,0.010416666666666666,0.7376302083333334,0.7376302083333334
0.05,2,B2,seen,__all__,vertical_mid,144,0,0,48,96,0.0,,0.0,0.0,0.5881076388888888,0.5881076388888888
0.05,2,B3,seen,__all__,vertical_mid,144,0,0,48,96,0.0,,0.0,0.0,0.5881076388888888,0.5336371527777778
0.05,2,P1,seen,__all__,vertical_mid,144,0,1,48,95,0.0,0.0,0.0,0.010416666666666666,0.5881076388888888,0.5347222222222222
0.05,2,B1,seen,harsh,__all__,216,20,14,52,130,0.2777777777777778,0.5882352941176471,0.37735849056603776,0.09722222222222222,0.7771026234567902,0.7771026234567902
0.05,2,B2,seen,harsh,__all__,216,12,17,60,127,0.16666666666666666,0.41379310344827586,0.2376237623762376,0.11805555555555555,0.5339506172839507,0.5339506172839507
0.05,2,B3,seen,harsh,__all__,216,11,7,61,137,0.1527777777777778,0.6111111111111112,0.24444444444444444,0.04861111111111111,0.5339506172839507,0.5339506172839507
0.05,2,P1,seen,harsh,__all__,216,11,9,61,135,0.1527777777777778,0.55,0.2391304347826087,0.0625,0.5339506172839507,0.5315393518518519
0.05,2,B1,seen,harsh,central_furniture,72,7,4,17,44,0.2916666666666667,0.6363636363636364,0.4,0.08333333333333333,0.7760416666666666,0.7760416666666666
0.05,2,B2,seen,harsh,central_furniture,72,5,7,19,41,0.20833333333333334,0.4166666666666667,0.2777777777777778,0.14583333333333334,0.5442708333333334,0.5442708333333334
0.05,2,B3,seen,harsh,central_furniture,72,4,2,20,46,0.16666666666666666,0.6666666666666666,0.26666666666666666,0.041666666666666664,0.5442708333333334,0.5442708333333334
0.05,2,P1,seen,harsh,central_furniture,72,4,2,20,46,0.16666666666666666,0.6666666666666666,0.26666666666666666,0.041666666666666664,0.5442708333333334,0.5442708333333334
0.05,2,B1,seen,harsh,clear,72,13,9,11,39,0.5416666666666666,0.5909090909090909,0.5652173913043478,0.1875,0.8133680555555556,0.8133680555555556
0.05,2,B2,seen,harsh,clear,72,7,10,17,38,0.2916666666666667,0.4117647058823529,0.34146341463414637,0.20833333333333334,0.5616319444444444,0.5616319444444444
0.05,2,B3,seen,harsh,clear,72,7,5,17,43,0.2916666666666667,0.5833333333333334,0.3888888888888889,0.10416666666666667,0.5616319444444444,0.5616319444444444
0.05,2,P1,seen,harsh,clear,72,7,6,17,42,0.2916666666666667,0.5384615384615384,0.3783783783783784,0.125,0.5616319444444444,0.5555555555555556
0.05,2,B1,seen,harsh,vertical_mid,72,0,1,24,47,0.0,0.0,0.0,0.020833333333333332,0.7699652777777778,0.7699652777777778
0.05,2,B2,seen,harsh,vertical_mid,72,0,0,24,48,0.0,,0.0,0.0,0.6371527777777778,0.6371527777777778
0.05,2,B3,seen,harsh,vertical_mid,72,0,0,24,48,0.0,,0.0,0.0,0.6371527777777778,0.6371527777777778
0.05,2,P1,seen,harsh,vertical_mid,72,0,1,24,47,0.0,0.0,0.0,0.020833333333333332,0.6371527777777778,0.6371527777777778
0.05,2,B1,seen,standard,__all__,216,3,1,69,143,0.041666666666666664,0.75,0.07894736842105263,0.006944444444444444,0.6858603395061729,0.6858603395061729
0.05,2,B2,seen,standard,__all__,216,0,0,72,144,0.0,,0.0,0.0,0.5439814814814815,0.5439814814814815
0.05,2,B3,seen,standard,__all__,216,2,8,70,136,0.027777777777777776,0.2,0.04878048780487805,0.05555555555555555,0.5439814814814815,0.5439814814814815
0.05,2,P1,seen,standard,__all__,216,0,3,72,141,0.0,0.0,0.0,0.020833333333333332,0.5439814814814815,0.5020254629629629
0.05,2,B1,seen,standard,central_furniture,72,0,0,24,48,0.0,,0.0,0.0,0.6979166666666666,0.6979166666666666
0.05,2,B2,seen,standard,central_furniture,72,0,0,24,48,0.0,,0.0,0.0,0.5442708333333334,0.5442708333333334
0.05,2,B3,seen,standard,central_furniture,72,0,4,24,44,0.0,0.0,0.0,0.08333333333333333,0.5442708333333334,0.5442708333333334
0.05,2,P1,seen,standard,central_furniture,72,0,0,24,48,0.0,,0.0,0.0,0.5442708333333334,0.4739583333333333
0.05,2,B1,seen,standard,clear,72,3,1,21,47,0.125,0.75,0.21428571428571427,0.020833333333333332,0.6744791666666666,0.6744791666666666
0.05,2,B2,seen,standard,clear,72,0,0,24,48,0.0,,0.0,0.0,0.5416666666666666,0.5416666666666666
0.05,2,B3,seen,standard,clear,72,2,4,22,44,0.08333333333333333,0.3333333333333333,0.13333333333333333,0.08333333333333333,0.5416666666666666,0.5416666666666666
0.05,2,P1,seen,standard,clear,72,0,3,24,45,0.0,0.0,0.0,0.0625,0.5416666666666666,0.5451388888888888
0.05,2,B1,seen,standard,vertical_mid,72,0,0,24,48,0.0,,0.0,0.0,0.7092013888888888,0.7092013888888888
0.05,2,B2,seen,standard,vertical_mid,72,0,0,24,48,0.0,,0.0,0.0,0.5390625,0.5390625
0.05,2,B3,seen,standard,vertical_mid,72,0,0,24,48,0.0,,0.0,0.0,0.5390625,0.5390625
0.05,2,P1,seen,standard,vertical_mid,72,0,0,24,48,0.0,,0.0,0.0,0.5390625,0.4713541666666667
0.05,2,B1,unseen,__all__,__all__,720,22,13,218,467,0.09166666666666666,0.6285714285714286,0.16,0.027083333333333334,0.7018055555555556,0.7018055555555556
0.05,2,B2,unseen,__all__,__all__,720,13,14,227,466,0.05416666666666667,0.48148148148148145,0.09737827715355805,0.029166666666666667,0.5215798611111111,0.5215798611111111
0.05,2,B3,unseen,__all__,__all__,720,11,8,229,472,0.04583333333333333,0.5789473684210527,0.08494208494208494,0.016666666666666666,0.5215798611111111,0.5230208333333334
0.05,2,P1,unseen,__all__,__all__,720,12,5,228,475,0.05,0.7058823529411765,0.0933852140077821,0.010416666666666666,0.5215798611111111,0.5287065972222222
0.05,2,B1,unseen,__all__,horizontal_new,144,1,0,47,96,0.020833333333333332,1.0,0.04081632653061224,0.0,0.7404513888888888,0.7404513888888888
0.05,2,B2,unseen,__all__,horizontal_new,144,0,0,48,96,0.0,,0.0,0.0,0.5355902777777778,0.5355902777777778
0.05,2,B3,unseen,__all__,horizontal_new,144,0,0,48,96,0.0,,0.0,0.0,0.5355902777777778,0.5238715277777778
0.05,2,P1,unseen,__all__,horizontal_new,144,0,0,48,96,0.0,,0.0,0.0,0.5355902777777778,0.5627170138888888
0.05,2,B1,unseen,__all__,low_new,144,12,6,36,90,0.25,0.6666666666666666,0.36363636363636365,0.0625,0.7326388888888888,0.7326388888888888
0.05,2,B2,unseen,__all__,low_new,144,5,6,43,90,0.10416666666666667,0.45454545454545453,0.1694915254237288,0.0625,0.5210503472222222,0.5210503472222222
0.05,2,B3,unseen,__all__,low_new,144,4,5,44,91,0.08333333333333333,0.4444444444444444,0.14035087719298245,0.052083333333333336,0.5210503472222222,0.5423177083333334
0.05,2,P1,unseen,__all__,low_new,144,4,3,44,93,0.08333333333333333,0.5714285714285714,0.14545454545454545,0.03125,0.5210503472222222,0.5635850694444444
0.05,2,B1,unseen,__all__,two_new,144,5,3,43,93,0.10416666666666667,0.625,0.17857142857142858,0.03125,0.6859809027777778,0.6859809027777778
0.05,2,B2,unseen,__all__,two_new,144,4,4,44,92,0.08333333333333333,0.5,0.14285714285714285,0.041666666666666664,0.5162760416666666,0.5162760416666666
0.05,2,B3,unseen,__all__,two_new,144,4,2,44,94,0.08333333333333333,0.6666666666666666,0.14814814814814814,0.020833333333333332,0.5162760416666666,0.5329861111111112
0.05,2,P1,unseen,__all__,two_new,144,4,1,44,95,0.08333333333333333,0.8,0.1509433962264151,0.010416666666666666,0.5162760416666666,0.5494791666666666
0.05,2,B1,unseen,__all__,vertical_new,144,0,0,48,96,0.0,,0.0,0.0,0.7178819444444444,0.7178819444444444
0.05,2,B2,unseen,__all__,vertical_new,144,0,0,48,96,0.0,,0.0,0.0,0.5794270833333334,0.5794270833333334
0.05,2,B3,unseen,__all__,vertical_new,144,0,0,48,96,0.0,,0.0,0.0,0.5794270833333334,0.5305989583333334
0.05,2,P1,unseen,__all__,vertical_new,144,0,0,48,96,0.0,,0.0,0.0,0.5794270833333334,0.5269097222222222
0.05,2,B1,unseen,__all__,wide_new,144,4,4,44,92,0.08333333333333333,0.5,0.14285714285714285,0.041666666666666664,0.6551649305555556,0.6551649305555556
0.05,2,B2,unseen,__all__,wide_new,144,4,4,44,92,0.08333333333333333,0.5,0.14285714285714285,0.041666666666666664,0.5130208333333334,0.5130208333333334
0.05,2,B3,unseen,__all__,wide_new,144,3,1,45,95,0.0625,0.75,0.11538461538461539,0.010416666666666666,0.5130208333333334,0.5290798611111112
0.05,2,P1,unseen,__all__,wide_new,144,4,1,44,95,0.08333333333333333,0.8,0.1509433962264151,0.010416666666666666,0.5130208333333334,0.5104166666666666
0.05,2,B1,unseen,harsh,__all__,360,20,13,100,227,0.16666666666666666,0.6060606060606061,0.26143790849673204,0.05416666666666667,0.7207291666666666,0.7207291666666666
0.05,2,B2,unseen,harsh,__all__,360,13,14,107,226,0.10833333333333334,0.48148148148148145,0.17687074829931973,0.058333333333333334,0.5195486111111111,0.5195486111111111
0.05,2,B3,unseen,harsh,__all__,360,11,5,109,235,0.09166666666666666,0.6875,0.16176470588235295,0.020833333333333332,0.5195486111111111,0.5195486111111111
0.05,2,P1,unseen,harsh,__all__,360,12,5,108,235,0.1,0.7058823529411765,0.17518248175182483,0.020833333333333332,0.5195486111111111,0.5154513888888889
0.05,2,B1,unseen,harsh,horizontal_new,72,1,0,23,48,0.041666666666666664,1.0,0.08,0.0,0.7248263888888888,0.7248263888888888
0.05,2,B2,unseen,harsh,horizontal_new,72,0,0,24,48,0.0,,0.0,0.0,0.5164930555555556,0.5164930555555556
0.05,2,B3,unseen,harsh,horizontal_new,72,0,0,24,48,0.0,,0.0,0.0,0.5164930555555556,0.5164930555555556
0.05,2,P1,unseen,harsh,horizontal_new,72,0,0,24,48,0.0,,0.0,0.0,0.5164930555555556,0.484375
0.05,2,B1,unseen,harsh,low_new,72,10,6,14,42,0.4166666666666667,0.625,0.5,0.125,0.7578125,0.7578125
0.05,2,B2,unseen,harsh,low_new,72,5,6,19,42,0.20833333333333334,0.45454545454545453,0.2857142857142857,0.125,0.5425347222222222,0.5425347222222222
0.05,2,B3,unseen,harsh,low_new,72,4,3,20,45,0.16666666666666666,0.5714285714285714,0.25806451612903225,0.0625,0.5425347222222222,0.5425347222222222
0.05,2,P1,unseen,harsh,low_new,72,4,3,20,45,0.16666666666666666,0.5714285714285714,0.25806451612903225,0.0625,0.5425347222222222,0.5425347222222222
0.05,2,B1,unseen,harsh,two_new,72,5,3,19,45,0.20833333333333334,0.625,0.3125,0.0625,0.7005208333333334,0.7005208333333334
0.05,2,B2,unseen,harsh,two_new,72,4,4,20,44,0.16666666666666666,0.5,0.25,0.08333333333333333,0.5303819444444444,0.5303819444444444
0.05,2,B3,unseen,harsh,two_new,72,4,1,20,47,0.16666666666666666,0.8,0.27586206896551724,0.020833333333333332,0.5303819444444444,0.5303819444444444
0.05,2,P1,unseen,harsh,two_new,72,4,1,20,47,0.16666666666666666,0.8,0.27586206896551724,0.020833333333333332,0.5303819444444444,0.5303819444444444
0.05,2,B1,unseen,harsh,vertical_new,72,0,0,24,48,0.0,,0.0,0.0,0.7690972222222222,0.7690972222222222
0.05,2,B2,unseen,harsh,vertical_new,72,0,0,24,48,0.0,,0.0,0.0,0.6215277777777778,0.6215277777777778
0.05,2,B3,unseen,harsh,vertical_new,72,0,0,24,48,0.0,,0.0,0.0,0.6215277777777778,0.6215277777777778
0.05,2,P1,unseen,harsh,vertical_new,72,0,0,24,48,0.0,,0.0,0.0,0.6215277777777778,0.6215277777777778
0.05,2,B1,unseen,harsh,wide_new,72,4,4,20,44,0.16666666666666666,0.5,0.25,0.08333333333333333,0.6831597222222222,0.6831597222222222
0.05,2,B2,unseen,harsh,wide_new,72,4,4,20,44,0.16666666666666666,0.5,0.25,0.08333333333333333,0.5355902777777778,0.5355902777777778
0.05,2,B3,unseen,harsh,wide_new,72,3,1,21,47,0.125,0.75,0.21428571428571427,0.020833333333333332,0.5355902777777778,0.5355902777777778
0.05,2,P1,unseen,harsh,wide_new,72,4,1,20,47,0.16666666666666666,0.8,0.27586206896551724,0.020833333333333332,0.5355902777777778,0.5355902777777778
0.05,2,B1,unseen,standard,__all__,360,2,0,118,240,0.016666666666666666,1.0,0.03278688524590164,0.0,0.6835416666666667,0.6835416666666667
0.05,2,B2,unseen,standard,__all__,360,0,0,120,240,0.0,,0.0,0.0,0.5520486111111111,0.5520486111111111
0.05,2,B3,unseen,standard,__all__,360,0,3,120,237,0.0,0.0,0.0,0.0125,0.5520486111111111,0.5520486111111111
0.05,2,P1,unseen,standard,__all__,360,0,0,120,240,0.0,,0.0,0.0,0.5520486111111111,0.5430902777777777
0.05,2,B1,unseen,standard,horizontal_new,72,0,0,24,48,0.0,,0.0,0.0,0.7552083333333334,0.7552083333333334
0.05,2,B2,unseen,standard,horizontal_new,72,0,0,24,48,0.0,,0.0,0.0,0.5798611111111112,0.5798611111111112
0.05,2,B3,unseen,standard,horizontal_new,72,0,0,24,48,0.0,,0.0,0.0,0.5798611111111112,0.5798611111111112
0.05,2,P1,unseen,standard,horizontal_new,72,0,0,24,48,0.0,,0.0,0.0,0.5798611111111112,0.6614583333333334
0.05,2,B1,unseen,standard,low_new,72,2,0,22,48,0.08333333333333333,1.0,0.15384615384615385,0.0,0.7074652777777778,0.7074652777777778
0.05,2,B2,unseen,standard,low_new,72,0,0,24,48,0.0,,0.0,0.0,0.5590277777777778,0.5590277777777778
0.05,2,B3,unseen,standard,low_new,72,0,2,24,46,0.0,0.0,0.0,0.041666666666666664,0.5590277777777778,0.5590277777777778
0.05,2,P1,unseen,standard,low_new,72,0,0,24,48,0.0,,0.0,0.0,0.5590277777777778,0.5885416666666666
0.05,2,B1,unseen,standard,two_new,72,0,0,24,48,0.0,,0.0,0.0,0.6822916666666666,0.6822916666666666
0.05,2,B2,unseen,standard,two_new,72,0,0,24,48,0.0,,0.0,0.0,0.5633680555555556,0.5633680555555556
0.05,2,B3,unseen,standard,two_new,72,0,1,24,47,0.0,0.0,0.0,0.020833333333333332,0.5633680555555556,0.5633680555555556
0.05,2,P1,unseen,standard,two_new,72,0,0,24,48,0.0,,0.0,0.0,0.5633680555555556,0.5824652777777778
0.05,2,B1,unseen,standard,vertical_new,72,0,0,24,48,0.0,,0.0,0.0,0.6762152777777778,0.6762152777777778
0.05,2,B2,unseen,standard,vertical_new,72,0,0,24,48,0.0,,0.0,0.0,0.5303819444444444,0.5303819444444444
0.05,2,B3,unseen,standard,vertical_new,72,0,0,24,48,0.0,,0.0,0.0,0.5303819444444444,0.5303819444444444
0.05,2,P1,unseen,standard,vertical_new,72,0,0,24,48,0.0,,0.0,0.0,0.5303819444444444,0.453125
0.05,2,B1,unseen,standard,wide_new,72,0,0,24,48,0.0,,0.0,0.0,0.6328125,0.6328125
0.05,2,B2,unseen,standard,wide_new,72,0,0,24,48,0.0,,0.0,0.0,0.5399305555555556,0.5399305555555556
0.05,2,B3,unseen,standard,wide_new,72,0,0,24,48,0.0,,0.0,0.0,0.5399305555555556,0.5399305555555556
0.05,2,P1,unseen,standard,wide_new,72,0,0,24,48,0.0,,0.0,0.0,0.5399305555555556,0.4670138888888889
0.05,3,B1,all,__all__,__all__,1152,88,38,296,730,0.22916666666666666,0.6984126984126984,0.34509803921568627,0.049479166666666664,0.8448384602864584,0.8448384602864584
0.05,3,B2,all,__all__,__all__,1152,40,30,344,738,0.10416666666666667,0.5714285714285714,0.1762114537444934,0.0390625,0.6511637369791666,0.6511637369791666
0.05,3,B3,all,__all__,__all__,1152,35,26,349,742,0.09114583333333333,0.5737704918032787,0.15730337078651685,0.033854166666666664,0.6511637369791666,0.6394449869791666
0.05,3,P1,all,__all__,__all__,1152,34,25,350,743,0.08854166666666667,0.576271186440678,0.15349887133182843,0.032552083333333336,0.6511637369791666,0.6428188747829862
0.05,3,B1,seen,__all__,__all__,432,45,17,99,271,0.3125,0.7258064516129032,0.4368932038834951,0.059027777777777776,0.8591338734567902,0.8591338734567902
0.05,3,B2,seen,__all__,__all__,432,22,16,122,272,0.1527777777777778,0.5789473684210527,0.24175824175824176,0.05555555555555555,0.6641830632716049,0.6641830632716049
0.05,3,B3,seen,__all__,__all__,432,20,16,124,272,0.1388888888888889,0.5555555555555556,0.2222222222222222,0.05555555555555555,0.6641830632716049,0.658154899691358
0.05,3,P1,seen,__all__,__all__,432,18,17,126,271,0.125,0.5142857142857142,0.2011173184357542,0.059027777777777776,0.6641830632716049,0.6550925925925926
0.05,3,B1,seen,__all__,central_furniture,144,17,6,31,90,0.3541666666666667,0.7391304347826086,0.4788732394366197,0.0625,0.8723958333333334,0.8723958333333334
0.05,3,B2,seen,__all__,central_furniture,144,8,5,40,91,0.16666666666666666,0.6153846153846154,0.26229508196721313,0.052083333333333336,0.6532118055555556,0.6532118055555556
0.05,3,B3,seen,__all__,central_furniture,144,6,4,42,92,0.125,0.6,0.20689655172413793,0.041666666666666664,0.6532118055555556,0.6629774305555556
0.05,3,P1,seen,__all__,central_furniture,144,6,4,42,92,0.125,0.6,0.20689655172413793,0.041666666666666664,0.6532118055555556,0.6560329861111112
0.05,3,B1,seen,__all__,clear,144,22,9,26,87,0.4583333333333333,0.7096774193548387,0.5569620253164557,0.09375,0.8658854166666666,0.8658854166666666
0.05,3,B2,seen,__all__,clear,144,14,10,34,86,0.2916666666666667,0.5833333333333334,0.3888888888888889,0.10416666666666667,0.6770833333333334,0.6770833333333334
0.05,3,B3,seen,__all__,clear,144,14,11,34,85,0.2916666666666667,0.56,0.3835616438356164,0.11458333333333333,0.6770833333333334,0.685546875
0.05,3,P1,seen,__all__,clear,144,12,12,36,84,0.25,0.5,0.3333333333333333,0.125,0.6770833333333334,0.6853298611111112
0.05,3,B1,seen,__all__,vertical_mid,144,6,2,42,94,0.125,0.75,0.21428571428571427,0.020833333333333332,0.837890625,0.837890625
0.05,3,B2,seen,__all__,vertical_mid,144,0,1,48,95,0.0,0.0,0.0,0.010416666666666666,0.6929253472222222,0.6929253472222222
0.05,3,B3,seen,__all__,vertical_mid,144,0,1,48,95,0.0,0.0,0.0,0.010416666666666666,0.6929253472222222,0.6471354166666666
0.05,3,P1,seen,__all__,vertical_mid,144,0,1,48,95,0.0,0.0,0.0,0.010416666666666666,0.6929253472222222,0.6662326388888888
0.05,3,B1,seen,harsh,__all__,216,43,17,29,127,0.5972222222222222,0.7166666666666667,0.6515151515151515,0.11805555555555555,0.8864776234567902,0.8864776234567902
0.05,3,B2,seen,harsh,__all__,216,22,15,50,129,0.3055555555555556,0.5945945945945946,0.4036697247706422,0.10416666666666667,0.7123842592592593,0.7123842592592593
0.05,3,B3,seen,harsh,__all__,216,18,11,54,133,0.25,0.6206896551724138,0.3564356435643564,0.0763888888888889,0.7123842592592593,0.7123842592592593
0.05,3,P1,seen,harsh,__all__,216,18,14,54,130,0.25,0.5625,0.34615384615384615,0.09722222222222222,0.7123842592592593,0.7113233024691358
0.05,3,B1,seen,harsh,central_furniture,72,17,6,7,42,0.7083333333333334,0.7391304347826086,0.723404255319149,0.125,0.8897569444444444,0.8897569444444444
0.05,3,B2,seen,harsh,central_furniture,72,8,5,16,43,0.3333333333333333,0.6153846153846154,0.43243243243243246,0.10416666666666667,0.7135416666666666,0.7135416666666666
0.05,3,B3,seen,harsh,central_furniture,72,6,3,18,45,0.25,0.6666666666666666,0.36363636363636365,0.0625,0.7135416666666666,0.7135416666666666
0.05,3,P1,seen,harsh,central_furniture,72,6,4,18,44,0.25,0.6,0.35294117647058826,0.08333333333333333,0.7135416666666666,0.7135416666666666
0.05,3,B1,seen,harsh,clear,72,20,9,4,39,0.8333333333333334,0.6896551724137931,0.7547169811320755,0.1875,0.8880208333333334,0.8880208333333334
0.05,3,B2,seen,harsh,clear,72,14,9,10,39,0.5833333333333334,0.6086956521739131,0.5957446808510638,0.1875,0.7517361111111112,0.7517361111111112
0.05,3,B3,seen,harsh,clear,72,12,7,12,41,0.5,0.631578947368421,0.5581395348837209,0.14583333333333334,0.7517361111111112,0.7517361111111112
0.05,3,P1,seen,harsh,clear,72,12,9,12,39,0.5,0.5714285714285714,0.5333333333333333,0.1875,0.7517361111111112,0.7482638888888888
0.05,3,B1,seen,harsh,vertical_mid,72,6,2,18,46,0.25,0.75,0.375,0.041666666666666664,0.8836805555555556,0.8836805555555556
0.05,3,B2,seen,harsh,vertical_mid,72,0,1,24,47,0.0,0.0,0.0,0.020833333333333332,0.7378472222222222,0.7378472222222222
0.05,3,B3,seen,harsh,vertical_mid,72,0,1,24,47,0.0,0.0,0.0,0.020833333333333332,0.7378472222222222,0.7378472222222222
0.05,3,P1,seen,harsh,vertical_mid,72,0,1,24,47,0.0,0.0,0.0,0.020833333333333332,0.7378472222222222,0.7352430555555556
0.05,3,B1,seen,standard,__all__,216,2,0,70,144,0.027777777777777776,1.0,0.05405405405405406,0.0,0.8260995370370371,0.8260995370370371
0.05,3,B2,seen,standard,__all__,216,0,1,72,143,0.0,0.0,0.0,0.006944444444444444,0.6251929012345679,0.6251929012345679
0.05,3,B3,seen,standard,__all__,216,2,5,70,139,0.027777777777777776,0.2857142857142857,0.05063291139240506,0.034722222222222224,0.6251929012345679,0.6251929012345679
0.05,3,P1,seen,standard,__all__,216,0,3,72,141,0.0,0.0,0.0,0.020833333333333332,0.6251929012345679,0.5945216049382716
0.05,3,B1,seen,standard,central_furniture,72,0,0,24,48,0.0,,0.0,0.0,0.8576388888888888,0.8576388888888888
0.05,3,B2,seen,standard,central_furniture,72,0,0,24,48,0.0,,0.0,0.0,0.6015625,0.6015625
0.05,3,B3,seen,standard,central_furniture,72,0,1,24,47,0.0,0.0,0.0,0.020833333333333332,0.6015625,0.6015625
0.05,3,P1,seen,standard,central_furniture,72,0,0,24,48,0.0,,0.0,0.0,0.6015625,0.5807291666666666
0.05,3,B1,seen,standard,clear,72,2,0,22,48,0.08333333333333333,1.0,0.15384615384615385,0.0,0.8411458333333334,0.8411458333333334
0.05,3,B2,seen,standard,clear,72,0,1,24,47,0.0,0.0,0.0,0.020833333333333332,0.625,0.625
0.05,3,B3,seen,standard,clear,72,2,4,22,44,0.08333333333333333,0.3333333333333333,0.13333333333333333,0.08333333333333333,0.625,0.625
0.05,3,P1,seen,standard,clear,72,0,3,24,45,0.0,0.0,0.0,0.0625,0.625,0.6267361111111112
0.05,3,B1,seen,standard,vertical_mid,72,0,0,24,48,0.0,,0.0,0.0,0.7838541666666666,0.7838541666666666
0.05,3,B2,seen,standard,vertical_mid,72,0,0,24,48,0.0,,0.0,0.0,0.6545138888888888,0.6545138888888888
0.05,3,B3,seen,standard,vertical_mid,72,0,0,24,48,0.0,,0.0,0.0,0.6545138888888888,0.6545138888888888
0.05,3,P1,seen,standard,vertical_mid,72,0,0,24,48,0.0,,0.0,0.0,0.6545138888888888,0.5815972222222222
0.05,3,B1,unseen,__all__,__all__,720,43,21,197,459,0.17916666666666667,0.671875,0.28289473684210525,0.04375,0.8349045138888889,0.8349045138888889
0.05,3,B2,unseen,__all__,__all__,720,18,14,222,466,0.075,0.5625,0.1323529411764706,0.029166666666666667,0.6456336805555556,0.6456336805555556
0.05,3,B3,unseen,__all__,__all__,720,15,10,225,470,0.0625,0.6,0.11320754716981132,0.020833333333333332,0.6456336805555556,0.6291145833333334
0.05,3,P1,unseen,__all__,__all__,720,16,8,224,472,0.06666666666666667,0.6666666666666666,0.12121212121212122,0.016666666666666666,0.6456336805555556,0.6380034722222222
0.05,3,B1,unseen,__all__,horizontal_new,144,5,3,43,93,0.10416666666666667,0.625,0.17857142857142858,0.03125,0.83984375,0.83984375
0.05,3,B2,unseen,__all__,horizontal_new,144,0,0,48,96,0.0,,0.0,0.0,0.6701388888888888,0.6701388888888888
0.05,3,B3,unseen,__all__,horizontal_new,144,0,0,48,96,0.0,,0.0,0.0,0.6701388888888888,0.6048177083333334
0.05,3,P1,unseen,__all__,horizontal_new,144,0,0,48,96,0.0,,0.0,0.0,0.6701388888888888,0.6655815972222222
0.05,3,B1,unseen,__all__,low_new,144,17,6,31,90,0.3541666666666667,0.7391304347826086,0.4788732394366197,0.0625,0.8682725694444444,0.8682725694444444
0.05,3,B2,unseen,__all__,low_new,144,8,7,40,89,0.16666666666666666,0.5333333333333333,0.25396825396825395,0.07291666666666667,0.6571180555555556,0.6571180555555556
0.05,3,B3,unseen,__all__,low_new,144,5,5,43,91,0.10416666666666667,0.5,0.1724137931034483,0.052083333333333336,0.6571180555555556,0.6634114583333334
0.05,3,P1,unseen,__all__,low_new,144,6,3,42,93,0.125,0.6666666666666666,0.21052631578947367,0.03125,0.6571180555555556,0.6677517361111112
0.05,3,B1,unseen,__all__,two_new,144,8,5,40,91,0.16666666666666666,0.6153846153846154,0.26229508196721313,0.052083333333333336,0.8446180555555556,0.8446180555555556
0.05,3,B2,unseen,__all__,two_new,144,5,3,43,93,0.10416666666666667,0.625,0.17857142857142858,0.03125,0.6254340277777778,0.6254340277777778
0.05,3,B3,unseen,__all__,two_new,144,5,3,43,93,0.10416666666666667,0.625,0.17857142857142858,0.03125,0.6254340277777778,0.6278211805555556
0.05,3,P1,unseen,__all__,two_new,144,5,2,43,94,0.10416666666666667,0.7142857142857143,0.18181818181818182,0.020833333333333332,0.6254340277777778,0.6349826388888888
0.05,3,B1,unseen,__all__,vertical_new,144,5,2,43,94,0.10416666666666667,0.7142857142857143,0.18181818181818182,0.020833333333333332,0.8285590277777778,0.8285590277777778
0.05,3,B2,unseen,__all__,vertical_new,144,0,1,48,95,0.0,0.0,0.0,0.010416666666666666,0.6840277777777778,0.6840277777777778
0.05,3,B3,unseen,__all__,vertical_new,144,0,1,48,95,0.0,0.0,0.0,0.010416666666666666,0.6840277777777778,0.6297743055555556
0.05,3,P1,unseen,__all__,vertical_new,144,0,1,48,95,0.0,0.0,0.0,0.010416666666666666,0.6840277777777778,0.6471354166666666
0.05,3,B1,unseen,__all__,wide_new,144,8,5,40,91,0.16666666666666666,0.6153846153846154,0.26229508196721313,0.052083333333333336,0.7962239583333334,0.7962239583333334
0.05,3,B2,unseen,__all__,wide_new,144,5,3,43,93,0.10416666666666667,0.625,0.17857142857142858,0.03125,0.6306423611111112,0.6306423611111112
0.05,3,B3,unseen,__all__,wide_new,144,5,1,43,95,0.10416666666666667,0.8333333333333334,0.18518518518518517,0.010416666666666666,0.6306423611111112,0.6330295138888888
0.05,3,P1,unseen,__all__,wide_new,144,5,2,43,94,0.10416666666666667,0.7142857142857143,0.18181818181818182,0.020833333333333332,0.6306423611111112,0.6245659722222222
0.05,3,B1,unseen,harsh,__all__,360,43,21,77,219,0.35833333333333334,0.671875,0.4673913043478261,0.0875,0.8639236111111112,0.8639236111111112
0.05,3,B2,unseen,harsh,__all__,360,18,14,102,226,0.15,0.5625,0.23684210526315788,0.058333333333333334,0.6723263888888888,0.6723263888888888
0.05,3,B3,unseen,harsh,__all__,360,15,6,105,234,0.125,0.7142857142857143,0.2127659574468085,0.025,0.6723263888888888,0.6723263888888888
0.05,3,P1,unseen,harsh,__all__,360,16,8,104,232,0.13333333333333333,0.6666666666666666,0.2222222222222222,0.03333333333333333,0.6723263888888888,0.6703125
0.05,3,B1,unseen,harsh,horizontal_new,72,5,3,19,45,0.20833333333333334,0.625,0.3125,0.0625,0.84375,0.84375
0.05,3,B2,unseen,harsh,horizontal_new,72,0,0,24,48,0.0,,0.0,0.0,0.6788194444444444,0.6788194444444444
0.05,3,B3,unseen,harsh,horizontal_new,72,0,0,24,48,0.0,,0.0,0.0,0.6788194444444444,0.6788194444444444
0.05,3,P1,unseen,harsh,horizontal_new,72,0,0,24,48,0.0,,0.0,0.0,0.6788194444444444,0.6631944444444444
0.05,3,B1,unseen,harsh,low_new,72,17,6,7,42,0.7083333333333334,0.7391304347826086,0.723404255319149,0.125,0.8810763888888888,0.8810763888888888
0.05,3,B2,unseen,harsh,low_new,72,8,7,16,41,0.3333333333333333,0.5333333333333333,0.41025641025641024,0.14583333333333334,0.6961805555555556,0.6961805555555556
0.05,3,B3,unseen,harsh,low_new,72,5,3,19,45,0.20833333333333334,0.625,0.3125,0.0625,0.6961805555555556,0.6961805555555556
0.05,3,P1,unseen,harsh,low_new,72,6,3,18,45,0.25,0.6666666666666666,0.36363636363636365,0.0625,0.6961805555555556,0.6961805555555556
0.05,3,B1,unseen,harsh,two_new,72,8,5,16,43,0.3333333333333333,0.6153846153846154,0.43243243243243246,0.10416666666666667,0.8645833333333334,0.8645833333333334
0.05,3,B2,unseen,harsh,two_new,72,5,3,19,45,0.20833333333333334,0.625,0.3125,0.0625,0.6631944444444444,0.6631944444444444
0.05,3,B3,unseen,harsh,two_new,72,5,1,19,47,0.20833333333333334,0.8333333333333334,0.3333333333333333,0.020833333333333332,0.6631944444444444,0.6631944444444444
0.05,3,P1,unseen,harsh,two_new,72,5,2,19,46,0.20833333333333334,0.7142857142857143,0.3225806451612903,0.041666666666666664,0.6631944444444444,0.6631944444444444
0.05,3,B1,unseen,harsh,vertical_new,72,5,2,19,46,0.20833333333333334,0.7142857142857143,0.3225806451612903,0.041666666666666664,0.8888888888888888,0.8888888888888888
0.05,3,B2,unseen,harsh,vertical_new,72,0,1,24,47,0.0,0.0,0.0,0.020833333333333332,0.7361111111111112,0.7361111111111112
0.05,3,B3,unseen,harsh,vertical_new,72,0,1,24,47,0.0,0.0,0.0,0.020833333333333332,0.7361111111111112,0.7361111111111112
0.05,3,P1,unseen,harsh,vertical_new,72,0,1,24,47,0.0,0.0,0.0,0.020833333333333332,0.7361111111111112,0.7361111111111112
0.05,3,B1,unseen,harsh,wide_new,72,8,5,16,43,0.3333333333333333,0.6153846153846154,0.43243243243243246,0.10416666666666667,0.8394097222222222,0.8394097222222222
0.05,3,B2,unseen,harsh,wide_new,72,5,3,19,45,0.20833333333333334,0.625,0.3125,0.0625,0.6840277777777778,0.6840277777777778
0.05,3,B3,unseen,harsh,wide_new,72,5,1,19,47,0.20833333333333334,0.8333333333333334,0.3333333333333333,0.020833333333333332,0.6840277777777778,0.6840277777777778
0.05,3,P1,unseen,harsh,wide_new,72,5,2,19,46,0.20833333333333334,0.7142857142857143,0.3225806451612903,0.041666666666666664,0.6840277777777778,0.6840277777777778
0.05,3,B1,unseen,standard,__all__,360,0,0,120,240,0.0,,0.0,0.0,0.7951041666666666,0.7951041666666666
0.05,3,B2,unseen,standard,__all__,360,0,0,120,240,0.0,,0.0,0.0,0.6237847222222223,0.6237847222222223
0.05,3,B3,unseen,standard,__all__,360,0,4,120,236,0.0,0.0,0.0,0.016666666666666666,0.6237847222222223,0.6237847222222223
0.05,3,P1,unseen,standard,__all__,360,0,0,120,240,0.0,,0.0,0.0,0.6237847222222223,0.598125
0.05,3,B1,unseen,standard,horizontal_new,72,0,0,24,48,0.0,,0.0,0.0,0.8246527777777778,0.8246527777777778
0.05,3,B2,unseen,standard,horizontal_new,72,0,0,24,48,0.0,,0.0,0.0,0.6640625,0.6640625
0.05,3,B3,unseen,standard,horizontal_new,72,0,0,24,48,0.0,,0.0,0.0,0.6640625,0.6640625
0.05,3,P1,unseen,standard,horizontal_new,72,0,0,24,48,0.0,,0.0,0.0,0.6640625,0.6701388888888888
0.05,3,B1,unseen,standard,low_new,72,0,0,24,48,0.0,,0.0,0.0,0.8446180555555556,0.8446180555555556
0.05,3,B2,unseen,standard,low_new,72,0,0,24,48,0.0,,0.0,0.0,0.6397569444444444,0.6397569444444444
0.05,3,B3,unseen,standard,low_new,72,0,2,24,46,0.0,0.0,0.0,0.041666666666666664,0.6397569444444444,0.6397569444444444
0.05,3,P1,unseen,standard,low_new,72,0,0,24,48,0.0,,0.0,0.0,0.6397569444444444,0.6449652777777778
0.05,3,B1,unseen,standard,two_new,72,0,0,24,48,0.0,,0.0,0.0,0.8376736111111112,0.8376736111111112
0.05,3,B2,unseen,standard,two_new,72,0,0,24,48,0.0,,0.0,0.0,0.5989583333333334,0.5989583333333334
0.05,3,B3,unseen,standard,two_new,72,0,2,24,46,0.0,0.0,0.0,0.041666666666666664,0.5989583333333334,0.5989583333333334
0.05,3,P1,unseen,standard,two_new,72,0,0,24,48,0.0,,0.0,0.0,0.5989583333333334,0.5989583333333334
0.05,3,B1,unseen,standard,vertical_new,72,0,0,24,48,0.0,,0.0,0.0,0.7508680555555556,0.7508680555555556
0.05,3,B2,unseen,standard,vertical_new,72,0,0,24,48,0.0,,0.0,0.0,0.6336805555555556,0.6336805555555556
0.05,3,B3,unseen,standard,vertical_new,72,0,0,24,48,0.0,,0.0,0.0,0.6336805555555556,0.6336805555555556
0.05,3,P1,unseen,standard,vertical_new,72,0,0,24,48,0.0,,0.0,0.0,0.6336805555555556,0.5399305555555556
0.05,3,B1,unseen,standard,wide_new,72,0,0,24,48,0.0,,0.0,0.0,0.7326388888888888,0.7326388888888888
0.05,3,B2,unseen,standard,wide_new,72,0,0,24,48,0.0,,0.0,0.0,0.5815972222222222,0.5815972222222222
0.05,3,B3,unseen,standard,wide_new,72,0,0,24,48,0.0,,0.0,0.0,0.5815972222222222,0.5815972222222222
0.05,3,P1,unseen,standard,wide_new,72,0,0,24,48,0.0,,0.0,0.0,0.5815972222222222,0.5486111111111112
0.05,4,B1,all,__all__,__all__,1152,28,21,356,747,0.07291666666666667,0.5714285714285714,0.12933025404157045,0.02734375,0.5311618381076388,0.5311618381076388
0.05,4,B2,all,__all__,__all__,1152,20,19,364,749,0.052083333333333336,0.5128205128205128,0.09456264775413711,0.024739583333333332,0.5406663682725694,0.5406663682725694
0.05,4,B3,all,__all__,__all__,1152,19,17,365,751,0.049479166666666664,0.5277777777777778,0.09047619047619047,0.022135416666666668,0.5406663682725694,0.5387030707465278
0.05,4,P1,all,__all__,__all__,1152,19,13,365,755,0.049479166666666664,0.59375,0.09134615384615384,0.016927083333333332,0.5406663682725694,0.5373433430989584
0.05,4,B1,seen,__all__,__all__,432,13,14,131,274,0.09027777777777778,0.48148148148148145,0.15204678362573099,0.04861111111111111,0.5359278549382716,0.5359278549382716
0.05,4,B2,seen,__all__,__all__,432,12,16,132,272,0.08333333333333333,0.42857142857142855,0.13953488372093023,0.05555555555555555,0.5439332561728395,0.5439332561728395
0.05,4,B3,seen,__all__,__all__,432,11,14,133,274,0.0763888888888889,0.44,0.1301775147928994,0.04861111111111111,0.5439332561728395,0.5424382716049383
0.05,4,P1,seen,__all__,__all__,432,11,12,133,276,0.0763888888888889,0.4782608695652174,0.1317365269461078,0.041666666666666664,0.5439332561728395,0.5404851466049383
0.05,4,B1,seen,__all__,central_furniture,144,6,2,42,94,0.125,0.75,0.21428571428571427,0.020833333333333332,0.5275607638888888,0.5275607638888888
0.05,4,B2,seen,__all__,central_furniture,144,4,1,44,95,0.08333333333333333,0.8,0.1509433962264151,0.010416666666666666,0.5570746527777778,0.5570746527777778
0.05,4,B3,seen,__all__,central_furniture,144,2,2,46,94,0.041666666666666664,0.5,0.07692307692307693,0.020833333333333332,0.5570746527777778,0.5525173611111112
0.05,4,P1,seen,__all__,central_furniture,144,3,0,45,96,0.0625,1.0,0.11764705882352941,0.0,0.5570746527777778,0.5384114583333334
0.05,4,B1,seen,__all__,clear,144,7,11,41,85,0.14583333333333334,0.3888888888888889,0.21212121212121213,0.11458333333333333,0.5362413194444444,0.5362413194444444
0.05,4,B2,seen,__all__,clear,144,8,14,40,82,0.16666666666666666,0.36363636363636365,0.22857142857142856,0.14583333333333334,0.5512152777777778,0.5512152777777778
0.05,4,B3,seen,__all__,clear,144,9,12,39,84,0.1875,0.42857142857142855,0.2608695652173913,0.125,0.5512152777777778,0.5551215277777778
0.05,4,P1,seen,__all__,clear,144,8,12,40,84,0.16666666666666666,0.4,0.23529411764705882,0.125,0.5512152777777778,0.55859375
0.05,4,B1,seen,__all__,vertical_mid,144,0,1,48,95,0.0,0.0,0.0,0.010416666666666666,0.5735677083333334,0.5735677083333334
0.05,4,B2,seen,__all__,vertical_mid,144,0,1,48,95,0.0,0.0,0.0,0.010416666666666666,0.5592447916666666,0.5592447916666666
0.05,4,B3,seen,__all__,vertical_mid,144,0,0,48,96,0.0,,0.0,0.0,0.5592447916666666,0.5206163194444444
0.05,4,P1,seen,__all__,vertical_mid,144,0,0,48,96,0.0,,0.0,0.0,0.5592447916666666,0.5475260416666666
0.05,4,B1,seen,harsh,__all__,216,13,11,59,133,0.18055555555555555,0.5416666666666666,0.2708333333333333,0.0763888888888889,0.5805362654320988,0.5805362654320988
0.05,4,B2,seen,harsh,__all__,216,12,14,60,130,0.16666666666666666,0.46153846153846156,0.24489795918367346,0.09722222222222222,0.6073495370370371,0.6073495370370371
0.05,4,B3,seen,harsh,__all__,216,10,9,62,135,0.1388888888888889,0.5263157894736842,0.21978021978021978,0.0625,0.6073495370370371,0.6073495370370371
0.05,4,P1,seen,harsh,__all__,216,11,9,61,135,0.1527777777777778,0.55,0.2391304347826087,0.0625,0.6073495370370371,0.6069637345679012
0.05,4,B1,seen,harsh,central_furniture,72,6,2,18,46,0.25,0.75,0.375,0.041666666666666664,0.59375,0.59375
0.05,4,B2,seen,harsh,central_furniture,72,4,1,20,47,0.16666666666666666,0.8,0.27586206896551724,0.020833333333333332,0.6276041666666666,0.6276041666666666
0.05,4,B3,seen,harsh,central_furniture,72,2,0,22,48,0.08333333333333333,1.0,0.15384615384615385,0.0,0.6276041666666666,0.6276041666666666
0.05,4,P1,seen,harsh,central_furniture,72,3,0,21,48,0.125,1.0,0.2222222222222222,0.0,0.6276041666666666,0.6276041666666666
0.05,4,B1,seen,harsh,clear,72,7,8,17,40,0.2916666666666667,0.4666666666666667,0.358974358974359,0.16666666666666666,0.5980902777777778,0.5980902777777778
0.05,4,B2,seen,harsh,clear,72,8,12,16,36,0.3333333333333333,0.4,0.36363636363636365,0.25,0.6119791666666666,0.6119791666666666
0.05,4,B3,seen,harsh,clear,72,8,9,16,39,0.3333333333333333,0.47058823529411764,0.3902439024390244,0.1875,0.6119791666666666,0.6119791666666666
0.05,4,P1,seen,harsh,clear,72,8,9,16,39,0.3333333333333333,0.47058823529411764,0.3902439024390244,0.1875,0.6119791666666666,0.6119791666666666
0.05,4,B1,seen,harsh,vertical_mid,72,0,1,24,47,0.0,0.0,0.0,0.020833333333333332,0.6223958333333334,0.6223958333333334
0.05,4,B2,seen,harsh,vertical_mid,72,0,1,24,47,0.0,0.0,0.0,0.020833333333333332,0.6519097222222222,0.6519097222222222
0.05,4,B3,seen,harsh,vertical_mid,72,0,0,24,48,0.0,,0.0,0.0,0.6519097222222222,0.6519097222222222
0.05,4,P1,seen,harsh,vertical_mid,72,0,0,24,48,0.0,,0.0,0.0,0.6519097222222222,0.6519097222222222
0.05,4,B1,seen,standard,__all__,216,0,3,72,141,0.0,0.0,0.0,0.020833333333333332,0.4906442901234568,0.4906442901234568
0.05,4,B2,seen,standard,__all__,216,0,2,72,142,0.0,0.0,0.0,0.013888888888888888,0.4613233024691358,0.4613233024691358
0.05,4,B3,seen,standard,__all__,216,1,5,71,139,0.013888888888888888,0.16666666666666666,0.02564102564102564,0.034722222222222224,0.4613233024691358,0.4613233024691358
0.05,4,P1,seen,standard,__all__,216,0,3,72,141,0.0,0.0,0.0,0.020833333333333332,0.4613233024691358,0.4504243827160494
0.05,4,B1,seen,standard,central_furniture,72,0,0,24,48,0.0,,0.0,0.0,0.4791666666666667,0.4791666666666667
0.05,4,B2,seen,standard,central_furniture,72,0,0,24,48,0.0,,0.0,0.0,0.4713541666666667,0.4713541666666667
0.05,4,B3,seen,standard,central_furniture,72,0,2,24,46,0.0,0.0,0.0,0.041666666666666664,0.4713541666666667,0.4713541666666667
0.05,4,P1,seen,standard,central_furniture,72,0,0,24,48,0.0,,0.0,0.0,0.4713541666666667,0.4340277777777778
0.05,4,B1,seen,standard,clear,72,0,3,24,45,0.0,0.0,0.0,0.0625,0.4947916666666667,0.4947916666666667
0.05,4,B2,seen,standard,clear,72,0,2,24,46,0.0,0.0,0.0,0.041666666666666664,0.4869791666666667,0.4869791666666667
0.05,4,B3,seen,standard,clear,72,1,3,23,45,0.041666666666666664,0.25,0.07142857142857142,0.0625,0.4869791666666667,0.4869791666666667
0.05,4,P1,seen,standard,clear,72,0,3,24,45,0.0,0.0,0.0,0.0625,0.4869791666666667,0.4947916666666667
0.05,4,B1,seen,standard,vertical_mid,72,0,0,24,48,0.0,,0.0,0.0,0.4991319444444444,0.4991319444444444
0.05,4,B2,seen,standard,vertical_mid,72,0,0,24,48,0.0,,0.0,0.0,0.4383680555555556,0.4383680555555556
0.05,4,B3,seen,standard,vertical_mid,72,0,0,24,48,0.0,,0.0,0.0,0.4383680555555556,0.4383680555555556
0.05,4,P1,seen,standard,vertical_mid,72,0,0,24,48,0.0,,0.0,0.0,0.4383680555555556,0.4114583333333333
0.05,4,B1,unseen,__all__,__all__,720,15,7,225,473,0.0625,0.6818181818181818,0.11450381679389313,0.014583333333333334,0.5285243055555555,0.5285243055555555
0.05,4,B2,unseen,__all__,__all__,720,8,3,232,477,0.03333333333333333,0.7272727272727273,0.06374501992031872,0.00625,0.5400173611111111,0.5400173611111111
0.05,4,B3,unseen,__all__,__all__,720,8,3,232,477,0.03333333333333333,0.7272727272727273,0.06374501992031872,0.00625,0.5400173611111111,0.5370920138888889
0.05,4,P1,unseen,__all__,__all__,720,8,1,232,479,0.03333333333333333,0.8888888888888888,0.0642570281124498,0.0020833333333333333,0.5400173611111111,0.5382378472222222
0.05,4,B1,unseen,__all__,horizontal_new,144,0,0,48,96,0.0,,0.0,0.0,0.5436197916666666,0.5436197916666666
0.05,4,B2,unseen,__all__,horizontal_new,144,0,0,48,96,0.0,,0.0,0.0,0.5529513888888888,0.5529513888888888
0.05,4,B3,unseen,__all__,horizontal_new,144,0,0,48,96,0.0,,0.0,0.0,0.5529513888888888,0.5262586805555556
0.05,4,P1,unseen,__all__,horizontal_new,144,0,0,48,96,0.0,,0.0,0.0,0.5529513888888888,0.5700954861111112
0.05,4,B1,unseen,__all__,low_new,144,4,2,44,94,0.08333333333333333,0.6666666666666666,0.14814814814814814,0.020833333333333332,0.5368923611111112,0.5368923611111112
0.05,4,B2,unseen,__all__,low_new,144,4,3,44,93,0.08333333333333333,0.5714285714285714,0.14545454545454545,0.03125,0.5542534722222222,0.5542534722222222
0.05,4,B3,unseen,__all__,low_new,144,4,2,44,94,0.08333333333333333,0.6666666666666666,0.14814814814814814,0.020833333333333332,0.5542534722222222,0.5538194444444444
0.05,4,P1,unseen,__all__,low_new,144,4,1,44,95,0.08333333333333333,0.8,0.1509433962264151,0.010416666666666666,0.5542534722222222,0.5616319444444444
0.05,4,B1,unseen,__all__,two_new,144,5,2,43,94,0.10416666666666667,0.7142857142857143,0.18181818181818182,0.020833333333333332,0.5288628472222222,0.5288628472222222
0.05,4,B2,unseen,__all__,two_new,144,2,0,46,96,0.041666666666666664,1.0,0.08,0.0,0.5457899305555556,0.5457899305555556
0.05,4,B3,unseen,__all__,two_new,144,2,1,46,95,0.041666666666666664,0.6666666666666666,0.0784313725490196,0.010416666666666666,0.5457899305555556,0.5453559027777778
0.05,4,P1,unseen,__all__,two_new,144,2,0,46,96,0.041666666666666664,1.0,0.08,0.0,0.5457899305555556,0.5483940972222222
0.05,4,B1,unseen,__all__,vertical_new,144,0,1,48,95,0.0,0.0,0.0,0.010416666666666666,0.5596788194444444,0.5596788194444444
0.05,4,B2,unseen,__all__,vertical_new,144,0,0,48,96,0.0,,0.0,0.0,0.5679253472222222,0.5679253472222222
0.05,4,B3,unseen,__all__,vertical_new,144,0,0,48,96,0.0,,0.0,0.0,0.5679253472222222,0.5314670138888888
0.05,4,P1,unseen,__all__,vertical_new,144,0,0,48,96,0.0,,0.0,0.0,0.5679253472222222,0.5418836805555556
0.05,4,B1,unseen,__all__,wide_new,144,6,2,42,94,0.125,0.75,0.21428571428571427,0.020833333333333332,0.5162760416666666,0.5162760416666666
0.05,4,B2,unseen,__all__,wide_new,144,2,0,46,96,0.041666666666666664,1.0,0.08,0.0,0.5282118055555556,0.5282118055555556
0.05,4,B3,unseen,__all__,wide_new,144,2,0,46,96,0.041666666666666664,1.0,0.08,0.0,0.5282118055555556,0.5345052083333334
0.05,4,P1,unseen,__all__,wide_new,144,2,0,46,96,0.041666666666666664,1.0,0.08,0.0,0.5282118055555556,0.5158420138888888
0.05,4,B1,unseen,harsh,__all__,360,15,7,105,233,0.125,0.6818181818181818,0.2112676056338028,0.029166666666666667,0.5647222222222222,0.5647222222222222
0.05,4,B2,unseen,harsh,__all__,360,8,3,112,237,0.06666666666666667,0.7272727272727273,0.12213740458015267,0.0125,0.5944444444444444,0.5944444444444444
0.05,4,B3,unseen,harsh,__all__,360,8,1,112,239,0.06666666666666667,0.8888888888888888,0.12403100775193798,0.004166666666666667,0.5944444444444444,0.5944444444444444
0.05,4,P1,unseen,harsh,__all__,360,8,1,112,239,0.06666666666666667,0.8888888888888888,0.12403100775193798,0.004166666666666667,0.5944444444444444,0.5928819444444444
0.05,4,B1,unseen,harsh,horizontal_new,72,0,0,24,48,0.0,,0.0,0.0,0.5694444444444444,0.5694444444444444
0.05,4,B2,unseen,harsh,horizontal_new,72,0,0,24,48,0.0,,0.0,0.0,0.6102430555555556,0.6102430555555556
0.05,4,B3,unseen,harsh,horizontal_new,72,0,0,24,48,0.0,,0.0,0.0,0.6102430555555556,0.6102430555555556
0.05,4,P1,unseen,harsh,horizontal_new,72,0,0,24,48,0.0,,0.0,0.0,0.6102430555555556,0.5980902777777778
0.05,4,B1,unseen,harsh,low_new,72,4,2,20,46,0.16666666666666666,0.6666666666666666,0.26666666666666666,0.041666666666666664,0.5920138888888888,0.5920138888888888
0.05,4,B2,unseen,harsh,low_new,72,4,3,20,45,0.16666666666666666,0.5714285714285714,0.25806451612903225,0.0625,0.5998263888888888,0.5998263888888888
0.05,4,B3,unseen,harsh,low_new,72,4,1,20,47,0.16666666666666666,0.8,0.27586206896551724,0.020833333333333332,0.5998263888888888,0.5998263888888888
0.05,4,P1,unseen,harsh,low_new,72,4,1,20,47,0.16666666666666666,0.8,0.27586206896551724,0.020833333333333332,0.5998263888888888,0.5998263888888888
0.05,4,B1,unseen,harsh,two_new,72,5,2,19,46,0.20833333333333334,0.7142857142857143,0.3225806451612903,0.041666666666666664,0.5833333333333334,0.5833333333333334
0.05,4,B2,unseen,harsh,two_new,72,2,0,22,48,0.08333333333333333,1.0,0.15384615384615385,0.0,0.5954861111111112,0.5954861111111112
0.05,4,B3,unseen,harsh,two_new,72,2,0,22,48,0.08333333333333333,1.0,0.15384615384615385,0.0,0.5954861111111112,0.5954861111111112
0.05,4,P1,unseen,harsh,two_new,72,2,0,22,48,0.08333333333333333,1.0,0.15384615384615385,0.0,0.5954861111111112,0.5954861111111112
0.05,4,B1,unseen,harsh,vertical_new,72,0,1,24,47,0.0,0.0,0.0,0.020833333333333332,0.6032986111111112,0.6032986111111112
0.05,4,B2,unseen,harsh,vertical_new,72,0,0,24,48,0.0,,0.0,0.0,0.6614583333333334,0.6614583333333334
0.05,4,B3,unseen,harsh,vertical_new,72,0,0,24,48,0.0,,0.0,0.0,0.6614583333333334,0.6614583333333334
0.05,4,P1,unseen,harsh,vertical_new,72,0,0,24,48,0.0,,0.0,0.0,0.6614583333333334,0.6614583333333334
0.05,4,B1,unseen,harsh,wide_new,72,6,2,18,46,0.25,0.75,0.375,0.041666666666666664,0.5633680555555556,0.5633680555555556
0.05,4,B2,unseen,harsh,wide_new,72,2,0,22,48,0.08333333333333333,1.0,0.15384615384615385,0.0,0.5920138888888888,0.5920138888888888
0.05,4,B3,unseen,harsh,wide_new,72,2,0,22,48,0.08333333333333333,1.0,0.15384615384615385,0.0,0.5920138888888888,0.5920138888888888
0.05,4,P1,unseen,harsh,wide_new,72,2,0,22,48,0.08333333333333333,1.0,0.15384615384615385,0.0,0.5920138888888888,0.5920138888888888
0.05,4,B1,unseen,standard,__all__,360,0,0,120,240,0.0,,0.0,0.0,0.4919791666666667,0.4919791666666667
0.05,4,B2,unseen,standard,__all__,360,0,0,120,240,0.0,,0.0,0.0,0.47034722222222225,0.47034722222222225
0.05,4,B3,unseen,standard,__all__,360,0,2,120,238,0.0,0.0,0.0,0.008333333333333333,0.47034722222222225,0.47034722222222225
0.05,4,P1,unseen,standard,__all__,360,0,0,120,240,0.0,,0.0,0.0,0.47034722222222225,0.4648263888888889
0.05,4,B1,unseen,standard,horizontal_new,72,0,0,24,48,0.0,,0.0,0.0,0.5104166666666666,0.5104166666666666
0.05,4,B2,unseen,standard,horizontal_new,72,0,0,24,48,0.0,,0.0,0.0,0.4765625,0.4765625
0.05,4,B3,unseen,standard,horizontal_new,72,0,0,24,48,0.0,,0.0,0.0,0.4765625,0.4765625
0.05,4,P1,unseen,standard,horizontal_new,72,0,0,24,48,0.0,,0.0,0.0,0.4765625,0.5260416666666666
0.05,4,B1,unseen,standard,low_new,72,0,0,24,48,0.0,,0.0,0.0,0.5060763888888888,0.5060763888888888
0.05,4,B2,unseen,standard,low_new,72,0,0,24,48,0.0,,0.0,0.0,0.4991319444444444,0.4991319444444444
0.05,4,B3,unseen,standard,low_new,72,0,1,24,47,0.0,0.0,0.0,0.020833333333333332,0.4991319444444444,0.4991319444444444
0.05,4,P1,unseen,standard,low_new,72,0,0,24,48,0.0,,0.0,0.0,0.4991319444444444,0.5043402777777778
0.05,4,B1,unseen,standard,two_new,72,0,0,24,48,0.0,,0.0,0.0,0.5043402777777778,0.5043402777777778
0.05,4,B2,unseen,standard,two_new,72,0,0,24,48,0.0,,0.0,0.0,0.4835069444444444,0.4835069444444444
0.05,4,B3,unseen,standard,two_new,72,0,1,24,47,0.0,0.0,0.0,0.020833333333333332,0.4835069444444444,0.4835069444444444
0.05,4,P1,unseen,standard,two_new,72,0,0,24,48,0.0,,0.0,0.0,0.4835069444444444,0.5052083333333334
0.05,4,B1,unseen,standard,vertical_new,72,0,0,24,48,0.0,,0.0,0.0,0.5060763888888888,0.5060763888888888
0.05,4,B2,unseen,standard,vertical_new,72,0,0,24,48,0.0,,0.0,0.0,0.4557291666666667,0.4557291666666667
0.05,4,B3,unseen,standard,vertical_new,72,0,0,24,48,0.0,,0.0,0.0,0.4557291666666667,0.4557291666666667
0.05,4,P1,unseen,standard,vertical_new,72,0,0,24,48,0.0,,0.0,0.0,0.4557291666666667,0.3932291666666667
0.05,4,B1,unseen,standard,wide_new,72,0,0,24,48,0.0,,0.0,0.0,0.4696180555555556,0.4696180555555556
0.05,4,B2,unseen,standard,wide_new,72,0,0,24,48,0.0,,0.0,0.0,0.4583333333333333,0.4583333333333333
0.05,4,B3,unseen,standard,wide_new,72,0,0,24,48,0.0,,0.0,0.0,0.4583333333333333,0.4583333333333333
0.05,4,P1,unseen,standard,wide_new,72,0,0,24,48,0.0,,0.0,0.0,0.4583333333333333,0.4253472222222222
0.1,0,B1,all,__all__,__all__,1152,26,33,358,735,0.06770833333333333,0.4406779661016949,0.11738148984198646,0.04296875,0.5476108127170138,0.5476108127170138
0.1,0,B2,all,__all__,__all__,1152,44,56,340,712,0.11458333333333333,0.44,0.18181818181818182,0.07291666666666667,0.5677897135416666,0.5677897135416666
0.1,0,B3,all,__all__,__all__,1152,40,48,344,720,0.10416666666666667,0.45454545454545453,0.1694915254237288,0.0625,0.5677897135416666,0.5636359320746528
0.1,0,P1,all,__all__,__all__,1152,42,55,342,713,0.109375,0.4329896907216495,0.17463617463617465,0.07161458333333333,0.5677897135416666,0.5639411078559028
0.1,0,B1,seen,__all__,__all__,432,12,22,132,266,0.08333333333333333,0.35294117647058826,0.1348314606741573,0.0763888888888889,0.5577498070987654,0.5577498070987654
0.1,0,B2,seen,__all__,__all__,432,19,26,125,262,0.13194444444444445,0.4222222222222222,0.20105820105820105,0.09027777777777778,0.5785349151234568,0.5785349151234568
0.1,0,B3,seen,__all__,__all__,432,20,25,124,263,0.1388888888888889,0.4444444444444444,0.21164021164021163,0.08680555555555555,0.5785349151234568,0.5742910879629629
0.1,0,P1,seen,__all__,__all__,432,20,27,124,261,0.1388888888888889,0.425531914893617,0.2094240837696335,0.09375,0.5785349151234568,0.5744357638888888
0.1,0,B1,seen,__all__,central_furniture,144,5,7,43,89,0.10416666666666667,0.4166666666666667,0.16666666666666666,0.07291666666666667,0.5540364583333334,0.5540364583333334
0.1,0,B2,seen,__all__,central_furniture,144,9,11,39,85,0.1875,0.45,0.2647058823529412,0.11458333333333333,0.5779079861111112,0.5779079861111112
0.1,0,B3,seen,__all__,central_furniture,144,8,11,40,85,0.16666666666666666,0.42105263157894735,0.23880597014925373,0.11458333333333333,0.5779079861111112,0.57421875
0.1,0,P1,seen,__all__,central_furniture,144,8,11,40,85,0.16666666666666666,0.42105263157894735,0.23880597014925373,0.11458333333333333,0.5779079861111112,0.5692274305555556
0.1,0,B1,seen,__all__,clear,144,7,12,41,84,0.14583333333333334,0.3684210526315789,0.208955223880597,0.125,0.5588107638888888,0.5588107638888888
0.1,0,B2,seen,__all__,clear,144,10,14,38,82,0.20833333333333334,0.4166666666666667,0.2777777777777778,0.14583333333333334,0.5826822916666666,0.5826822916666666
0.1,0,B3,seen,__all__,clear,144,12,13,36,83,0.25,0.48,0.3287671232876712,0.13541666666666666,0.5826822916666666,0.5789930555555556
0.1,0,P1,seen,__all__,clear,144,12,15,36,81,0.25,0.4444444444444444,0.32,0.15625,0.5826822916666666,0.5809461805555556
0.1,0,B1,seen,__all__,vertical_mid,144,0,3,48,93,0.0,0.0,0.0,0.03125,0.5935329861111112,0.5935329861111112
0.1,0,B2,seen,__all__,vertical_mid,144,0,1,48,95,0.0,0.0,0.0,0.010416666666666666,0.62109375,0.62109375
0.1,0,B3,seen,__all__,vertical_mid,144,0,1,48,95,0.0,0.0,0.0,0.010416666666666666,0.62109375,0.6030815972222222
0.1,0,P1,seen,__all__,vertical_mid,144,0,1,48,95,0.0,0.0,0.0,0.010416666666666666,0.62109375,0.6106770833333334
0.1,0,B1,seen,harsh,__all__,216,12,17,60,127,0.16666666666666666,0.41379310344827586,0.2376237623762376,0.11805555555555555,0.5917245370370371,0.5917245370370371
0.1,0,B2,seen,harsh,__all__,216,19,22,53,122,0.2638888888888889,0.4634146341463415,0.336283185840708,0.1527777777777778,0.6049382716049383,0.6049382716049383
0.1,0,B3,seen,harsh,__all__,216,17,18,55,126,0.2361111111111111,0.4857142857142857,0.3177570093457944,0.125,0.6049382716049383,0.6049382716049383
0.1,0,P1,seen,harsh,__all__,216,17,22,55,122,0.2361111111111111,0.4358974358974359,0.3063063063063063,0.1527777777777778,0.6049382716049383,0.6042631172839507
0.1,0,B1,seen,harsh,central_furniture,72,5,5,19,43,0.20833333333333334,0.5,0.29411764705882354,0.10416666666666667,0.6111111111111112,0.6111111111111112
0.1,0,B2,seen,harsh,central_furniture,72,9,10,15,38,0.375,0.47368421052631576,0.4186046511627907,0.20833333333333334,0.6197916666666666,0.6197916666666666
0.1,0,B3,seen,harsh,central_furniture,72,8,8,16,40,0.3333333333333333,0.5,0.4,0.16666666666666666,0.6197916666666666,0.6197916666666666
0.1,0,P1,seen,harsh,central_furniture,72,8,10,16,38,0.3333333333333333,0.4444444444444444,0.38095238095238093,0.20833333333333334,0.6197916666666666,0.6197916666666666
0.1,0,B1,seen,harsh,clear,72,7,9,17,39,0.2916666666666667,0.4375,0.35,0.1875,0.6076388888888888,0.6076388888888888
0.1,0,B2,seen,harsh,clear,72,10,11,14,37,0.4166666666666667,0.47619047619047616,0.4444444444444444,0.22916666666666666,0.6423611111111112,0.6423611111111112
0.1,0,B3,seen,harsh,clear,72,9,9,15,39,0.375,0.5,0.42857142857142855,0.1875,0.6423611111111112,0.6423611111111112
0.1,0,P1,seen,harsh,clear,72,9,11,15,37,0.375,0.45,0.4090909090909091,0.22916666666666666,0.6423611111111112,0.640625
0.1,0,B1,seen,harsh,vertical_mid,72,0,3,24,45,0.0,0.0,0.0,0.0625,0.6223958333333334,0.6223958333333334
0.1,0,B2,seen,harsh,vertical_mid,72,0,1,24,47,0.0,0.0,0.0,0.020833333333333332,0.6267361111111112,0.6267361111111112
0.1,0,B3,seen,harsh,vertical_mid,72,0,1,24,47,0.0,0.0,0.0,0.020833333333333332,0.6267361111111112,0.6267361111111112
0.1,0,P1,seen,harsh,vertical_mid,72,0,1,24,47,0.0,0.0,0.0,0.020833333333333332,0.6267361111111112,0.6258680555555556
0.1,0,B1,seen,standard,__all__,216,0,5,72,139,0.0,0.0,0.0,0.034722222222222224,0.5360725308641975,0.5360725308641975
0.1,0,B2,seen,standard,__all__,216,0,4,72,140,0.0,0.0,0.0,0.027777777777777776,0.5597029320987654,0.5597029320987654
0.1,0,B3,seen,standard,__all__,216,3,7,69,137,0.041666666666666664,0.3,0.07317073170731707,0.04861111111111111,0.5597029320987654,0.5597029320987654
0.1,0,P1,seen,standard,__all__,216,3,5,69,139,0.041666666666666664,0.375,0.075,0.034722222222222224,0.5597029320987654,0.5497685185185185
0.1,0,B1,seen,standard,central_furniture,72,0,2,24,46,0.0,0.0,0.0,0.041666666666666664,0.5217013888888888,0.5217013888888888
0.1,0,B2,seen,standard,central_furniture,72,0,1,24,47,0.0,0.0,0.0,0.020833333333333332,0.5572916666666666,0.5572916666666666
0.1,0,B3,seen,standard,central_furniture,72,0,3,24,45,0.0,0.0,0.0,0.0625,0.5572916666666666,0.5572916666666666
0.1,0,P1,seen,standard,central_furniture,72,0,1,24,47,0.0,0.0,0.0,0.020833333333333332,0.5572916666666666,0.5407986111111112
0.1,0,B1,seen,standard,clear,72,0,3,24,45,0.0,0.0,0.0,0.0625,0.5347222222222222,0.5347222222222222
0.1,0,B2,seen,standard,clear,72,0,3,24,45,0.0,0.0,0.0,0.0625,0.5373263888888888,0.5373263888888888
0.1,0,B3,seen,standard,clear,72,3,4,21,44,0.125,0.42857142857142855,0.1935483870967742,0.08333333333333333,0.5373263888888888,0.5373263888888888
0.1,0,P1,seen,standard,clear,72,3,4,21,44,0.125,0.42857142857142855,0.1935483870967742,0.08333333333333333,0.5373263888888888,0.5416666666666666
0.1,0,B1,seen,standard,vertical_mid,72,0,0,24,48,0.0,,0.0,0.0,0.5720486111111112,0.5720486111111112
0.1,0,B2,seen,standard,vertical_mid,72,0,0,24,48,0.0,,0.0,0.0,0.6241319444444444,0.6241319444444444
0.1,0,B3,seen,standard,vertical_mid,72,0,0,24,48,0.0,,0.0,0.0,0.6241319444444444,0.6241319444444444
0.1,0,P1,seen,standard,vertical_mid,72,0,0,24,48,0.0,,0.0,0.0,0.6241319444444444,0.5911458333333334
0.1,0,B1,unseen,__all__,__all__,720,14,11,226,469,0.058333333333333334,0.56,0.10566037735849057,0.022916666666666665,0.5428385416666667,0.5428385416666667
0.1,0,B2,unseen,__all__,__all__,720,25,30,215,450,0.10416666666666667,0.45454545454545453,0.1694915254237288,0.0625,0.5630381944444445,0.5630381944444445
0.1,0,B3,unseen,__all__,__all__,720,20,23,220,457,0.08333333333333333,0.46511627906976744,0.1413427561837456,0.04791666666666667,0.5630381944444445,0.5580815972222222
0.1,0,P1,unseen,__all__,__all__,720,22,28,218,452,0.09166666666666666,0.44,0.15172413793103448,0.058333333333333334,0.5630381944444445,0.5591666666666667
0.1,0,B1,unseen,__all__,horizontal_new,144,0,0,48,96,0.0,,0.0,0.0,0.5581597222222222,0.5581597222222222
0.1,0,B2,unseen,__all__,horizontal_new,144,0,1,48,95,0.0,0.0,0.0,0.010416666666666666,0.5538194444444444,0.5538194444444444
0.1,0,B3,unseen,__all__,horizontal_new,144,0,0,48,96,0.0,,0.0,0.0,0.5538194444444444,0.5481770833333334
0.1,0,P1,unseen,__all__,horizontal_new,144,0,1,48,95,0.0,0.0,0.0,0.010416666666666666,0.5538194444444444,0.5607638888888888
0.1,0,B1,unseen,__all__,low_new,144,4,3,44,93,0.08333333333333333,0.5714285714285714,0.14545454545454545,0.03125,0.5499131944444444,0.5499131944444444
0.1,0,B2,unseen,__all__,low_new,144,9,10,39,86,0.1875,0.47368421052631576,0.26865671641791045,0.10416666666666667,0.5740017361111112,0.5740017361111112
0.1,0,B3,unseen,__all__,low_new,144,7,9,41,87,0.14583333333333334,0.4375,0.21875,0.09375,0.5740017361111112,0.5696614583333334
0.1,0,P1,unseen,__all__,low_new,144,8,9,40,87,0.16666666666666666,0.47058823529411764,0.24615384615384617,0.09375,0.5740017361111112,0.5755208333333334
0.1,0,B1,unseen,__all__,two_new,144,5,3,43,93,0.10416666666666667,0.625,0.17857142857142858,0.03125,0.5405815972222222,0.5405815972222222
0.1,0,B2,unseen,__all__,two_new,144,8,7,40,89,0.16666666666666666,0.5333333333333333,0.25396825396825395,0.07291666666666667,0.5685763888888888,0.5685763888888888
0.1,0,B3,unseen,__all__,two_new,144,6,5,42,91,0.125,0.5454545454545454,0.2033898305084746,0.052083333333333336,0.5685763888888888,0.5575086805555556
0.1,0,P1,unseen,__all__,two_new,144,6,7,42,89,0.125,0.46153846153846156,0.19672131147540983,0.07291666666666667,0.5685763888888888,0.5679253472222222
0.1,0,B1,unseen,__all__,vertical_new,144,0,1,48,95,0.0,0.0,0.0,0.010416666666666666,0.5922309027777778,0.5922309027777778
0.1,0,B2,unseen,__all__,vertical_new,144,0,1,48,95,0.0,0.0,0.0,0.010416666666666666,0.6184895833333334,0.6184895833333334
0.1,0,B3,unseen,__all__,vertical_new,144,0,1,48,95,0.0,0.0,0.0,0.010416666666666666,0.6184895833333334,0.6046006944444444
0.1,0,P1,unseen,__all__,vertical_new,144,0,1,48,95,0.0,0.0,0.0,0.010416666666666666,0.6184895833333334,0.6030815972222222
0.1,0,B1,unseen,__all__,wide_new,144,5,4,43,92,0.10416666666666667,0.5555555555555556,0.17543859649122806,0.041666666666666664,0.5366753472222222,0.5366753472222222
0.1,0,B2,unseen,__all__,wide_new,144,8,11,40,85,0.16666666666666666,0.42105263157894735,0.23880597014925373,0.11458333333333333,0.5514322916666666,0.5514322916666666
0.1,0,B3,unseen,__all__,wide_new,144,7,8,41,88,0.14583333333333334,0.4666666666666667,0.2222222222222222,0.08333333333333333,0.5514322916666666,0.5490451388888888
0.1,0,P1,unseen,__all__,wide_new,144,8,10,40,86,0.16666666666666666,0.4444444444444444,0.24242424242424243,0.10416666666666667,0.5514322916666666,0.5407986111111112
0.1,0,B1,unseen,harsh,__all__,360,14,11,106,229,0.11666666666666667,0.56,0.19310344827586207,0.04583333333333333,0.5681597222222222,0.5681597222222222
0.1,0,B2,unseen,harsh,__all__,360,25,27,95,213,0.20833333333333334,0.4807692307692308,0.29069767441860467,0.1125,0.5792013888888888,0.5792013888888888
0.1,0,B3,unseen,harsh,__all__,360,20,18,100,222,0.16666666666666666,0.5263157894736842,0.25316455696202533,0.075,0.5792013888888888,0.5792013888888888
0.1,0,P1,unseen,harsh,__all__,360,22,25,98,215,0.18333333333333332,0.46808510638297873,0.2634730538922156,0.10416666666666667,0.5792013888888888,0.5772569444444444
0.1,0,B1,unseen,harsh,horizontal_new,72,0,0,24,48,0.0,,0.0,0.0,0.5625,0.5625
0.1,0,B2,unseen,harsh,horizontal_new,72,0,1,24,47,0.0,0.0,0.0,0.020833333333333332,0.5763888888888888,0.5763888888888888
0.1,0,B3,unseen,harsh,horizontal_new,72,0,0,24,48,0.0,,0.0,0.0,0.5763888888888888,0.5763888888888888
0.1,0,P1,unseen,harsh,horizontal_new,72,0,1,24,47,0.0,0.0,0.0,0.020833333333333332,0.5763888888888888,0.5625
0.1,0,B1,unseen,harsh,low_new,72,4,3,20,45,0.16666666666666666,0.5714285714285714,0.25806451612903225,0.0625,0.5842013888888888,0.5842013888888888
0.1,0,B2,unseen,harsh,low_new,72,9,9,15,39,0.375,0.5,0.42857142857142855,0.1875,0.6171875,0.6171875
0.1,0,B3,unseen,harsh,low_new,72,7,6,17,42,0.2916666666666667,0.5384615384615384,0.3783783783783784,0.125,0.6171875,0.6171875
0.1,0,P1,unseen,harsh,low_new,72,8,8,16,40,0.3333333333333333,0.5,0.4,0.16666666666666666,0.6171875,0.6171875
0.1,0,B1,unseen,harsh,two_new,72,5,3,19,45,0.20833333333333334,0.625,0.3125,0.0625,0.5868055555555556,0.5868055555555556
0.1,0,B2,unseen,harsh,two_new,72,8,6,16,42,0.3333333333333333,0.5714285714285714,0.42105263157894735,0.125,0.6041666666666666,0.6041666666666666
0.1,0,B3,unseen,harsh,two_new,72,6,4,18,44,0.25,0.6,0.35294117647058826,0.08333333333333333,0.6041666666666666,0.6041666666666666
0.1,0,P1,unseen,harsh,two_new,72,6,6,18,42,0.25,0.5,0.3333333333333333,0.125,0.6041666666666666,0.6041666666666666
0.1,0,B1,unseen,harsh,vertical_new,72,0,1,24,47,0.0,0.0,0.0,0.020833333333333332,0.6293402777777778,0.6293402777777778
0.1,0,B2,unseen,harsh,vertical_new,72,0,1,24,47,0.0,0.0,0.0,0.020833333333333332,0.6354166666666666,0.6354166666666666
0.1,0,B3,unseen,harsh,vertical_new,72,0,1,24,47,0.0,0.0,0.0,0.020833333333333332,0.6354166666666666,0.6354166666666666
0.1,0,P1,unseen,harsh,vertical_new,72,0,1,24,47,0.0,0.0,0.0,0.020833333333333332,0.6354166666666666,0.6354166666666666
0.1,0,B1,unseen,harsh,wide_new,72,5,4,19,44,0.20833333333333334,0.5555555555555556,0.30303030303030304,0.08333333333333333,0.5859375,0.5859375
0.1,0,B2,unseen,harsh,wide_new,72,8,10,16,38,0.3333333333333333,0.4444444444444444,0.38095238095238093,0.20833333333333334,0.5894097222222222,0.5894097222222222
0.1,0,B3,unseen,harsh,wide_new,72,7,7,17,41,0.2916666666666667,0.5,0.3684210526315789,0.14583333333333334,0.5894097222222222,0.5894097222222222
0.1,0,P1,unseen,harsh,wide_new,72,8,9,16,39,0.3333333333333333,0.47058823529411764,0.3902439024390244,0.1875,0.5894097222222222,0.5894097222222222
0.1,0,B1,unseen,standard,__all__,360,0,0,120,240,0.0,,0.0,0.0,0.5291319444444444,0.5291319444444444
0.1,0,B2,unseen,standard,__all__,360,0,3,120,237,0.0,0.0,0.0,0.0125,0.5604513888888889,0.5604513888888889
0.1,0,B3,unseen,standard,__all__,360,0,5,120,235,0.0,0.0,0.0,0.020833333333333332,0.5604513888888889,0.5604513888888889
0.1,0,P1,unseen,standard,__all__,360,0,3,120,237,0.0,0.0,0.0,0.0125,0.5604513888888889,0.5539583333333333
0.1,0,B1,unseen,standard,horizontal_new,72,0,0,24,48,0.0,,0.0,0.0,0.5746527777777778,0.5746527777777778
0.1,0,B2,unseen,standard,horizontal_new,72,0,0,24,48,0.0,,0.0,0.0,0.5503472222222222,0.5503472222222222
0.1,0,B3,unseen,standard,horizontal_new,72,0,0,24,48,0.0,,0.0,0.0,0.5503472222222222,0.5503472222222222
0.1,0,P1,unseen,standard,horizontal_new,72,0,0,24,48,0.0,,0.0,0.0,0.5503472222222222,0.5833333333333334
0.1,0,B1,unseen,standard,low_new,72,0,0,24,48,0.0,,0.0,0.0,0.5355902777777778,0.5355902777777778
0.1,0,B2,unseen,standard,low_new,72,0,1,24,47,0.0,0.0,0.0,0.020833333333333332,0.546875,0.546875
0.1,0,B3,unseen,standard,low_new,72,0,3,24,45,0.0,0.0,0.0,0.0625,0.546875,0.546875
0.1,0,P1,unseen,standard,low_new,72,0,1,24,47,0.0,0.0,0.0,0.020833333333333332,0.546875,0.5538194444444444
0.1,0,B1,unseen,standard,two_new,72,0,0,24,48,0.0,,0.0,0.0,0.5295138888888888,0.5295138888888888
0.1,0,B2,unseen,standard,two_new,72,0,1,24,47,0.0,0.0,0.0,0.020833333333333332,0.5590277777777778,0.5590277777777778
0.1,0,B3,unseen,standard,two_new,72,0,1,24,47,0.0,0.0,0.0,0.020833333333333332,0.5590277777777778,0.5590277777777778
0.1,0,P1,unseen,standard,two_new,72,0,1,24,47,0.0,0.0,0.0,0.020833333333333332,0.5590277777777778,0.5677083333333334
0.1,0,B1,unseen,standard,vertical_new,72,0,0,24,48,0.0,,0.0,0.0,0.5616319444444444,0.5616319444444444
0.1,0,B2,unseen,standard,vertical_new,72,0,0,24,48,0.0,,0.0,0.0,0.6154513888888888,0.6154513888888888
0.1,0,B3,unseen,standard,vertical_new,72,0,0,24,48,0.0,,0.0,0.0,0.6154513888888888,0.6154513888888888
0.1,0,P1,unseen,standard,vertical_new,72,0,0,24,48,0.0,,0.0,0.0,0.6154513888888888,0.5711805555555556
0.1,0,B1,unseen,standard,wide_new,72,0,0,24,48,0.0,,0.0,0.0,0.5034722222222222,0.5034722222222222
0.1,0,B2,unseen,standard,wide_new,72,0,1,24,47,0.0,0.0,0.0,0.020833333333333332,0.5434027777777778,0.5434027777777778
0.1,0,B3,unseen,standard,wide_new,72,0,1,24,47,0.0,0.0,0.0,0.020833333333333332,0.5434027777777778,0.5434027777777778
0.1,0,P1,unseen,standard,wide_new,72,0,1,24,47,0.0,0.0,0.0,0.020833333333333332,0.5434027777777778,0.5199652777777778
0.1,1,B1,all,__all__,__all__,1152,43,34,341,734,0.11197916666666667,0.5584415584415584,0.18655097613882862,0.044270833333333336,0.5993754069010416,0.5993754069010416
0.1,1,B2,all,__all__,__all__,1152,54,47,330,721,0.140625,0.5346534653465347,0.22268041237113403,0.061197916666666664,0.6574503580729166,0.6574503580729166
0.1,1,B3,all,__all__,__all__,1152,54,44,330,724,0.140625,0.5510204081632653,0.22406639004149378,0.057291666666666664,0.6574503580729166,0.6565483940972222
0.1,1,P1,all,__all__,__all__,1152,55,48,329,720,0.14322916666666666,0.5339805825242718,0.22587268993839835,0.0625,0.6574503580729166,0.6572909884982638
0.1,1,B1,seen,__all__,__all__,432,21,21,123,267,0.14583333333333334,0.5,0.22580645161290322,0.07291666666666667,0.6284239969135802,0.6284239969135802
0.1,1,B2,seen,__all__,__all__,432,25,18,119,270,0.1736111111111111,0.5813953488372093,0.26737967914438504,0.0625,0.6843894675925926,0.6843894675925926
0.1,1,B3,seen,__all__,__all__,432,25,19,119,269,0.1736111111111111,0.5681818181818182,0.26595744680851063,0.06597222222222222,0.6843894675925926,0.6838107638888888
0.1,1,P1,seen,__all__,__all__,432,26,19,118,269,0.18055555555555555,0.5777777777777777,0.2751322751322751,0.06597222222222222,0.6843894675925926,0.6839072145061729
0.1,1,B1,seen,__all__,central_furniture,144,8,6,40,90,0.16666666666666666,0.5714285714285714,0.25806451612903225,0.0625,0.6161024305555556,0.6161024305555556
0.1,1,B2,seen,__all__,central_furniture,144,6,6,42,90,0.125,0.5,0.2,0.0625,0.6942274305555556,0.6942274305555556
0.1,1,B3,seen,__all__,central_furniture,144,6,6,42,90,0.125,0.5,0.2,0.0625,0.6942274305555556,0.6931423611111112
0.1,1,P1,seen,__all__,central_furniture,144,6,6,42,90,0.125,0.5,0.2,0.0625,0.6942274305555556,0.6957465277777778
0.1,1,B1,seen,__all__,clear,144,13,15,35,81,0.2708333333333333,0.4642857142857143,0.34210526315789475,0.15625,0.646484375,0.646484375
0.1,1,B2,seen,__all__,clear,144,12,8,36,88,0.25,0.6,0.35294117647058826,0.08333333333333333,0.7157118055555556,0.7157118055555556
0.1,1,B3,seen,__all__,clear,144,12,9,36,87,0.25,0.5714285714285714,0.34782608695652173,0.09375,0.7157118055555556,0.716796875
0.1,1,P1,seen,__all__,clear,144,12,8,36,88,0.25,0.6,0.35294117647058826,0.08333333333333333,0.7157118055555556,0.7159288194444444
0.1,1,B1,seen,__all__,vertical_mid,144,0,0,48,96,0.0,,0.0,0.0,0.6668836805555556,0.6668836805555556
0.1,1,B2,seen,__all__,vertical_mid,144,7,4,41,92,0.14583333333333334,0.6363636363636364,0.23728813559322035,0.041666666666666664,0.6681857638888888,0.6681857638888888
0.1,1,B3,seen,__all__,vertical_mid,144,7,4,41,92,0.14583333333333334,0.6363636363636364,0.23728813559322035,0.041666666666666664,0.6681857638888888,0.6668836805555556
0.1,1,P1,seen,__all__,vertical_mid,144,8,5,40,91,0.16666666666666666,0.6153846153846154,0.26229508196721313,0.052083333333333336,0.6681857638888888,0.6675347222222222
0.1,1,B1,seen,harsh,__all__,216,18,18,54,126,0.25,0.5,0.3333333333333333,0.125,0.6380208333333334,0.6380208333333334
0.1,1,B2,seen,harsh,__all__,216,21,10,51,134,0.2916666666666667,0.6774193548387096,0.4077669902912621,0.06944444444444445,0.7622492283950617,0.7622492283950617
0.1,1,B3,seen,harsh,__all__,216,21,9,51,135,0.2916666666666667,0.7,0.4117647058823529,0.0625,0.7622492283950617,0.7622492283950617
0.1,1,P1,seen,harsh,__all__,216,22,11,50,133,0.3055555555555556,0.6666666666666666,0.41904761904761906,0.0763888888888889,0.7622492283950617,0.7623456790123457
0.1,1,B1,seen,harsh,central_furniture,72,8,6,16,42,0.3333333333333333,0.5714285714285714,0.42105263157894735,0.125,0.6319444444444444,0.6319444444444444
0.1,1,B2,seen,harsh,central_furniture,72,6,3,18,45,0.25,0.6666666666666666,0.36363636363636365,0.0625,0.7769097222222222,0.7769097222222222
0.1,1,B3,seen,harsh,central_furniture,72,6,2,18,46,0.25,0.75,0.375,0.041666666666666664,0.7769097222222222,0.7769097222222222
0.1,1,P1,seen,harsh,central_furniture,72,6,3,18,45,0.25,0.6666666666666666,0.36363636363636365,0.0625,0.7769097222222222,0.7769097222222222
0.1,1,B1,seen,harsh,clear,72,10,12,14,36,0.4166666666666667,0.45454545454545453,0.43478260869565216,0.25,0.6692708333333334,0.6692708333333334
0.1,1,B2,seen,harsh,clear,72,9,5,15,43,0.375,0.6428571428571429,0.47368421052631576,0.10416666666666667,0.8020833333333334,0.8020833333333334
0.1,1,B3,seen,harsh,clear,72,9,5,15,43,0.375,0.6428571428571429,0.47368421052631576,0.10416666666666667,0.8020833333333334,0.8020833333333334
0.1,1,P1,seen,harsh,clear,72,9,5,15,43,0.375,0.6428571428571429,0.47368421052631576,0.10416666666666667,0.8020833333333334,0.8029513888888888
0.1,1,B1,seen,harsh,vertical_mid,72,0,0,24,48,0.0,,0.0,0.0,0.6970486111111112,0.6970486111111112
0.1,1,B2,seen,harsh,vertical_mid,72,6,2,18,46,0.25,0.75,0.375,0.041666666666666664,0.7447916666666666,0.7447916666666666
0.1,1,B3,seen,harsh,vertical_mid,72,6,2,18,46,0.25,0.75,0.375,0.041666666666666664,0.7447916666666666,0.7447916666666666
0.1,1,P1,seen,harsh,vertical_mid,72,7,3,17,45,0.2916666666666667,0.7,0.4117647058823529,0.0625,0.7447916666666666,0.7447916666666666
0.1,1,B1,seen,standard,__all__,216,3,3,69,141,0.041666666666666664,0.5,0.07692307692307693,0.020833333333333332,0.6311728395061729,0.6311728395061729
0.1,1,B2,seen,standard,__all__,216,4,8,68,136,0.05555555555555555,0.3333333333333333,0.09523809523809523,0.05555555555555555,0.5929783950617284,0.5929783950617284
0.1,1,B3,seen,standard,__all__,216,4,10,68,134,0.05555555555555555,0.2857142857142857,0.09302325581395349,0.06944444444444445,0.5929783950617284,0.5929783950617284
0.1,1,P1,seen,standard,__all__,216,4,8,68,136,0.05555555555555555,0.3333333333333333,0.09523809523809523,0.05555555555555555,0.5929783950617284,0.5910493827160493
0.1,1,B1,seen,standard,central_furniture,72,0,0,24,48,0.0,,0.0,0.0,0.6302083333333334,0.6302083333333334
0.1,1,B2,seen,standard,central_furniture,72,0,3,24,45,0.0,0.0,0.0,0.0625,0.5980902777777778,0.5980902777777778
0.1,1,B3,seen,standard,central_furniture,72,0,4,24,44,0.0,0.0,0.0,0.08333333333333333,0.5980902777777778,0.5980902777777778
0.1,1,P1,seen,standard,central_furniture,72,0,3,24,45,0.0,0.0,0.0,0.0625,0.5980902777777778,0.5980902777777778
0.1,1,B1,seen,standard,clear,72,3,3,21,45,0.125,0.5,0.2,0.0625,0.6588541666666666,0.6588541666666666
0.1,1,B2,seen,standard,clear,72,3,3,21,45,0.125,0.5,0.2,0.0625,0.6163194444444444,0.6163194444444444
0.1,1,B3,seen,standard,clear,72,3,4,21,44,0.125,0.42857142857142855,0.1935483870967742,0.08333333333333333,0.6163194444444444,0.6163194444444444
0.1,1,P1,seen,standard,clear,72,3,3,21,45,0.125,0.5,0.2,0.0625,0.6163194444444444,0.6163194444444444
0.1,1,B1,seen,standard,vertical_mid,72,0,0,24,48,0.0,,0.0,0.0,0.6380208333333334,0.6380208333333334
0.1,1,B2,seen,standard,vertical_mid,72,1,2,23,46,0.041666666666666664,0.3333333333333333,0.07407407407407407,0.041666666666666664,0.5850694444444444,0.5850694444444444
0.1,1,B3,seen,standard,vertical_mid,72,1,2,23,46,0.041666666666666664,0.3333333333333333,0.07407407407407407,0.041666666666666664,0.5850694444444444,0.5850694444444444
0.1,1,P1,seen,standard,vertical_mid,72,1,2,23,46,0.041666666666666664,0.3333333333333333,0.07407407407407407,0.041666666666666664,0.5850694444444444,0.5833333333333334
0.1,1,B1,unseen,__all__,__all__,720,22,13,218,467,0.09166666666666666,0.6285714285714286,0.16,0.027083333333333334,0.5821267361111111,0.5821267361111111
0.1,1,B2,unseen,__all__,__all__,720,29,29,211,451,0.12083333333333333,0.5,0.19463087248322147,0.06041666666666667,0.6406336805555556,0.6406336805555556
0.1,1,B3,unseen,__all__,__all__,720,29,25,211,455,0.12083333333333333,0.5370370370370371,0.19727891156462585,0.052083333333333336,0.6406336805555556,0.6394270833333333
0.1,1,P1,unseen,__all__,__all__,720,29,29,211,451,0.12083333333333333,0.5,0.19463087248322147,0.06041666666666667,0.6406336805555556,0.6408420138888888
0.1,1,B1,unseen,__all__,horizontal_new,144,0,0,48,96,0.0,,0.0,0.0,0.5642361111111112,0.5642361111111112
0.1,1,B2,unseen,__all__,horizontal_new,144,5,10,43,86,0.10416666666666667,0.3333333333333333,0.15873015873015872,0.10416666666666667,0.6039496527777778,0.6039496527777778
0.1,1,B3,unseen,__all__,horizontal_new,144,5,9,43,87,0.10416666666666667,0.35714285714285715,0.16129032258064516,0.09375,0.6039496527777778,0.5980902777777778
0.1,1,P1,unseen,__all__,horizontal_new,144,5,10,43,86,0.10416666666666667,0.3333333333333333,0.15873015873015872,0.10416666666666667,0.6039496527777778,0.6019965277777778
0.1,1,B1,unseen,__all__,low_new,144,12,9,36,87,0.25,0.5714285714285714,0.34782608695652173,0.09375,0.6241319444444444,0.6241319444444444
0.1,1,B2,unseen,__all__,low_new,144,8,6,40,90,0.16666666666666666,0.5714285714285714,0.25806451612903225,0.0625,0.6968315972222222,0.6968315972222222
0.1,1,B3,unseen,__all__,low_new,144,8,6,40,90,0.16666666666666666,0.5714285714285714,0.25806451612903225,0.0625,0.6968315972222222,0.6935763888888888
0.1,1,P1,unseen,__all__,low_new,144,8,6,40,90,0.16666666666666666,0.5714285714285714,0.25806451612903225,0.0625,0.6968315972222222,0.6976996527777778
0.1,1,B1,unseen,__all__,two_new,144,5,2,43,94,0.10416666666666667,0.7142857142857143,0.18181818181818182,0.020833333333333332,0.5733506944444444,0.5733506944444444
0.1,1,B2,unseen,__all__,two_new,144,4,2,44,94,0.08333333333333333,0.6666666666666666,0.14814814814814814,0.020833333333333332,0.6486545138888888,0.6486545138888888
0.1,1,B3,unseen,__all__,two_new,144,4,1,44,95,0.08333333333333333,0.8,0.1509433962264151,0.010416666666666666,0.6486545138888888,0.6484375
0.1,1,P1,unseen,__all__,two_new,144,4,2,44,94,0.08333333333333333,0.6666666666666666,0.14814814814814814,0.020833333333333332,0.6486545138888888,0.6480034722222222
0.1,1,B1,unseen,__all__,vertical_new,144,0,0,48,96,0.0,,0.0,0.0,0.6356336805555556,0.6356336805555556
0.1,1,B2,unseen,__all__,vertical_new,144,6,4,42,92,0.125,0.6,0.20689655172413793,0.041666666666666664,0.6514756944444444,0.6514756944444444
0.1,1,B3,unseen,__all__,vertical_new,144,6,3,42,93,0.125,0.6666666666666666,0.21052631578947367,0.03125,0.6514756944444444,0.6532118055555556
0.1,1,P1,unseen,__all__,vertical_new,144,6,4,42,92,0.125,0.6,0.20689655172413793,0.041666666666666664,0.6514756944444444,0.6516927083333334
0.1,1,B1,unseen,__all__,wide_new,144,5,2,43,94,0.10416666666666667,0.7142857142857143,0.18181818181818182,0.020833333333333332,0.564453125,0.564453125
0.1,1,B2,unseen,__all__,wide_new,144,6,7,42,89,0.125,0.46153846153846156,0.19672131147540983,0.07291666666666667,0.6338975694444444,0.6338975694444444
0.1,1,B3,unseen,__all__,wide_new,144,6,6,42,90,0.125,0.5,0.2,0.0625,0.6338975694444444,0.6321614583333334
0.1,1,P1,unseen,__all__,wide_new,144,6,7,42,89,0.125,0.46153846153846156,0.19672131147540983,0.07291666666666667,0.6338975694444444,0.6341145833333334
0.1,1,B1,unseen,harsh,__all__,360,19,12,101,228,0.15833333333333333,0.6129032258064516,0.25165562913907286,0.05,0.5790625,0.5790625
0.1,1,B2,unseen,harsh,__all__,360,21,14,99,226,0.175,0.6,0.2709677419354839,0.058333333333333334,0.7053125,0.7053125
0.1,1,B3,unseen,harsh,__all__,360,20,10,100,230,0.16666666666666666,0.6666666666666666,0.26666666666666666,0.041666666666666664,0.7053125,0.7053125
0.1,1,P1,unseen,harsh,__all__,360,21,14,99,226,0.175,0.6,0.2709677419354839,0.058333333333333334,0.7053125,0.7054166666666667
0.1,1,B1,unseen,harsh,horizontal_new,72,0,0,24,48,0.0,,0.0,0.0,0.5486111111111112,0.5486111111111112
0.1,1,B2,unseen,harsh,horizontal_new,72,2,4,22,44,0.08333333333333333,0.3333333333333333,0.13333333333333333,0.08333333333333333,0.6657986111111112,0.6657986111111112
0.1,1,B3,unseen,harsh,horizontal_new,72,2,3,22,45,0.08333333333333333,0.4,0.13793103448275862,0.0625,0.6657986111111112,0.6657986111111112
0.1,1,P1,unseen,harsh,horizontal_new,72,2,4,22,44,0.08333333333333333,0.3333333333333333,0.13333333333333333,0.08333333333333333,0.6657986111111112,0.6657986111111112
0.1,1,B1,unseen,harsh,low_new,72,9,8,15,40,0.375,0.5294117647058824,0.43902439024390244,0.16666666666666666,0.6180555555555556,0.6180555555555556
0.1,1,B2,unseen,harsh,low_new,72,6,4,18,44,0.25,0.6,0.35294117647058826,0.08333333333333333,0.7552083333333334,0.7552083333333334
0.1,1,B3,unseen,harsh,low_new,72,5,4,19,44,0.20833333333333334,0.5555555555555556,0.30303030303030304,0.08333333333333333,0.7552083333333334,0.7552083333333334
0.1,1,P1,unseen,harsh,low_new,72,6,4,18,44,0.25,0.6,0.35294117647058826,0.08333333333333333,0.7552083333333334,0.7552083333333334
0.1,1,B1,unseen,harsh,two_new,72,5,2,19,46,0.20833333333333334,0.7142857142857143,0.3225806451612903,0.041666666666666664,0.5737847222222222,0.5737847222222222
0.1,1,B2,unseen,harsh,two_new,72,4,1,20,47,0.16666666666666666,0.8,0.27586206896551724,0.020833333333333332,0.7170138888888888,0.7170138888888888
0.1,1,B3,unseen,harsh,two_new,72,4,0,20,48,0.16666666666666666,1.0,0.2857142857142857,0.0,0.7170138888888888,0.7170138888888888
0.1,1,P1,unseen,harsh,two_new,72,4,1,20,47,0.16666666666666666,0.8,0.27586206896551724,0.020833333333333332,0.7170138888888888,0.7170138888888888
0.1,1,B1,unseen,harsh,vertical_new,72,0,0,24,48,0.0,,0.0,0.0,0.6840277777777778,0.6840277777777778
0.1,1,B2,unseen,harsh,vertical_new,72,4,2,20,46,0.16666666666666666,0.6666666666666666,0.26666666666666666,0.041666666666666664,0.7222222222222222,0.7222222222222222
0.1,1,B3,unseen,harsh,vertical_new,72,4,1,20,47,0.16666666666666666,0.8,0.27586206896551724,0.020833333333333332,0.7222222222222222,0.7222222222222222
0.1,1,P1,unseen,harsh,vertical_new,72,4,2,20,46,0.16666666666666666,0.6666666666666666,0.26666666666666666,0.041666666666666664,0.7222222222222222,0.7222222222222222
0.1,1,B1,unseen,harsh,wide_new,72,5,2,19,46,0.20833333333333334,0.7142857142857143,0.3225806451612903,0.041666666666666664,0.5807291666666666,0.5807291666666666
0.1,1,B2,unseen,harsh,wide_new,72,5,3,19,45,0.20833333333333334,0.625,0.3125,0.0625,0.7100694444444444,0.7100694444444444
0.1,1,B3,unseen,harsh,wide_new,72,5,2,19,46,0.20833333333333334,0.7142857142857143,0.3225806451612903,0.041666666666666664,0.7100694444444444,0.7100694444444444
0.1,1,P1,unseen,harsh,wide_new,72,5,3,19,45,0.20833333333333334,0.625,0.3125,0.0625,0.7100694444444444,0.7100694444444444
0.1,1,B1,unseen,standard,__all__,360,3,1,117,239,0.025,0.75,0.04838709677419355,0.004166666666666667,0.6028472222222222,0.6028472222222222
0.1,1,B2,unseen,standard,__all__,360,8,15,112,225,0.06666666666666667,0.34782608695652173,0.11188811188811189,0.0625,0.5617708333333333,0.5617708333333333
0.1,1,B3,unseen,standard,__all__,360,9,15,111,225,0.075,0.375,0.125,0.0625,0.5617708333333333,0.5617708333333333
0.1,1,P1,unseen,standard,__all__,360,8,15,112,225,0.06666666666666667,0.34782608695652173,0.11188811188811189,0.0625,0.5617708333333333,0.5625694444444445
0.1,1,B1,unseen,standard,horizontal_new,72,0,0,24,48,0.0,,0.0,0.0,0.5989583333333334,0.5989583333333334
0.1,1,B2,unseen,standard,horizontal_new,72,3,6,21,42,0.125,0.3333333333333333,0.18181818181818182,0.125,0.5364583333333334,0.5364583333333334
0.1,1,B3,unseen,standard,horizontal_new,72,3,6,21,42,0.125,0.3333333333333333,0.18181818181818182,0.125,0.5364583333333334,0.5364583333333334
0.1,1,P1,unseen,standard,horizontal_new,72,3,6,21,42,0.125,0.3333333333333333,0.18181818181818182,0.125,0.5364583333333334,0.5321180555555556
0.1,1,B1,unseen,standard,low_new,72,3,1,21,47,0.125,0.75,0.21428571428571427,0.020833333333333332,0.6701388888888888,0.6701388888888888
0.1,1,B2,unseen,standard,low_new,72,2,2,22,46,0.08333333333333333,0.5,0.14285714285714285,0.041666666666666664,0.6189236111111112,0.6189236111111112
0.1,1,B3,unseen,standard,low_new,72,3,2,21,46,0.125,0.6,0.20689655172413793,0.041666666666666664,0.6189236111111112,0.6189236111111112
0.1,1,P1,unseen,standard,low_new,72,2,2,22,46,0.08333333333333333,0.5,0.14285714285714285,0.041666666666666664,0.6189236111111112,0.6189236111111112
0.1,1,B1,unseen,standard,two_new,72,0,0,24,48,0.0,,0.0,0.0,0.6128472222222222,0.6128472222222222
0.1,1,B2,unseen,standard,two_new,72,0,1,24,47,0.0,0.0,0.0,0.020833333333333332,0.5651041666666666,0.5651041666666666
0.1,1,B3,unseen,standard,two_new,72,0,1,24,47,0.0,0.0,0.0,0.020833333333333332,0.5651041666666666,0.5651041666666666
0.1,1,P1,unseen,standard,two_new,72,0,1,24,47,0.0,0.0,0.0,0.020833333333333332,0.5651041666666666,0.5581597222222222
0.1,1,B1,unseen,standard,vertical_new,72,0,0,24,48,0.0,,0.0,0.0,0.5868055555555556,0.5868055555555556
0.1,1,B2,unseen,standard,vertical_new,72,2,2,22,46,0.08333333333333333,0.5,0.14285714285714285,0.041666666666666664,0.5711805555555556,0.5711805555555556
0.1,1,B3,unseen,standard,vertical_new,72,2,2,22,46,0.08333333333333333,0.5,0.14285714285714285,0.041666666666666664,0.5711805555555556,0.5711805555555556
0.1,1,P1,unseen,standard,vertical_new,72,2,2,22,46,0.08333333333333333,0.5,0.14285714285714285,0.041666666666666664,0.5711805555555556,0.5711805555555556
0.1,1,B1,unseen,standard,wide_new,72,0,0,24,48,0.0,,0.0,0.0,0.5711805555555556,0.5711805555555556
0.1,1,B2,unseen,standard,wide_new,72,1,4,23,44,0.041666666666666664,0.2,0.06896551724137931,0.08333333333333333,0.5460069444444444,0.5460069444444444
0.1,1,B3,unseen,standard,wide_new,72,1,4,23,44,0.041666666666666664,0.2,0.06896551724137931,0.08333333333333333,0.5460069444444444,0.5460069444444444
0.1,1,P1,unseen,standard,wide_new,72,1,4,23,44,0.041666666666666664,0.2,0.06896551724137931,0.08333333333333333,0.5460069444444444,0.5434027777777778
0.1,2,B1,all,__all__,__all__,1152,65,50,319,718,0.16927083333333334,0.5652173913043478,0.2605210420841683,0.06510416666666667,0.7125684950086806,0.7125684950086806
0.1,2,B2,all,__all__,__all__,1152,41,72,343,696,0.10677083333333333,0.36283185840707965,0.16498993963782696,0.09375,0.5221405029296875,0.5221405029296875
0.1,2,B3,all,__all__,__all__,1152,36,56,348,712,0.09375,0.391304347826087,0.15126050420168066,0.07291666666666667,0.5221405029296875,0.5264926486545138
0.1,2,P1,all,__all__,__all__,1152,34,47,350,721,0.08854166666666667,0.41975308641975306,0.14623655913978495,0.061197916666666664,0.5221405029296875,0.5245530870225694
0.1,2,B1,seen,__all__,__all__,432,35,24,109,264,0.24305555555555555,0.5932203389830508,0.3448275862068966,0.08333333333333333,0.7331211419753086,0.7331211419753086
0.1,2,B2,seen,__all__,__all__,432,18,32,126,256,0.125,0.36,0.18556701030927836,0.1111111111111111,0.5237750771604939,0.5237750771604939
0.1,2,B3,seen,__all__,__all__,432,19,30,125,258,0.13194444444444445,0.3877551020408163,0.19689119170984457,0.10416666666666667,0.5237750771604939,0.5315393518518519
0.1,2,P1,seen,__all__,__all__,432,19,27,125,261,0.13194444444444445,0.41304347826086957,0.2,0.09375,0.5237750771604939,0.5199170524691358
0.1,2,B1,seen,__all__,central_furniture,144,9,6,39,90,0.1875,0.6,0.2857142857142857,0.0625,0.7369791666666666,0.7369791666666666
0.1,2,B2,seen,__all__,central_furniture,144,8,17,40,79,0.16666666666666666,0.32,0.2191780821917808,0.17708333333333334,0.5160590277777778,0.5160590277777778
0.1,2,B3,seen,__all__,central_furniture,144,7,13,41,83,0.14583333333333334,0.35,0.20588235294117646,0.13541666666666666,0.5160590277777778,0.5392795138888888
0.1,2,P1,seen,__all__,central_furniture,144,7,10,41,86,0.14583333333333334,0.4117647058823529,0.2153846153846154,0.10416666666666667,0.5160590277777778,0.5256076388888888
0.1,2,B1,seen,__all__,clear,144,22,17,26,79,0.4583333333333333,0.5641025641025641,0.5057471264367817,0.17708333333333334,0.7486979166666666,0.7486979166666666
0.1,2,B2,seen,__all__,clear,144,10,15,38,81,0.20833333333333334,0.4,0.273972602739726,0.15625,0.5210503472222222,0.5210503472222222
0.1,2,B3,seen,__all__,clear,144,12,17,36,79,0.25,0.41379310344827586,0.3116883116883117,0.17708333333333334,0.5210503472222222,0.5533854166666666
0.1,2,P1,seen,__all__,clear,144,12,16,36,80,0.25,0.42857142857142855,0.3157894736842105,0.16666666666666666,0.5210503472222222,0.5557725694444444
0.1,2,B1,seen,__all__,vertical_mid,144,4,1,44,95,0.08333333333333333,0.8,0.1509433962264151,0.010416666666666666,0.7376302083333334,0.7376302083333334
0.1,2,B2,seen,__all__,vertical_mid,144,0,0,48,96,0.0,,0.0,0.0,0.5881076388888888,0.5881076388888888
0.1,2,B3,seen,__all__,vertical_mid,144,0,0,48,96,0.0,,0.0,0.0,0.5881076388888888,0.5336371527777778
0.1,2,P1,seen,__all__,vertical_mid,144,0,1,48,95,0.0,0.0,0.0,0.010416666666666666,0.5881076388888888,0.5347222222222222
0.1,2,B1,seen,harsh,__all__,216,29,20,43,124,0.4027777777777778,0.5918367346938775,0.4793388429752066,0.1388888888888889,0.7771026234567902,0.7771026234567902
0.1,2,B2,seen,harsh,__all__,216,18,32,54,112,0.25,0.36,0.29508196721311475,0.2222222222222222,0.5339506172839507,0.5339506172839507
0.1,2,B3,seen,harsh,__all__,216,12,17,60,127,0.16666666666666666,0.41379310344827586,0.2376237623762376,0.11805555555555555,0.5339506172839507,0.5339506172839507
0.1,2,P1,seen,harsh,__all__,216,16,21,56,123,0.2222222222222222,0.43243243243243246,0.29357798165137616,0.14583333333333334,0.5339506172839507,0.5315393518518519
0.1,2,B1,seen,harsh,central_furniture,72,9,6,15,42,0.375,0.6,0.46153846153846156,0.125,0.7760416666666666,0.7760416666666666
0.1,2,B2,seen,harsh,central_furniture,72,8,17,16,31,0.3333333333333333,0.32,0.32653061224489793,0.3541666666666667,0.5442708333333334,0.5442708333333334
0.1,2,B3,seen,harsh,central_furniture,72,5,7,19,41,0.20833333333333334,0.4166666666666667,0.2777777777777778,0.14583333333333334,0.5442708333333334,0.5442708333333334
0.1,2,P1,seen,harsh,central_furniture,72,7,9,17,39,0.2916666666666667,0.4375,0.35,0.1875,0.5442708333333334,0.5442708333333334
0.1,2,B1,seen,harsh,clear,72,18,13,6,35,0.75,0.5806451612903226,0.6545454545454545,0.2708333333333333,0.8133680555555556,0.8133680555555556
0.1,2,B2,seen,harsh,clear,72,10,15,14,33,0.4166666666666667,0.4,0.40816326530612246,0.3125,0.5616319444444444,0.5616319444444444
0.1,2,B3,seen,harsh,clear,72,7,10,17,38,0.2916666666666667,0.4117647058823529,0.34146341463414637,0.20833333333333334,0.5616319444444444,0.5616319444444444
0.1,2,P1,seen,harsh,clear,72,9,11,15,37,0.375,0.45,0.4090909090909091,0.22916666666666666,0.5616319444444444,0.5555555555555556
0.1,2,B1,seen,harsh,vertical_mid,72,2,1,22,47,0.08333333333333333,0.6666666666666666,0.14814814814814814,0.020833333333333332,0.7699652777777778,0.7699652777777778
0.1,2,B2,seen,harsh,vertical_mid,72,0,0,24,48,0.0,,0.0,0.0,0.6371527777777778,0.6371527777777778
0.1,2,B3,seen,harsh,vertical_mid,72,0,0,24,48,0.0,,0.0,0.0,0.6371527777777778,0.6371527777777778
0.1,2,P1,seen,harsh,vertical_mid,72,0,1,24,47,0.0,0.0,0.0,0.020833333333333332,0.6371527777777778,0.6371527777777778
0.1,2,B1,seen,standard,__all__,216,6,4,66,140,0.08333333333333333,0.6,0.14634146341463414,0.027777777777777776,0.6858603395061729,0.6858603395061729
0.1,2,B2,seen,standard,__all__,216,0,0,72,144,0.0,,0.0,0.0,0.5439814814814815,0.5439814814814815
0.1,2,B3,seen,standard,__all__,216,7,13,65,131,0.09722222222222222,0.35,0.15217391304347827,0.09027777777777778,0.5439814814814815,0.5439814814814815
0.1,2,P1,seen,standard,__all__,216,3,6,69,138,0.041666666666666664,0.3333333333333333,0.07407407407407407,0.041666666666666664,0.5439814814814815,0.5022183641975309
0.1,2,B1,seen,standard,central_furniture,72,0,0,24,48,0.0,,0.0,0.0,0.6979166666666666,0.6979166666666666
0.1,2,B2,seen,standard,central_furniture,72,0,0,24,48,0.0,,0.0,0.0,0.5442708333333334,0.5442708333333334
0.1,2,B3,seen,standard,central_furniture,72,2,6,22,42,0.08333333333333333,0.25,0.125,0.125,0.5442708333333334,0.5442708333333334
0.1,2,P1,seen,standard,central_furniture,72,0,1,24,47,0.0,0.0,0.0,0.020833333333333332,0.5442708333333334,0.4748263888888889
0.1,2,B1,seen,standard,clear,72,4,4,20,44,0.16666666666666666,0.5,0.25,0.08333333333333333,0.6744791666666666,0.6744791666666666
0.1,2,B2,seen,standard,clear,72,0,0,24,48,0.0,,0.0,0.0,0.5416666666666666,0.5416666666666666
0.1,2,B3,seen,standard,clear,72,5,7,19,41,0.20833333333333334,0.4166666666666667,0.2777777777777778,0.14583333333333334,0.5416666666666666,0.5416666666666666
0.1,2,P1,seen,standard,clear,72,3,5,21,43,0.125,0.375,0.1875,0.10416666666666667,0.5416666666666666,0.5451388888888888
0.1,2,B1,seen,standard,vertical_mid,72,2,0,22,48,0.08333333333333333,1.0,0.15384615384615385,0.0,0.7092013888888888,0.7092013888888888
0.1,2,B2,seen,standard,vertical_mid,72,0,0,24,48,0.0,,0.0,0.0,0.5390625,0.5390625
0.1,2,B3,seen,standard,vertical_mid,72,0,0,24,48,0.0,,0.0,0.0,0.5390625,0.5390625
0.1,2,P1,seen,standard,vertical_mid,72,0,0,24,48,0.0,,0.0,0.0,0.5390625,0.4713541666666667
0.1,2,B1,unseen,__all__,__all__,720,30,26,210,454,0.125,0.5357142857142857,0.20270270270270271,0.05416666666666667,0.7018055555555556,0.7018055555555556
0.1,2,B2,unseen,__all__,__all__,720,23,40,217,440,0.09583333333333334,0.36507936507936506,0.15181518151815182,0.08333333333333333,0.5215798611111111,0.5215798611111111
0.1,2,B3,unseen,__all__,__all__,720,17,26,223,454,0.07083333333333333,0.3953488372093023,0.12014134275618374,0.05416666666666667,0.5215798611111111,0.523359375
0.1,2,P1,unseen,__all__,__all__,720,15,20,225,460,0.0625,0.42857142857142855,0.10909090909090909,0.041666666666666664,0.5215798611111111,0.5286545138888888
0.1,2,B1,unseen,__all__,horizontal_new,144,2,2,46,94,0.041666666666666664,0.5,0.07692307692307693,0.020833333333333332,0.7404513888888888,0.7404513888888888
0.1,2,B2,unseen,__all__,horizontal_new,144,0,0,48,96,0.0,,0.0,0.0,0.5355902777777778,0.5355902777777778
0.1,2,B3,unseen,__all__,horizontal_new,144,0,0,48,96,0.0,,0.0,0.0,0.5355902777777778,0.5236545138888888
0.1,2,P1,unseen,__all__,horizontal_new,144,0,0,48,96,0.0,,0.0,0.0,0.5355902777777778,0.5629340277777778
0.1,2,B1,unseen,__all__,low_new,144,14,13,34,83,0.2916666666666667,0.5185185185185185,0.37333333333333335,0.13541666666666666,0.7326388888888888,0.7326388888888888
0.1,2,B2,unseen,__all__,low_new,144,8,16,40,80,0.16666666666666666,0.3333333333333333,0.2222222222222222,0.16666666666666666,0.5210503472222222,0.5210503472222222
0.1,2,B3,unseen,__all__,low_new,144,8,13,40,83,0.16666666666666666,0.38095238095238093,0.2318840579710145,0.13541666666666666,0.5210503472222222,0.5427517361111112
0.1,2,P1,unseen,__all__,low_new,144,7,8,41,88,0.14583333333333334,0.4666666666666667,0.2222222222222222,0.08333333333333333,0.5210503472222222,0.5648871527777778
0.1,2,B1,unseen,__all__,two_new,144,6,6,42,90,0.125,0.5,0.2,0.0625,0.6859809027777778,0.6859809027777778
0.1,2,B2,unseen,__all__,two_new,144,7,12,41,84,0.14583333333333334,0.3684210526315789,0.208955223880597,0.125,0.5162760416666666,0.5162760416666666
0.1,2,B3,unseen,__all__,two_new,144,5,7,43,89,0.10416666666666667,0.4166666666666667,0.16666666666666666,0.07291666666666667,0.5162760416666666,0.5336371527777778
0.1,2,P1,unseen,__all__,two_new,144,4,6,44,90,0.08333333333333333,0.4,0.13793103448275862,0.0625,0.5162760416666666,0.548828125
0.1,2,B1,unseen,__all__,vertical_new,144,1,1,47,95,0.020833333333333332,0.5,0.04,0.010416666666666666,0.7178819444444444,0.7178819444444444
0.1,2,B2,unseen,__all__,vertical_new,144,0,0,48,96,0.0,,0.0,0.0,0.5794270833333334,0.5794270833333334
0.1,2,B3,unseen,__all__,vertical_new,144,0,0,48,96,0.0,,0.0,0.0,0.5794270833333334,0.5303819444444444
0.1,2,P1,unseen,__all__,vertical_new,144,0,0,48,96,0.0,,0.0,0.0,0.5794270833333334,0.5269097222222222
0.1,2,B1,unseen,__all__,wide_new,144,7,4,41,92,0.14583333333333334,0.6363636363636364,0.23728813559322035,0.041666666666666664,0.6551649305555556,0.6551649305555556
0.1,2,B2,unseen,__all__,wide_new,144,8,12,40,84,0.16666666666666666,0.4,0.23529411764705882,0.125,0.5130208333333334,0.5130208333333334
0.1,2,B3,unseen,__all__,wide_new,144,4,6,44,90,0.08333333333333333,0.4,0.13793103448275862,0.0625,0.5130208333333334,0.5299479166666666
0.1,2,P1,unseen,__all__,wide_new,144,4,6,44,90,0.08333333333333333,0.4,0.13793103448275862,0.0625,0.5130208333333334,0.509765625
0.1,2,B1,unseen,harsh,__all__,360,26,23,94,217,0.21666666666666667,0.5306122448979592,0.3076923076923077,0.09583333333333334,0.7207291666666666,0.7207291666666666
0.1,2,B2,unseen,harsh,__all__,360,23,40,97,200,0.19166666666666668,0.36507936507936506,0.25136612021857924,0.16666666666666666,0.5195486111111111,0.5195486111111111
0.1,2,B3,unseen,harsh,__all__,360,13,14,107,226,0.10833333333333334,0.48148148148148145,0.17687074829931973,0.058333333333333334,0.5195486111111111,0.5195486111111111
0.1,2,P1,unseen,harsh,__all__,360,15,20,105,220,0.125,0.42857142857142855,0.1935483870967742,0.08333333333333333,0.5195486111111111,0.5154513888888889
0.1,2,B1,unseen,harsh,horizontal_new,72,2,2,22,46,0.08333333333333333,0.5,0.14285714285714285,0.041666666666666664,0.7248263888888888,0.7248263888888888
0.1,2,B2,unseen,harsh,horizontal_new,72,0,0,24,48,0.0,,0.0,0.0,0.5164930555555556,0.5164930555555556
0.1,2,B3,unseen,harsh,horizontal_new,72,0,0,24,48,0.0,,0.0,0.0,0.5164930555555556,0.5164930555555556
0.1,2,P1,unseen,harsh,horizontal_new,72,0,0,24,48,0.0,,0.0,0.0,0.5164930555555556,0.484375
0.1,2,B1,unseen,harsh,low_new,72,10,10,14,38,0.4166666666666667,0.5,0.45454545454545453,0.20833333333333334,0.7578125,0.7578125
0.1,2,B2,unseen,harsh,low_new,72,8,16,16,32,0.3333333333333333,0.3333333333333333,0.3333333333333333,0.3333333333333333,0.5425347222222222,0.5425347222222222
0.1,2,B3,unseen,harsh,low_new,72,5,6,19,42,0.20833333333333334,0.45454545454545453,0.2857142857142857,0.125,0.5425347222222222,0.5425347222222222
0.1,2,P1,unseen,harsh,low_new,72,7,8,17,40,0.2916666666666667,0.4666666666666667,0.358974358974359,0.16666666666666666,0.5425347222222222,0.5425347222222222
0.1,2,B1,unseen,harsh,two_new,72,6,6,18,42,0.25,0.5,0.3333333333333333,0.125,0.7005208333333334,0.7005208333333334
0.1,2,B2,unseen,harsh,two_new,72,7,12,17,36,0.2916666666666667,0.3684210526315789,0.32558139534883723,0.25,0.5303819444444444,0.5303819444444444
0.1,2,B3,unseen,harsh,two_new,72,4,4,20,44,0.16666666666666666,0.5,0.25,0.08333333333333333,0.5303819444444444,0.5303819444444444
0.1,2,P1,unseen,harsh,two_new,72,4,6,20,42,0.16666666666666666,0.4,0.23529411764705882,0.125,0.5303819444444444,0.5303819444444444
0.1,2,B1,unseen,harsh,vertical_new,72,1,1,23,47,0.041666666666666664,0.5,0.07692307692307693,0.020833333333333332,0.7690972222222222,0.7690972222222222
0.1,2,B2,unseen,harsh,vertical_new,72,0,0,24,48,0.0,,0.0,0.0,0.6215277777777778,0.6215277777777778
0.1,2,B3,unseen,harsh,vertical_new,72,0,0,24,48,0.0,,0.0,0.0,0.6215277777777778,0.6215277777777778
0.1,2,P1,unseen,harsh,vertical_new,72,0,0,24,48,0.0,,0.0,0.0,0.6215277777777778,0.6215277777777778
0.1,2,B1,unseen,harsh,wide_new,72,7,4,17,44,0.2916666666666667,0.6363636363636364,0.4,0.08333333333333333,0.6831597222222222,0.6831597222222222
0.1,2,B2,unseen,harsh,wide_new,72,8,12,16,36,0.3333333333333333,0.4,0.36363636363636365,0.25,0.5355902777777778,0.5355902777777778
0.1,2,B3,unseen,harsh,wide_new,72,4,4,20,44,0.16666666666666666,0.5,0.25,0.08333333333333333,0.5355902777777778,0.5355902777777778
0.1,2,P1,unseen,harsh,wide_new,72,4,6,20,42,0.16666666666666666,0.4,0.23529411764705882,0.125,0.5355902777777778,0.5355902777777778
0.1,2,B1,unseen,standard,__all__,360,4,3,116,237,0.03333333333333333,0.5714285714285714,0.06299212598425197,0.0125,0.6835416666666667,0.6835416666666667
0.1,2,B2,unseen,standard,__all__,360,0,0,120,240,0.0,,0.0,0.0,0.5520486111111111,0.5520486111111111
0.1,2,B3,unseen,standard,__all__,360,4,12,116,228,0.03333333333333333,0.25,0.058823529411764705,0.05,0.5520486111111111,0.5520486111111111
0.1,2,P1,unseen,standard,__all__,360,0,0,120,240,0.0,,0.0,0.0,0.5520486111111111,0.5433680555555556
0.1,2,B1,unseen,standard,horizontal_new,72,0,0,24,48,0.0,,0.0,0.0,0.7552083333333334,0.7552083333333334
0.1,2,B2,unseen,standard,horizontal_new,72,0,0,24,48,0.0,,0.0,0.0,0.5798611111111112,0.5798611111111112
0.1,2,B3,unseen,standard,horizontal_new,72,0,0,24,48,0.0,,0.0,0.0,0.5798611111111112,0.5798611111111112
0.1,2,P1,unseen,standard,horizontal_new,72,0,0,24,48,0.0,,0.0,0.0,0.5798611111111112,0.6614583333333334
0.1,2,B1,unseen,standard,low_new,72,4,3,20,45,0.16666666666666666,0.5714285714285714,0.25806451612903225,0.0625,0.7074652777777778,0.7074652777777778
0.1,2,B2,unseen,standard,low_new,72,0,0,24,48,0.0,,0.0,0.0,0.5590277777777778,0.5590277777777778
0.1,2,B3,unseen,standard,low_new,72,3,7,21,41,0.125,0.3,0.17647058823529413,0.14583333333333334,0.5590277777777778,0.5590277777777778
0.1,2,P1,unseen,standard,low_new,72,0,0,24,48,0.0,,0.0,0.0,0.5590277777777778,0.5902777777777778
0.1,2,B1,unseen,standard,two_new,72,0,0,24,48,0.0,,0.0,0.0,0.6822916666666666,0.6822916666666666
0.1,2,B2,unseen,standard,two_new,72,0,0,24,48,0.0,,0.0,0.0,0.5633680555555556,0.5633680555555556
0.1,2,B3,unseen,standard,two_new,72,1,3,23,45,0.041666666666666664,0.25,0.07142857142857142,0.0625,0.5633680555555556,0.5633680555555556
0.1,2,P1,unseen,standard,two_new,72,0,0,24,48,0.0,,0.0,0.0,0.5633680555555556,0.5824652777777778
0.1,2,B1,unseen,standard,vertical_new,72,0,0,24,48,0.0,,0.0,0.0,0.6762152777777778,0.6762152777777778
0.1,2,B2,unseen,standard,vertical_new,72,0,0,24,48,0.0,,0.0,0.0,0.5303819444444444,0.5303819444444444
0.1,2,B3,unseen,standard,vertical_new,72,0,0,24,48,0.0,,0.0,0.0,0.5303819444444444,0.5303819444444444
0.1,2,P1,unseen,standard,vertical_new,72,0,0,24,48,0.0,,0.0,0.0,0.5303819444444444,0.453125
0.1,2,B1,unseen,standard,wide_new,72,0,0,24,48,0.0,,0.0,0.0,0.6328125,0.6328125
0.1,2,B2,unseen,standard,wide_new,72,0,0,24,48,0.0,,0.0,0.0,0.5399305555555556,0.5399305555555556
0.1,2,B3,unseen,standard,wide_new,72,0,2,24,46,0.0,0.0,0.0,0.041666666666666664,0.5399305555555556,0.5399305555555556
0.1,2,P1,unseen,standard,wide_new,72,0,0,24,48,0.0,,0.0,0.0,0.5399305555555556,0.4678819444444444
0.1,3,B1,all,__all__,__all__,1152,142,57,242,711,0.3697916666666667,0.7135678391959799,0.48713550600343053,0.07421875,0.8448384602864584,0.8448384602864584
0.1,3,B2,all,__all__,__all__,1152,50,47,334,721,0.13020833333333334,0.5154639175257731,0.2079002079002079,0.061197916666666664,0.6511637369791666,0.6511637369791666
0.1,3,B3,all,__all__,__all__,1152,46,42,338,726,0.11979166666666667,0.5227272727272727,0.19491525423728814,0.0546875,0.6511637369791666,0.6417270236545138
0.1,3,P1,all,__all__,__all__,1152,47,37,337,731,0.12239583333333333,0.5595238095238095,0.20085470085470086,0.048177083333333336,0.6511637369791666,0.6363694932725694
0.1,3,B1,seen,__all__,__all__,432,64,25,80,263,0.4444444444444444,0.7191011235955056,0.5493562231759657,0.08680555555555555,0.8591338734567902,0.8591338734567902
0.1,3,B2,seen,__all__,__all__,432,25,23,119,265,0.1736111111111111,0.5208333333333334,0.2604166666666667,0.0798611111111111,0.6641830632716049,0.6641830632716049
0.1,3,B3,seen,__all__,__all__,432,26,23,118,265,0.18055555555555555,0.5306122448979592,0.2694300518134715,0.0798611111111111,0.6641830632716049,0.6599874614197531
0.1,3,P1,seen,__all__,__all__,432,28,22,116,266,0.19444444444444445,0.56,0.28865979381443296,0.0763888888888889,0.6641830632716049,0.6488956404320988
0.1,3,B1,seen,__all__,central_furniture,144,20,8,28,88,0.4166666666666667,0.7142857142857143,0.5263157894736842,0.08333333333333333,0.8723958333333334,0.8723958333333334
0.1,3,B2,seen,__all__,central_furniture,144,10,8,38,88,0.20833333333333334,0.5555555555555556,0.30303030303030304,0.08333333333333333,0.6532118055555556,0.6532118055555556
0.1,3,B3,seen,__all__,central_furniture,144,8,8,40,88,0.16666666666666666,0.5,0.25,0.08333333333333333,0.6532118055555556,0.6616753472222222
0.1,3,P1,seen,__all__,central_furniture,144,9,6,39,90,0.1875,0.6,0.2857142857142857,0.0625,0.6532118055555556,0.6538628472222222
0.1,3,B1,seen,__all__,clear,144,29,12,19,84,0.6041666666666666,0.7073170731707317,0.651685393258427,0.125,0.8658854166666666,0.8658854166666666
0.1,3,B2,seen,__all__,clear,144,14,14,34,82,0.2916666666666667,0.5,0.3684210526315789,0.14583333333333334,0.6770833333333334,0.6770833333333334
0.1,3,B3,seen,__all__,clear,144,18,14,30,82,0.375,0.5625,0.45,0.14583333333333334,0.6770833333333334,0.6875
0.1,3,P1,seen,__all__,clear,144,18,14,30,82,0.375,0.5625,0.45,0.14583333333333334,0.6770833333333334,0.6872829861111112
0.1,3,B1,seen,__all__,vertical_mid,144,15,5,33,91,0.3125,0.75,0.4411764705882353,0.052083333333333336,0.837890625,0.837890625
0.1,3,B2,seen,__all__,vertical_mid,144,1,1,47,95,0.020833333333333332,0.5,0.04,0.010416666666666666,0.6929253472222222,0.6929253472222222
0.1,3,B3,seen,__all__,vertical_mid,144,0,1,48,95,0.0,0.0,0.0,0.010416666666666666,0.6929253472222222,0.6499565972222222
0.1,3,P1,seen,__all__,vertical_mid,144,1,2,47,94,0.020833333333333332,0.3333333333333333,0.0392156862745098,0.020833333333333332,0.6929253472222222,0.6458333333333334
0.1,3,B1,seen,harsh,__all__,216,54,23,18,121,0.75,0.7012987012987013,0.7248322147651006,0.1597222222222222,0.8864776234567902,0.8864776234567902
0.1,3,B2,seen,harsh,__all__,216,25,20,47,124,0.3472222222222222,0.5555555555555556,0.42735042735042733,0.1388888888888889,0.7123842592592593,0.7123842592592593
0.1,3,B3,seen,harsh,__all__,216,22,15,50,129,0.3055555555555556,0.5945945945945946,0.4036697247706422,0.10416666666666667,0.7123842592592593,0.7123842592592593
0.1,3,P1,seen,harsh,__all__,216,24,17,48,127,0.3333333333333333,0.5853658536585366,0.4247787610619469,0.11805555555555555,0.7123842592592593,0.7109375
0.1,3,B1,seen,harsh,central_furniture,72,19,8,5,40,0.7916666666666666,0.7037037037037037,0.7450980392156863,0.16666666666666666,0.8897569444444444,0.8897569444444444
0.1,3,B2,seen,harsh,central_furniture,72,10,8,14,40,0.4166666666666667,0.5555555555555556,0.47619047619047616,0.16666666666666666,0.7135416666666666,0.7135416666666666
0.1,3,B3,seen,harsh,central_furniture,72,8,5,16,43,0.3333333333333333,0.6153846153846154,0.43243243243243246,0.10416666666666667,0.7135416666666666,0.7135416666666666
0.1,3,P1,seen,harsh,central_furniture,72,9,6,15,42,0.375,0.6,0.46153846153846156,0.125,0.7135416666666666,0.7135416666666666
0.1,3,B1,seen,harsh,clear,72,23,11,1,37,0.9583333333333334,0.6764705882352942,0.7931034482758621,0.22916666666666666,0.8880208333333334,0.8880208333333334
0.1,3,B2,seen,harsh,clear,72,14,11,10,37,0.5833333333333334,0.56,0.5714285714285714,0.22916666666666666,0.7517361111111112,0.7517361111111112
0.1,3,B3,seen,harsh,clear,72,14,9,10,39,0.5833333333333334,0.6086956521739131,0.5957446808510638,0.1875,0.7517361111111112,0.7517361111111112
0.1,3,P1,seen,harsh,clear,72,14,9,10,39,0.5833333333333334,0.6086956521739131,0.5957446808510638,0.1875,0.7517361111111112,0.7482638888888888
0.1,3,B1,seen,harsh,vertical_mid,72,12,4,12,44,0.5,0.75,0.6,0.08333333333333333,0.8836805555555556,0.8836805555555556
0.1,3,B2,seen,harsh,vertical_mid,72,1,1,23,47,0.041666666666666664,0.5,0.07692307692307693,0.020833333333333332,0.7378472222222222,0.7378472222222222
0.1,3,B3,seen,harsh,vertical_mid,72,0,1,24,47,0.0,0.0,0.0,0.020833333333333332,0.7378472222222222,0.7378472222222222
0.1,3,P1,seen,harsh,vertical_mid,72,1,2,23,46,0.041666666666666664,0.3333333333333333,0.07407407407407407,0.041666666666666664,0.7378472222222222,0.7352430555555556
0.1,3,B1,seen,standard,__all__,216,10,2,62,142,0.1388888888888889,0.8333333333333334,0.23809523809523808,0.013888888888888888,0.8260995370370371,0.8260995370370371
0.1,3,B2,seen,standard,__all__,216,0,3,72,141,0.0,0.0,0.0,0.020833333333333332,0.6251929012345679,0.6251929012345679
0.1,3,B3,seen,standard,__all__,216,4,8,68,136,0.05555555555555555,0.3333333333333333,0.09523809523809523,0.05555555555555555,0.6251929012345679,0.6251929012345679
0.1,3,P1,seen,standard,__all__,216,4,5,68,139,0.05555555555555555,0.4444444444444444,0.09876543209876543,0.034722222222222224,0.6251929012345679,0.5856481481481481
0.1,3,B1,seen,standard,central_furniture,72,1,0,23,48,0.041666666666666664,1.0,0.08,0.0,0.8576388888888888,0.8576388888888888
0.1,3,B2,seen,standard,central_furniture,72,0,0,24,48,0.0,,0.0,0.0,0.6015625,0.6015625
0.1,3,B3,seen,standard,central_furniture,72,0,3,24,45,0.0,0.0,0.0,0.0625,0.6015625,0.6015625
0.1,3,P1,seen,standard,central_furniture,72,0,0,24,48,0.0,,0.0,0.0,0.6015625,0.5763888888888888
0.1,3,B1,seen,standard,clear,72,6,1,18,47,0.25,0.8571428571428571,0.3870967741935484,0.020833333333333332,0.8411458333333334,0.8411458333333334
0.1,3,B2,seen,standard,clear,72,0,3,24,45,0.0,0.0,0.0,0.0625,0.625,0.625
0.1,3,B3,seen,standard,clear,72,4,5,20,43,0.16666666666666666,0.4444444444444444,0.24242424242424243,0.10416666666666667,0.625,0.625
0.1,3,P1,seen,standard,clear,72,4,5,20,43,0.16666666666666666,0.4444444444444444,0.24242424242424243,0.10416666666666667,0.625,0.6276041666666666
0.1,3,B1,seen,standard,vertical_mid,72,3,1,21,47,0.125,0.75,0.21428571428571427,0.020833333333333332,0.7838541666666666,0.7838541666666666
0.1,3,B2,seen,standard,vertical_mid,72,0,0,24,48,0.0,,0.0,0.0,0.6545138888888888,0.6545138888888888
0.1,3,B3,seen,standard,vertical_mid,72,0,0,24,48,0.0,,0.0,0.0,0.6545138888888888,0.6545138888888888
0.1,3,P1,seen,standard,vertical_mid,72,0,0,24,48,0.0,,0.0,0.0,0.6545138888888888,0.5581597222222222
0.1,3,B1,unseen,__all__,__all__,720,78,32,162,448,0.325,0.7090909090909091,0.44571428571428573,0.06666666666666667,0.8349045138888889,0.8349045138888889
0.1,3,B2,unseen,__all__,__all__,720,25,24,215,456,0.10416666666666667,0.5102040816326531,0.17301038062283736,0.05,0.6456336805555556,0.6456336805555556
0.1,3,B3,unseen,__all__,__all__,720,20,19,220,461,0.08333333333333333,0.5128205128205128,0.14336917562724014,0.03958333333333333,0.6456336805555556,0.6323958333333334
0.1,3,P1,unseen,__all__,__all__,720,19,15,221,465,0.07916666666666666,0.5588235294117647,0.1386861313868613,0.03125,0.6456336805555556,0.6316927083333334
0.1,3,B1,unseen,__all__,horizontal_new,144,9,6,39,90,0.1875,0.6,0.2857142857142857,0.0625,0.83984375,0.83984375
0.1,3,B2,unseen,__all__,horizontal_new,144,0,1,48,95,0.0,0.0,0.0,0.010416666666666666,0.6701388888888888,0.6701388888888888
0.1,3,B3,unseen,__all__,horizontal_new,144,0,0,48,96,0.0,,0.0,0.0,0.6701388888888888,0.6128472222222222
0.1,3,P1,unseen,__all__,horizontal_new,144,0,0,48,96,0.0,,0.0,0.0,0.6701388888888888,0.6573350694444444
0.1,3,B1,unseen,__all__,low_new,144,26,10,22,86,0.5416666666666666,0.7222222222222222,0.6190476190476191,0.10416666666666667,0.8682725694444444,0.8682725694444444
0.1,3,B2,unseen,__all__,low_new,144,10,10,38,86,0.20833333333333334,0.5,0.29411764705882354,0.10416666666666667,0.6571180555555556,0.6571180555555556
0.1,3,B3,unseen,__all__,low_new,144,10,9,38,87,0.20833333333333334,0.5263157894736842,0.29850746268656714,0.09375,0.6571180555555556,0.6636284722222222
0.1,3,P1,unseen,__all__,low_new,144,9,8,39,88,0.1875,0.5294117647058824,0.27692307692307694,0.08333333333333333,0.6571180555555556,0.6668836805555556
0.1,3,B1,unseen,__all__,two_new,144,18,7,30,89,0.375,0.72,0.4931506849315068,0.07291666666666667,0.8446180555555556,0.8446180555555556
0.1,3,B2,unseen,__all__,two_new,144,7,7,41,89,0.14583333333333334,0.5,0.22580645161290322,0.07291666666666667,0.6254340277777778,0.6254340277777778
0.1,3,B3,unseen,__all__,two_new,144,5,5,43,91,0.10416666666666667,0.5,0.1724137931034483,0.052083333333333336,0.6254340277777778,0.6295572916666666
0.1,3,P1,unseen,__all__,two_new,144,5,3,43,93,0.10416666666666667,0.625,0.17857142857142858,0.03125,0.6254340277777778,0.6315104166666666
0.1,3,B1,unseen,__all__,vertical_new,144,11,3,37,93,0.22916666666666666,0.7857142857142857,0.3548387096774194,0.03125,0.8285590277777778,0.8285590277777778
0.1,3,B2,unseen,__all__,vertical_new,144,1,1,47,95,0.020833333333333332,0.5,0.04,0.010416666666666666,0.6840277777777778,0.6840277777777778
0.1,3,B3,unseen,__all__,vertical_new,144,0,1,48,95,0.0,0.0,0.0,0.010416666666666666,0.6840277777777778,0.6349826388888888
0.1,3,P1,unseen,__all__,vertical_new,144,0,1,48,95,0.0,0.0,0.0,0.010416666666666666,0.6840277777777778,0.6297743055555556
0.1,3,B1,unseen,__all__,wide_new,144,14,6,34,90,0.2916666666666667,0.7,0.4117647058823529,0.0625,0.7962239583333334,0.7962239583333334
0.1,3,B2,unseen,__all__,wide_new,144,7,5,41,91,0.14583333333333334,0.5833333333333334,0.23333333333333334,0.052083333333333336,0.6306423611111112,0.6306423611111112
0.1,3,B3,unseen,__all__,wide_new,144,5,4,43,92,0.10416666666666667,0.5555555555555556,0.17543859649122806,0.041666666666666664,0.6306423611111112,0.6349826388888888
0.1,3,P1,unseen,__all__,wide_new,144,5,3,43,93,0.10416666666666667,0.625,0.17857142857142858,0.03125,0.6306423611111112,0.6195746527777778
0.1,3,B1,unseen,harsh,__all__,360,67,31,53,209,0.5583333333333333,0.6836734693877551,0.6146788990825688,0.12916666666666668,0.8639236111111112,0.8639236111111112
0.1,3,B2,unseen,harsh,__all__,360,25,23,95,217,0.20833333333333334,0.5208333333333334,0.2976190476190476,0.09583333333333334,0.6723263888888888,0.6723263888888888
0.1,3,B3,unseen,harsh,__all__,360,18,14,102,226,0.15,0.5625,0.23684210526315788,0.058333333333333334,0.6723263888888888,0.6723263888888888
0.1,3,P1,unseen,harsh,__all__,360,18,15,102,225,0.15,0.5454545454545454,0.23529411764705882,0.0625,0.6723263888888888,0.6696180555555555
0.1,3,B1,unseen,harsh,horizontal_new,72,7,6,17,42,0.2916666666666667,0.5384615384615384,0.3783783783783784,0.125,0.84375,0.84375
0.1,3,B2,unseen,harsh,horizontal_new,72,0,1,24,47,0.0,0.0,0.0,0.020833333333333332,0.6788194444444444,0.6788194444444444
0.1,3,B3,unseen,harsh,horizontal_new,72,0,0,24,48,0.0,,0.0,0.0,0.6788194444444444,0.6788194444444444
0.1,3,P1,unseen,harsh,horizontal_new,72,0,0,24,48,0.0,,0.0,0.0,0.6788194444444444,0.6553819444444444
0.1,3,B1,unseen,harsh,low_new,72,19,9,5,39,0.7916666666666666,0.6785714285714286,0.7307692307692307,0.1875,0.8810763888888888,0.8810763888888888
0.1,3,B2,unseen,harsh,low_new,72,10,9,14,39,0.4166666666666667,0.5263157894736842,0.46511627906976744,0.1875,0.6961805555555556,0.6961805555555556
0.1,3,B3,unseen,harsh,low_new,72,8,7,16,41,0.3333333333333333,0.5333333333333333,0.41025641025641024,0.14583333333333334,0.6961805555555556,0.6961805555555556
0.1,3,P1,unseen,harsh,low_new,72,8,8,16,40,0.3333333333333333,0.5,0.4,0.16666666666666666,0.6961805555555556,0.6961805555555556
0.1,3,B1,unseen,harsh,two_new,72,17,7,7,41,0.7083333333333334,0.7083333333333334,0.7083333333333334,0.14583333333333334,0.8645833333333334,0.8645833333333334
0.1,3,B2,unseen,harsh,two_new,72,7,7,17,41,0.2916666666666667,0.5,0.3684210526315789,0.14583333333333334,0.6631944444444444,0.6631944444444444
0.1,3,B3,unseen,harsh,two_new,72,5,3,19,45,0.20833333333333334,0.625,0.3125,0.0625,0.6631944444444444,0.6631944444444444
0.1,3,P1,unseen,harsh,two_new,72,5,3,19,45,0.20833333333333334,0.625,0.3125,0.0625,0.6631944444444444,0.6631944444444444
0.1,3,B1,unseen,harsh,vertical_new,72,10,3,14,45,0.4166666666666667,0.7692307692307693,0.5405405405405406,0.0625,0.8888888888888888,0.8888888888888888
0.1,3,B2,unseen,harsh,vertical_new,72,1,1,23,47,0.041666666666666664,0.5,0.07692307692307693,0.020833333333333332,0.7361111111111112,0.7361111111111112
0.1,3,B3,unseen,harsh,vertical_new,72,0,1,24,47,0.0,0.0,0.0,0.020833333333333332,0.7361111111111112,0.7361111111111112
0.1,3,P1,unseen,harsh,vertical_new,72,0,1,24,47,0.0,0.0,0.0,0.020833333333333332,0.7361111111111112,0.7361111111111112
0.1,3,B1,unseen,harsh,wide_new,72,14,6,10,42,0.5833333333333334,0.7,0.6363636363636364,0.125,0.8394097222222222,0.8394097222222222
0.1,3,B2,unseen,harsh,wide_new,72,7,5,17,43,0.2916666666666667,0.5833333333333334,0.3888888888888889,0.10416666666666667,0.6840277777777778,0.6840277777777778
0.1,3,B3,unseen,harsh,wide_new,72,5,3,19,45,0.20833333333333334,0.625,0.3125,0.0625,0.6840277777777778,0.6840277777777778
0.1,3,P1,unseen,harsh,wide_new,72,5,3,19,45,0.20833333333333334,0.625,0.3125,0.0625,0.6840277777777778,0.6840277777777778
0.1,3,B1,unseen,standard,__all__,360,11,1,109,239,0.09166666666666666,0.9166666666666666,0.16666666666666666,0.004166666666666667,0.7951041666666666,0.7951041666666666
0.1,3,B2,unseen,standard,__all__,360,0,1,120,239,0.0,0.0,0.0,0.004166666666666667,0.6237847222222223,0.6237847222222223
0.1,3,B3,unseen,standard,__all__,360,2,5,118,235,0.016666666666666666,0.2857142857142857,0.031496062992125984,0.020833333333333332,0.6237847222222223,0.6237847222222223
0.1,3,P1,unseen,standard,__all__,360,1,0,119,240,0.008333333333333333,1.0,0.01652892561983471,0.0,0.6237847222222223,0.5888888888888889
0.1,3,B1,unseen,standard,horizontal_new,72,2,0,22,48,0.08333333333333333,1.0,0.15384615384615385,0.0,0.8246527777777778,0.8246527777777778
0.1,3,B2,unseen,standard,horizontal_new,72,0,0,24,48,0.0,,0.0,0.0,0.6640625,0.6640625
0.1,3,B3,unseen,standard,horizontal_new,72,0,0,24,48,0.0,,0.0,0.0,0.6640625,0.6640625
0.1,3,P1,unseen,standard,horizontal_new,72,0,0,24,48,0.0,,0.0,0.0,0.6640625,0.6640625
0.1,3,B1,unseen,standard,low_new,72,7,1,17,47,0.2916666666666667,0.875,0.4375,0.020833333333333332,0.8446180555555556,0.8446180555555556
0.1,3,B2,unseen,standard,low_new,72,0,1,24,47,0.0,0.0,0.0,0.020833333333333332,0.6397569444444444,0.6397569444444444
0.1,3,B3,unseen,standard,low_new,72,2,2,22,46,0.08333333333333333,0.5,0.14285714285714285,0.041666666666666664,0.6397569444444444,0.6397569444444444
0.1,3,P1,unseen,standard,low_new,72,1,0,23,48,0.041666666666666664,1.0,0.08,0.0,0.6397569444444444,0.6440972222222222
0.1,3,B1,unseen,standard,two_new,72,1,0,23,48,0.041666666666666664,1.0,0.08,0.0,0.8376736111111112,0.8376736111111112
0.1,3,B2,unseen,standard,two_new,72,0,0,24,48,0.0,,0.0,0.0,0.5989583333333334,0.5989583333333334
0.1,3,B3,unseen,standard,two_new,72,0,2,24,46,0.0,0.0,0.0,0.041666666666666664,0.5989583333333334,0.5989583333333334
0.1,3,P1,unseen,standard,two_new,72,0,0,24,48,0.0,,0.0,0.0,0.5989583333333334,0.5894097222222222
0.1,3,B1,unseen,standard,vertical_new,72,1,0,23,48,0.041666666666666664,1.0,0.08,0.0,0.7508680555555556,0.7508680555555556
0.1,3,B2,unseen,standard,vertical_new,72,0,0,24,48,0.0,,0.0,0.0,0.6336805555555556,0.6336805555555556
0.1,3,B3,unseen,standard,vertical_new,72,0,0,24,48,0.0,,0.0,0.0,0.6336805555555556,0.6336805555555556
0.1,3,P1,unseen,standard,vertical_new,72,0,0,24,48,0.0,,0.0,0.0,0.6336805555555556,0.5225694444444444
0.1,3,B1,unseen,standard,wide_new,72,0,0,24,48,0.0,,0.0,0.0,0.7326388888888888,0.7326388888888888
0.1,3,B2,unseen,standard,wide_new,72,0,0,24,48,0.0,,0.0,0.0,0.5815972222222222,0.5815972222222222
0.1,3,B3,unseen,standard,wide_new,72,0,1,24,47,0.0,0.0,0.0,0.020833333333333332,0.5815972222222222,0.5815972222222222
0.1,3,P1,unseen,standard,wide_new,72,0,0,24,48,0.0,,0.0,0.0,0.5815972222222222,0.53125
0.1,4,B1,all,__all__,__all__,1152,36,54,348,714,0.09375,0.4,0.1518987341772152,0.0703125,0.5311618381076388,0.5311618381076388
0.1,4,B2,all,__all__,__all__,1152,33,43,351,725,0.0859375,0.4342105263157895,0.14347826086956522,0.055989583333333336,0.5406663682725694,0.5406663682725694
0.1,4,B3,all,__all__,__all__,1152,26,33,358,735,0.06770833333333333,0.4406779661016949,0.11738148984198646,0.04296875,0.5406663682725694,0.5381062825520834
0.1,4,P1,all,__all__,__all__,1152,24,28,360,740,0.0625,0.46153846153846156,0.11009174311926606,0.036458333333333336,0.5406663682725694,0.5395643446180556
0.1,4,B1,seen,__all__,__all__,432,15,26,129,262,0.10416666666666667,0.36585365853658536,0.16216216216216217,0.09027777777777778,0.5359278549382716,0.5359278549382716
0.1,4,B2,seen,__all__,__all__,432,16,25,128,263,0.1111111111111111,0.3902439024390244,0.17297297297297298,0.08680555555555555,0.5439332561728395,0.5439332561728395
0.1,4,B3,seen,__all__,__all__,432,18,23,126,265,0.125,0.43902439024390244,0.1945945945945946,0.0798611111111111,0.5439332561728395,0.5415461033950617
0.1,4,P1,seen,__all__,__all__,432,14,22,130,266,0.09722222222222222,0.3888888888888889,0.15555555555555556,0.0763888888888889,0.5439332561728395,0.5394724151234568
0.1,4,B1,seen,__all__,central_furniture,144,7,8,41,88,0.14583333333333334,0.4666666666666667,0.2222222222222222,0.08333333333333333,0.5275607638888888,0.5275607638888888
0.1,4,B2,seen,__all__,central_furniture,144,6,5,42,91,0.125,0.5454545454545454,0.2033898305084746,0.052083333333333336,0.5570746527777778,0.5570746527777778
0.1,4,B3,seen,__all__,central_furniture,144,4,4,44,92,0.08333333333333333,0.5,0.14285714285714285,0.041666666666666664,0.5570746527777778,0.5514322916666666
0.1,4,P1,seen,__all__,central_furniture,144,4,2,44,94,0.08333333333333333,0.6666666666666666,0.14814814814814814,0.020833333333333332,0.5570746527777778,0.5301649305555556
0.1,4,B1,seen,__all__,clear,144,8,15,40,81,0.16666666666666666,0.34782608695652173,0.22535211267605634,0.15625,0.5362413194444444,0.5362413194444444
0.1,4,B2,seen,__all__,clear,144,10,18,38,78,0.20833333333333334,0.35714285714285715,0.2631578947368421,0.1875,0.5512152777777778,0.5512152777777778
0.1,4,B3,seen,__all__,clear,144,12,18,36,78,0.25,0.4,0.3076923076923077,0.1875,0.5512152777777778,0.5553385416666666
0.1,4,P1,seen,__all__,clear,144,10,18,38,78,0.20833333333333334,0.35714285714285715,0.2631578947368421,0.1875,0.5512152777777778,0.5598958333333334
0.1,4,B1,seen,__all__,vertical_mid,144,0,3,48,93,0.0,0.0,0.0,0.03125,0.5735677083333334,0.5735677083333334
0.1,4,B2,seen,__all__,vertical_mid,144,0,2,48,94,0.0,0.0,0.0,0.020833333333333332,0.5592447916666666,0.5592447916666666
0.1,4,B3,seen,__all__,vertical_mid,144,2,1,46,95,0.041666666666666664,0.6666666666666666,0.0784313725490196,0.010416666666666666,0.5592447916666666,0.5184461805555556
0.1,4,P1,seen,__all__,vertical_mid,144,0,2,48,94,0.0,0.0,0.0,0.020833333333333332,0.5592447916666666,0.5442708333333334
0.1,4,B1,seen,harsh,__all__,216,15,22,57,122,0.20833333333333334,0.40540540540540543,0.27522935779816515,0.1527777777777778,0.5805362654320988,0.5805362654320988
0.1,4,B2,seen,harsh,__all__,216,16,21,56,123,0.2222222222222222,0.43243243243243246,0.29357798165137616,0.14583333333333334,0.6073495370370371,0.6073495370370371
0.1,4,B3,seen,harsh,__all__,216,12,14,60,130,0.16666666666666666,0.46153846153846156,0.24489795918367346,0.09722222222222222,0.6073495370370371,0.6073495370370371
0.1,4,P1,seen,harsh,__all__,216,12,16,60,128,0.16666666666666666,0.42857142857142855,0.24,0.1111111111111111,0.6073495370370371,0.6060956790123457
0.1,4,B1,seen,harsh,central_furniture,72,7,7,17,41,0.2916666666666667,0.5,0.3684210526315789,0.14583333333333334,0.59375,0.59375
0.1,4,B2,seen,harsh,central_furniture,72,6,4,18,44,0.25,0.6,0.35294117647058826,0.08333333333333333,0.6276041666666666,0.6276041666666666
0.1,4,B3,seen,harsh,central_furniture,72,4,1,20,47,0.16666666666666666,0.8,0.27586206896551724,0.020833333333333332,0.6276041666666666,0.6276041666666666
0.1,4,P1,seen,harsh,central_furniture,72,4,2,20,46,0.16666666666666666,0.6666666666666666,0.26666666666666666,0.041666666666666664,0.6276041666666666,0.6276041666666666
0.1,4,B1,seen,harsh,clear,72,8,12,16,36,0.3333333333333333,0.4,0.36363636363636365,0.25,0.5980902777777778,0.5980902777777778
0.1,4,B2,seen,harsh,clear,72,10,15,14,33,0.4166666666666667,0.4,0.40816326530612246,0.3125,0.6119791666666666,0.6119791666666666
0.1,4,B3,seen,harsh,clear,72,8,12,16,36,0.3333333333333333,0.4,0.36363636363636365,0.25,0.6119791666666666,0.6119791666666666
0.1,4,P1,seen,harsh,clear,72,8,12,16,36,0.3333333333333333,0.4,0.36363636363636365,0.25,0.6119791666666666,0.6076388888888888
0.1,4,B1,seen,harsh,vertical_mid,72,0,3,24,45,0.0,0.0,0.0,0.0625,0.6223958333333334,0.6223958333333334
0.1,4,B2,seen,harsh,vertical_mid,72,0,2,24,46,0.0,0.0,0.0,0.041666666666666664,0.6519097222222222,0.6519097222222222
0.1,4,B3,seen,harsh,vertical_mid,72,0,1,24,47,0.0,0.0,0.0,0.020833333333333332,0.6519097222222222,0.6519097222222222
0.1,4,P1,seen,harsh,vertical_mid,72,0,2,24,46,0.0,0.0,0.0,0.041666666666666664,0.6519097222222222,0.6519097222222222
0.1,4,B1,seen,standard,__all__,216,0,4,72,140,0.0,0.0,0.0,0.027777777777777776,0.4906442901234568,0.4906442901234568
0.1,4,B2,seen,standard,__all__,216,0,4,72,140,0.0,0.0,0.0,0.027777777777777776,0.4613233024691358,0.4613233024691358
0.1,4,B3,seen,standard,__all__,216,6,9,66,135,0.08333333333333333,0.4,0.13793103448275862,0.0625,0.4613233024691358,0.4613233024691358
0.1,4,P1,seen,standard,__all__,216,2,6,70,138,0.027777777777777776,0.25,0.05,0.041666666666666664,0.4613233024691358,0.45476466049382713
0.1,4,B1,seen,standard,central_furniture,72,0,1,24,47,0.0,0.0,0.0,0.020833333333333332,0.4791666666666667,0.4791666666666667
0.1,4,B2,seen,standard,central_furniture,72,0,1,24,47,0.0,0.0,0.0,0.020833333333333332,0.4713541666666667,0.4713541666666667
0.1,4,B3,seen,standard,central_furniture,72,0,3,24,45,0.0,0.0,0.0,0.0625,0.4713541666666667,0.4713541666666667
0.1,4,P1,seen,standard,central_furniture,72,0,0,24,48,0.0,,0.0,0.0,0.4713541666666667,0.4105902777777778
0.1,4,B1,seen,standard,clear,72,0,3,24,45,0.0,0.0,0.0,0.0625,0.4947916666666667,0.4947916666666667
0.1,4,B2,seen,standard,clear,72,0,3,24,45,0.0,0.0,0.0,0.0625,0.4869791666666667,0.4869791666666667
0.1,4,B3,seen,standard,clear,72,4,6,20,42,0.16666666666666666,0.4,0.23529411764705882,0.125,0.4869791666666667,0.4869791666666667
0.1,4,P1,seen,standard,clear,72,2,6,22,42,0.08333333333333333,0.25,0.125,0.125,0.4869791666666667,0.4982638888888889
0.1,4,B1,seen,standard,vertical_mid,72,0,0,24,48,0.0,,0.0,0.0,0.4991319444444444,0.4991319444444444
0.1,4,B2,seen,standard,vertical_mid,72,0,0,24,48,0.0,,0.0,0.0,0.4383680555555556,0.4383680555555556
0.1,4,B3,seen,standard,vertical_mid,72,2,0,22,48,0.08333333333333333,1.0,0.15384615384615385,0.0,0.4383680555555556,0.4383680555555556
0.1,4,P1,seen,standard,vertical_mid,72,0,0,24,48,0.0,,0.0,0.0,0.4383680555555556,0.4375
0.1,4,B1,unseen,__all__,__all__,720,21,28,219,452,0.0875,0.42857142857142855,0.1453287197231834,0.058333333333333334,0.5285243055555555,0.5285243055555555
0.1,4,B2,unseen,__all__,__all__,720,17,18,223,462,0.07083333333333333,0.4857142857142857,0.12363636363636364,0.0375,0.5400173611111111,0.5400173611111111
0.1,4,B3,unseen,__all__,__all__,720,8,10,232,470,0.03333333333333333,0.4444444444444444,0.06201550387596899,0.020833333333333332,0.5400173611111111,0.5364930555555556
0.1,4,P1,unseen,__all__,__all__,720,10,6,230,474,0.041666666666666664,0.625,0.078125,0.0125,0.5400173611111111,0.5425347222222222
0.1,4,B1,unseen,__all__,horizontal_new,144,0,1,48,95,0.0,0.0,0.0,0.010416666666666666,0.5436197916666666,0.5436197916666666
0.1,4,B2,unseen,__all__,horizontal_new,144,0,1,48,95,0.0,0.0,0.0,0.010416666666666666,0.5529513888888888,0.5529513888888888
0.1,4,B3,unseen,__all__,horizontal_new,144,0,0,48,96,0.0,,0.0,0.0,0.5529513888888888,0.5249565972222222
0.1,4,P1,unseen,__all__,horizontal_new,144,0,0,48,96,0.0,,0.0,0.0,0.5529513888888888,0.5835503472222222
0.1,4,B1,unseen,__all__,low_new,144,7,8,41,88,0.14583333333333334,0.4666666666666667,0.2222222222222222,0.08333333333333333,0.5368923611111112,0.5368923611111112
0.1,4,B2,unseen,__all__,low_new,144,7,11,41,85,0.14583333333333334,0.3888888888888889,0.21212121212121213,0.11458333333333333,0.5542534722222222,0.5542534722222222
0.1,4,B3,unseen,__all__,low_new,144,4,5,44,91,0.08333333333333333,0.4444444444444444,0.14035087719298245,0.052083333333333336,0.5542534722222222,0.5525173611111112
0.1,4,P1,unseen,__all__,low_new,144,5,5,43,91,0.10416666666666667,0.5,0.1724137931034483,0.052083333333333336,0.5542534722222222,0.5618489583333334
0.1,4,B1,unseen,__all__,two_new,144,7,7,41,89,0.14583333333333334,0.5,0.22580645161290322,0.07291666666666667,0.5288628472222222,0.5288628472222222
0.1,4,B2,unseen,__all__,two_new,144,5,3,43,93,0.10416666666666667,0.625,0.17857142857142858,0.03125,0.5457899305555556,0.5457899305555556
0.1,4,B3,unseen,__all__,two_new,144,2,2,46,94,0.041666666666666664,0.5,0.07692307692307693,0.020833333333333332,0.5457899305555556,0.5455729166666666
0.1,4,P1,unseen,__all__,two_new,144,2,0,46,96,0.041666666666666664,1.0,0.08,0.0,0.5457899305555556,0.5538194444444444
0.1,4,B1,unseen,__all__,vertical_new,144,0,2,48,94,0.0,0.0,0.0,0.020833333333333332,0.5596788194444444,0.5596788194444444
0.1,4,B2,unseen,__all__,vertical_new,144,0,1,48,95,0.0,0.0,0.0,0.010416666666666666,0.5679253472222222,0.5679253472222222
0.1,4,B3,unseen,__all__,vertical_new,144,0,1,48,95,0.0,0.0,0.0,0.010416666666666666,0.5679253472222222,0.5299479166666666
0.1,4,P1,unseen,__all__,vertical_new,144,0,1,48,95,0.0,0.0,0.0,0.010416666666666666,0.5679253472222222,0.5418836805555556
0.1,4,B1,unseen,__all__,wide_new,144,7,10,41,86,0.14583333333333334,0.4117647058823529,0.2153846153846154,0.10416666666666667,0.5162760416666666,0.5162760416666666
0.1,4,B2,unseen,__all__,wide_new,144,5,2,43,94,0.10416666666666667,0.7142857142857143,0.18181818181818182,0.020833333333333332,0.5282118055555556,0.5282118055555556
0.1,4,B3,unseen,__all__,wide_new,144,2,2,46,94,0.041666666666666664,0.5,0.07692307692307693,0.020833333333333332,0.5282118055555556,0.5362413194444444
0.1,4,P1,unseen,__all__,wide_new,144,3,0,45,96,0.0625,1.0,0.11764705882352941,0.0,0.5282118055555556,0.5078125
0.1,4,B1,unseen,harsh,__all__,360,21,27,99,213,0.175,0.4375,0.25,0.1125,0.5647222222222222,0.5647222222222222
0.1,4,B2,unseen,harsh,__all__,360,17,17,103,223,0.14166666666666666,0.5,0.22077922077922077,0.07083333333333333,0.5944444444444444,0.5944444444444444
0.1,4,B3,unseen,harsh,__all__,360,8,4,112,236,0.06666666666666667,0.6666666666666666,0.12121212121212122,0.016666666666666666,0.5944444444444444,0.5944444444444444
0.1,4,P1,unseen,harsh,__all__,360,10,6,110,234,0.08333333333333333,0.625,0.14705882352941177,0.025,0.5944444444444444,0.5911458333333334
0.1,4,B1,unseen,harsh,horizontal_new,72,0,1,24,47,0.0,0.0,0.0,0.020833333333333332,0.5694444444444444,0.5694444444444444
0.1,4,B2,unseen,harsh,horizontal_new,72,0,1,24,47,0.0,0.0,0.0,0.020833333333333332,0.6102430555555556,0.6102430555555556
0.1,4,B3,unseen,harsh,horizontal_new,72,0,0,24,48,0.0,,0.0,0.0,0.6102430555555556,0.6102430555555556
0.1,4,P1,unseen,harsh,horizontal_new,72,0,0,24,48,0.0,,0.0,0.0,0.6102430555555556,0.5868055555555556
0.1,4,B1,unseen,harsh,low_new,72,7,7,17,41,0.2916666666666667,0.5,0.3684210526315789,0.14583333333333334,0.5920138888888888,0.5920138888888888
0.1,4,B2,unseen,harsh,low_new,72,7,10,17,38,0.2916666666666667,0.4117647058823529,0.34146341463414637,0.20833333333333334,0.5998263888888888,0.5998263888888888
0.1,4,B3,unseen,harsh,low_new,72,4,3,20,45,0.16666666666666666,0.5714285714285714,0.25806451612903225,0.0625,0.5998263888888888,0.5998263888888888
0.1,4,P1,unseen,harsh,low_new,72,5,5,19,43,0.20833333333333334,0.5,0.29411764705882354,0.10416666666666667,0.5998263888888888,0.5998263888888888
0.1,4,B1,unseen,harsh,two_new,72,7,7,17,41,0.2916666666666667,0.5,0.3684210526315789,0.14583333333333334,0.5833333333333334,0.5833333333333334
0.1,4,B2,unseen,harsh,two_new,72,5,3,19,45,0.20833333333333334,0.625,0.3125,0.0625,0.5954861111111112,0.5954861111111112
0.1,4,B3,unseen,harsh,two_new,72,2,0,22,48,0.08333333333333333,1.0,0.15384615384615385,0.0,0.5954861111111112,0.5954861111111112
0.1,4,P1,unseen,harsh,two_new,72,2,0,22,48,0.08333333333333333,1.0,0.15384615384615385,0.0,0.5954861111111112,0.5954861111111112
0.1,4,B1,unseen,harsh,vertical_new,72,0,2,24,46,0.0,0.0,0.0,0.041666666666666664,0.6032986111111112,0.6032986111111112
0.1,4,B2,unseen,harsh,vertical_new,72,0,1,24,47,0.0,0.0,0.0,0.020833333333333332,0.6614583333333334,0.6614583333333334
0.1,4,B3,unseen,harsh,vertical_new,72,0,1,24,47,0.0,0.0,0.0,0.020833333333333332,0.6614583333333334,0.6614583333333334
0.1,4,P1,unseen,harsh,vertical_new,72,0,1,24,47,0.0,0.0,0.0,0.020833333333333332,0.6614583333333334,0.6614583333333334
0.1,4,B1,unseen,harsh,wide_new,72,7,10,17,38,0.2916666666666667,0.4117647058823529,0.34146341463414637,0.20833333333333334,0.5633680555555556,0.5633680555555556
0.1,4,B2,unseen,harsh,wide_new,72,5,2,19,46,0.20833333333333334,0.7142857142857143,0.3225806451612903,0.041666666666666664,0.5920138888888888,0.5920138888888888
0.1,4,B3,unseen,harsh,wide_new,72,2,0,22,48,0.08333333333333333,1.0,0.15384615384615385,0.0,0.5920138888888888,0.5920138888888888
0.1,4,P1,unseen,harsh,wide_new,72,3,0,21,48,0.125,1.0,0.2222222222222222,0.0,0.5920138888888888,0.5920138888888888
0.1,4,B1,unseen,standard,__all__,360,0,1,120,239,0.0,0.0,0.0,0.004166666666666667,0.4919791666666667,0.4919791666666667
0.1,4,B2,unseen,standard,__all__,360,0,1,120,239,0.0,0.0,0.0,0.004166666666666667,0.47034722222222225,0.47034722222222225
0.1,4,B3,unseen,standard,__all__,360,0,6,120,234,0.0,0.0,0.0,0.025,0.47034722222222225,0.47034722222222225
0.1,4,P1,unseen,standard,__all__,360,0,0,120,240,0.0,,0.0,0.0,0.47034722222222225,0.47909722222222223
0.1,4,B1,unseen,standard,horizontal_new,72,0,0,24,48,0.0,,0.0,0.0,0.5104166666666666,0.5104166666666666
0.1,4,B2,unseen,standard,horizontal_new,72,0,0,24,48,0.0,,0.0,0.0,0.4765625,0.4765625
0.1,4,B3,unseen,standard,horizontal_new,72,0,0,24,48,0.0,,0.0,0.0,0.4765625,0.4765625
0.1,4,P1,unseen,standard,horizontal_new,72,0,0,24,48,0.0,,0.0,0.0,0.4765625,0.5772569444444444
0.1,4,B1,unseen,standard,low_new,72,0,1,24,47,0.0,0.0,0.0,0.020833333333333332,0.5060763888888888,0.5060763888888888
0.1,4,B2,unseen,standard,low_new,72,0,1,24,47,0.0,0.0,0.0,0.020833333333333332,0.4991319444444444,0.4991319444444444
0.1,4,B3,unseen,standard,low_new,72,0,2,24,46,0.0,0.0,0.0,0.041666666666666664,0.4991319444444444,0.4991319444444444
0.1,4,P1,unseen,standard,low_new,72,0,0,24,48,0.0,,0.0,0.0,0.4991319444444444,0.5008680555555556
0.1,4,B1,unseen,standard,two_new,72,0,0,24,48,0.0,,0.0,0.0,0.5043402777777778,0.5043402777777778
0.1,4,B2,unseen,standard,two_new,72,0,0,24,48,0.0,,0.0,0.0,0.4835069444444444,0.4835069444444444
0.1,4,B3,unseen,standard,two_new,72,0,2,24,46,0.0,0.0,0.0,0.041666666666666664,0.4835069444444444,0.4835069444444444
0.1,4,P1,unseen,standard,two_new,72,0,0,24,48,0.0,,0.0,0.0,0.4835069444444444,0.5026041666666666
0.1,4,B1,unseen,standard,vertical_new,72,0,0,24,48,0.0,,0.0,0.0,0.5060763888888888,0.5060763888888888
0.1,4,B2,unseen,standard,vertical_new,72,0,0,24,48,0.0,,0.0,0.0,0.4557291666666667,0.4557291666666667
0.1,4,B3,unseen,standard,vertical_new,72,0,0,24,48,0.0,,0.0,0.0,0.4557291666666667,0.4557291666666667
0.1,4,P1,unseen,standard,vertical_new,72,0,0,24,48,0.0,,0.0,0.0,0.4557291666666667,0.4244791666666667
0.1,4,B1,unseen,standard,wide_new,72,0,0,24,48,0.0,,0.0,0.0,0.4696180555555556,0.4696180555555556
0.1,4,B2,unseen,standard,wide_new,72,0,0,24,48,0.0,,0.0,0.0,0.4583333333333333,0.4583333333333333
0.1,4,B3,unseen,standard,wide_new,72,0,2,24,46,0.0,0.0,0.0,0.041666666666666664,0.4583333333333333,0.4583333333333333
0.1,4,P1,unseen,standard,wide_new,72,0,0,24,48,0.0,,0.0,0.0,0.4583333333333333,0.4010416666666667
0.15,0,B1,all,__all__,__all__,1152,32,39,352,729,0.08333333333333333,0.4507042253521127,0.14065934065934066,0.05078125,0.5476108127170138,0.5476108127170138
0.15,0,B2,all,__all__,__all__,1152,51,76,333,692,0.1328125,0.4015748031496063,0.19960861056751467,0.09895833333333333,0.5677897135416666,0.5677897135416666
0.15,0,B3,all,__all__,__all__,1152,57,72,327,696,0.1484375,0.4418604651162791,0.2222222222222222,0.09375,0.5677897135416666,0.5602281358506944
0.15,0,P1,all,__all__,__all__,1152,55,74,329,694,0.14322916666666666,0.4263565891472868,0.21442495126705652,0.09635416666666667,0.5677897135416666,0.560943603515625
0.15,0,B1,seen,__all__,__all__,432,17,24,127,264,0.11805555555555555,0.4146341463414634,0.1837837837837838,0.08333333333333333,0.5577498070987654,0.5577498070987654
0.15,0,B2,seen,__all__,__all__,432,23,33,121,255,0.1597222222222222,0.4107142857142857,0.23,0.11458333333333333,0.5785349151234568,0.5785349151234568
0.15,0,B3,seen,__all__,__all__,432,29,33,115,255,0.2013888888888889,0.46774193548387094,0.2815533980582524,0.11458333333333333,0.5785349151234568,0.5699266975308642
0.15,0,P1,seen,__all__,__all__,432,26,36,118,252,0.18055555555555555,0.41935483870967744,0.2524271844660194,0.125,0.5785349151234568,0.5688175154320988
0.15,0,B1,seen,__all__,central_furniture,144,7,9,41,87,0.14583333333333334,0.4375,0.21875,0.09375,0.5540364583333334,0.5540364583333334
0.15,0,B2,seen,__all__,central_furniture,144,10,13,38,83,0.20833333333333334,0.43478260869565216,0.28169014084507044,0.13541666666666666,0.5779079861111112,0.5779079861111112
0.15,0,B3,seen,__all__,central_furniture,144,12,14,36,82,0.25,0.46153846153846156,0.32432432432432434,0.14583333333333334,0.5779079861111112,0.5713975694444444
0.15,0,P1,seen,__all__,central_furniture,144,11,13,37,83,0.22916666666666666,0.4583333333333333,0.3055555555555556,0.13541666666666666,0.5779079861111112,0.5633680555555556
0.15,0,B1,seen,__all__,clear,144,10,12,38,84,0.20833333333333334,0.45454545454545453,0.2857142857142857,0.125,0.5588107638888888,0.5588107638888888
0.15,0,B2,seen,__all__,clear,144,13,18,35,78,0.2708333333333333,0.41935483870967744,0.3291139240506329,0.1875,0.5826822916666666,0.5826822916666666
0.15,0,B3,seen,__all__,clear,144,15,18,33,78,0.3125,0.45454545454545453,0.37037037037037035,0.1875,0.5826822916666666,0.5813802083333334
0.15,0,P1,seen,__all__,clear,144,15,21,33,75,0.3125,0.4166666666666667,0.35714285714285715,0.21875,0.5826822916666666,0.5831163194444444
0.15,0,B1,seen,__all__,vertical_mid,144,0,3,48,93,0.0,0.0,0.0,0.03125,0.5935329861111112,0.5935329861111112
0.15,0,B2,seen,__all__,vertical_mid,144,0,2,48,94,0.0,0.0,0.0,0.020833333333333332,0.62109375,0.62109375
0.15,0,B3,seen,__all__,vertical_mid,144,2,1,46,95,0.041666666666666664,0.6666666666666666,0.0784313725490196,0.010416666666666666,0.62109375,0.5831163194444444
0.15,0,P1,seen,__all__,vertical_mid,144,0,2,48,94,0.0,0.0,0.0,0.020833333333333332,0.62109375,0.5998263888888888
0.15,0,B1,seen,harsh,__all__,216,16,18,56,126,0.2222222222222222,0.47058823529411764,0.3018867924528302,0.125,0.5917245370370371,0.5917245370370371
0.15,0,B2,seen,harsh,__all__,216,20,28,52,116,0.2777777777777778,0.4166666666666667,0.3333333333333333,0.19444444444444445,0.6049382716049383,0.6049382716049383
0.15,0,B3,seen,harsh,__all__,216,19,22,53,122,0.2638888888888889,0.4634146341463415,0.336283185840708,0.1527777777777778,0.6049382716049383,0.6049382716049383
0.15,0,P1,seen,harsh,__all__,216,20,27,52,117,0.2777777777777778,0.425531914893617,0.33613445378151263,0.1875,0.6049382716049383,0.6036844135802469
0.15,0,B1,seen,harsh,central_furniture,72,7,6,17,42,0.2916666666666667,0.5384615384615384,0.3783783783783784,0.125,0.6111111111111112,0.6111111111111112
0.15,0,B2,seen,harsh,central_furniture,72,10,11,14,37,0.4166666666666667,0.47619047619047616,0.4444444444444444,0.22916666666666666,0.6197916666666666,0.6197916666666666
0.15,0,B3,seen,harsh,central_furniture,72,9,10,15,38,0.375,0.47368421052631576,0.4186046511627907,0.20833333333333334,0.6197916666666666,0.6197916666666666
0.15,0,P1,seen,harsh,central_furniture,72,10,11,14,37,0.4166666666666667,0.47619047619047616,0.4444444444444444,0.22916666666666666,0.6197916666666666,0.6197916666666666
0.15,0,B1,seen,harsh,clear,72,9,9,15,39,0.375,0.5,0.42857142857142855,0.1875,0.6076388888888888,0.6076388888888888
0.15,0,B2,seen,harsh,clear,72,10,15,14,33,0.4166666666666667,0.4,0.40816326530612246,0.3125,0.6423611111111112,0.6423611111111112
0.15,0,B3,seen,harsh,clear,72,10,11,14,37,0.4166666666666667,0.47619047619047616,0.4444444444444444,0.22916666666666666,0.6423611111111112,0.6423611111111112
0.15,0,P1,seen,harsh,clear,72,10,14,14,34,0.4166666666666667,0.4166666666666667,0.4166666666666667,0.2916666666666667,0.6423611111111112,0.6388888888888888
0.15,0,B1,seen,harsh,vertical_mid,72,0,3,24,45,0.0,0.0,0.0,0.0625,0.6223958333333334,0.6223958333333334
0.15,0,B2,seen,harsh,vertical_mid,72,0,2,24,46,0.0,0.0,0.0,0.041666666666666664,0.6267361111111112,0.6267361111111112
0.15,0,B3,seen,harsh,vertical_mid,72,0,1,24,47,0.0,0.0,0.0,0.020833333333333332,0.6267361111111112,0.6267361111111112
0.15,0,P1,seen,harsh,vertical_mid,72,0,2,24,46,0.0,0.0,0.0,0.041666666666666664,0.6267361111111112,0.6258680555555556
0.15,0,B1,seen,standard,__all__,216,1,6,71,138,0.013888888888888888,0.14285714285714285,0.02531645569620253,0.041666666666666664,0.5360725308641975,0.5360725308641975
0.15,0,B2,seen,standard,__all__,216,3,5,69,139,0.041666666666666664,0.375,0.075,0.034722222222222224,0.5597029320987654,0.5597029320987654
0.15,0,B3,seen,standard,__all__,216,10,11,62,133,0.1388888888888889,0.47619047619047616,0.21505376344086022,0.0763888888888889,0.5597029320987654,0.5597029320987654
0.15,0,P1,seen,standard,__all__,216,6,9,66,135,0.08333333333333333,0.4,0.13793103448275862,0.0625,0.5597029320987654,0.5412808641975309
0.15,0,B1,seen,standard,central_furniture,72,0,3,24,45,0.0,0.0,0.0,0.0625,0.5217013888888888,0.5217013888888888
0.15,0,B2,seen,standard,central_furniture,72,0,2,24,46,0.0,0.0,0.0,0.041666666666666664,0.5572916666666666,0.5572916666666666
0.15,0,B3,seen,standard,central_furniture,72,3,4,21,44,0.125,0.42857142857142855,0.1935483870967742,0.08333333333333333,0.5572916666666666,0.5572916666666666
0.15,0,P1,seen,standard,central_furniture,72,1,2,23,46,0.041666666666666664,0.3333333333333333,0.07407407407407407,0.041666666666666664,0.5572916666666666,0.53125
0.15,0,B1,seen,standard,clear,72,1,3,23,45,0.041666666666666664,0.25,0.07142857142857142,0.0625,0.5347222222222222,0.5347222222222222
0.15,0,B2,seen,standard,clear,72,3,3,21,45,0.125,0.5,0.2,0.0625,0.5373263888888888,0.5373263888888888
0.15,0,B3,seen,standard,clear,72,5,7,19,41,0.20833333333333334,0.4166666666666667,0.2777777777777778,0.14583333333333334,0.5373263888888888,0.5373263888888888
0.15,0,P1,seen,standard,clear,72,5,7,19,41,0.20833333333333334,0.4166666666666667,0.2777777777777778,0.14583333333333334,0.5373263888888888,0.5434027777777778
0.15,0,B1,seen,standard,vertical_mid,72,0,0,24,48,0.0,,0.0,0.0,0.5720486111111112,0.5720486111111112
0.15,0,B2,seen,standard,vertical_mid,72,0,0,24,48,0.0,,0.0,0.0,0.6241319444444444,0.6241319444444444
0.15,0,B3,seen,standard,vertical_mid,72,2,0,22,48,0.08333333333333333,1.0,0.15384615384615385,0.0,0.6241319444444444,0.6241319444444444
0.15,0,P1,seen,standard,vertical_mid,72,0,0,24,48,0.0,,0.0,0.0,0.6241319444444444,0.5746527777777778
0.15,0,B1,unseen,__all__,__all__,720,15,15,225,465,0.0625,0.5,0.1111111111111111,0.03125,0.5428385416666667,0.5428385416666667
0.15,0,B2,unseen,__all__,__all__,720,28,43,212,437,0.11666666666666667,0.39436619718309857,0.18006430868167203,0.08958333333333333,0.5630381944444445,0.5630381944444445
0.15,0,B3,unseen,__all__,__all__,720,28,39,212,441,0.11666666666666667,0.417910447761194,0.18241042345276873,0.08125,0.5630381944444445,0.5551128472222222
0.15,0,P1,unseen,__all__,__all__,720,29,38,211,442,0.12083333333333333,0.43283582089552236,0.18892508143322476,0.07916666666666666,0.5630381944444445,0.557734375
0.15,0,B1,unseen,__all__,horizontal_new,144,0,0,48,96,0.0,,0.0,0.0,0.5581597222222222,0.5581597222222222
0.15,0,B2,unseen,__all__,horizontal_new,144,0,1,48,95,0.0,0.0,0.0,0.010416666666666666,0.5538194444444444,0.5538194444444444
0.15,0,B3,unseen,__all__,horizontal_new,144,0,1,48,95,0.0,0.0,0.0,0.010416666666666666,0.5538194444444444,0.5362413194444444
0.15,0,P1,unseen,__all__,horizontal_new,144,0,1,48,95,0.0,0.0,0.0,0.010416666666666666,0.5538194444444444,0.564453125
0.15,0,B1,unseen,__all__,low_new,144,4,4,44,92,0.08333333333333333,0.5,0.14285714285714285,0.041666666666666664,0.5499131944444444,0.5499131944444444
0.15,0,B2,unseen,__all__,low_new,144,10,14,38,82,0.20833333333333334,0.4166666666666667,0.2777777777777778,0.14583333333333334,0.5740017361111112,0.5740017361111112
0.15,0,B3,unseen,__all__,low_new,144,11,13,37,83,0.22916666666666666,0.4583333333333333,0.3055555555555556,0.13541666666666666,0.5740017361111112,0.5685763888888888
0.15,0,P1,unseen,__all__,low_new,144,11,13,37,83,0.22916666666666666,0.4583333333333333,0.3055555555555556,0.13541666666666666,0.5740017361111112,0.5772569444444444
0.15,0,B1,unseen,__all__,two_new,144,5,4,43,92,0.10416666666666667,0.5555555555555556,0.17543859649122806,0.041666666666666664,0.5405815972222222,0.5405815972222222
0.15,0,B2,unseen,__all__,two_new,144,9,12,39,84,0.1875,0.42857142857142855,0.2608695652173913,0.125,0.5685763888888888,0.5685763888888888
0.15,0,B3,unseen,__all__,two_new,144,8,10,40,86,0.16666666666666666,0.4444444444444444,0.24242424242424243,0.10416666666666667,0.5685763888888888,0.5570746527777778
0.15,0,P1,unseen,__all__,two_new,144,9,10,39,86,0.1875,0.47368421052631576,0.26865671641791045,0.10416666666666667,0.5685763888888888,0.5687934027777778
0.15,0,B1,unseen,__all__,vertical_new,144,0,2,48,94,0.0,0.0,0.0,0.020833333333333332,0.5922309027777778,0.5922309027777778
0.15,0,B2,unseen,__all__,vertical_new,144,0,2,48,94,0.0,0.0,0.0,0.020833333333333332,0.6184895833333334,0.6184895833333334
0.15,0,B3,unseen,__all__,vertical_new,144,0,1,48,95,0.0,0.0,0.0,0.010416666666666666,0.6184895833333334,0.5859375
0.15,0,P1,unseen,__all__,vertical_new,144,0,1,48,95,0.0,0.0,0.0,0.010416666666666666,0.6184895833333334,0.5933159722222222
0.15,0,B1,unseen,__all__,wide_new,144,6,5,42,91,0.125,0.5454545454545454,0.2033898305084746,0.052083333333333336,0.5366753472222222,0.5366753472222222
0.15,0,B2,unseen,__all__,wide_new,144,9,14,39,82,0.1875,0.391304347826087,0.2535211267605634,0.14583333333333334,0.5514322916666666,0.5514322916666666
0.15,0,B3,unseen,__all__,wide_new,144,9,14,39,82,0.1875,0.391304347826087,0.2535211267605634,0.14583333333333334,0.5514322916666666,0.55078125
0.15,0,P1,unseen,__all__,wide_new,144,9,13,39,83,0.1875,0.4090909090909091,0.2571428571428571,0.13541666666666666,0.5514322916666666,0.5381944444444444
0.15,0,B1,unseen,harsh,__all__,360,15,13,105,227,0.125,0.5357142857142857,0.20270270270270271,0.05416666666666667,0.5681597222222222,0.5681597222222222
0.15,0,B2,unseen,harsh,__all__,360,28,40,92,200,0.23333333333333334,0.4117647058823529,0.2978723404255319,0.16666666666666666,0.5792013888888888,0.5792013888888888
0.15,0,B3,unseen,harsh,__all__,360,25,27,95,213,0.20833333333333334,0.4807692307692308,0.29069767441860467,0.1125,0.5792013888888888,0.5792013888888888
0.15,0,P1,unseen,harsh,__all__,360,27,34,93,206,0.225,0.4426229508196721,0.2983425414364641,0.14166666666666666,0.5792013888888888,0.5763888888888888
0.15,0,B1,unseen,harsh,horizontal_new,72,0,0,24,48,0.0,,0.0,0.0,0.5625,0.5625
0.15,0,B2,unseen,harsh,horizontal_new,72,0,1,24,47,0.0,0.0,0.0,0.020833333333333332,0.5763888888888888,0.5763888888888888
0.15,0,B3,unseen,harsh,horizontal_new,72,0,1,24,47,0.0,0.0,0.0,0.020833333333333332,0.5763888888888888,0.5763888888888888
0.15,0,P1,unseen,harsh,horizontal_new,72,0,1,24,47,0.0,0.0,0.0,0.020833333333333332,0.5763888888888888,0.5590277777777778
0.15,0,B1,unseen,harsh,low_new,72,4,4,20,44,0.16666666666666666,0.5,0.25,0.08333333333333333,0.5842013888888888,0.5842013888888888
0.15,0,B2,unseen,harsh,low_new,72,10,13,14,35,0.4166666666666667,0.43478260869565216,0.425531914893617,0.2708333333333333,0.6171875,0.6171875
0.15,0,B3,unseen,harsh,low_new,72,9,9,15,39,0.375,0.5,0.42857142857142855,0.1875,0.6171875,0.6171875
0.15,0,P1,unseen,harsh,low_new,72,9,11,15,37,0.375,0.45,0.4090909090909091,0.22916666666666666,0.6171875,0.6171875
0.15,0,B1,unseen,harsh,two_new,72,5,3,19,45,0.20833333333333334,0.625,0.3125,0.0625,0.5868055555555556,0.5868055555555556
0.15,0,B2,unseen,harsh,two_new,72,9,11,15,37,0.375,0.45,0.4090909090909091,0.22916666666666666,0.6041666666666666,0.6041666666666666
0.15,0,B3,unseen,harsh,two_new,72,8,6,16,42,0.3333333333333333,0.5714285714285714,0.42105263157894735,0.125,0.6041666666666666,0.6041666666666666
0.15,0,P1,unseen,harsh,two_new,72,9,9,15,39,0.375,0.5,0.42857142857142855,0.1875,0.6041666666666666,0.6041666666666666
0.15,0,B1,unseen,harsh,vertical_new,72,0,2,24,46,0.0,0.0,0.0,0.041666666666666664,0.6293402777777778,0.6293402777777778
0.15,0,B2,unseen,harsh,vertical_new,72,0,2,24,46,0.0,0.0,0.0,0.041666666666666664,0.6354166666666666,0.6354166666666666
0.15,0,B3,unseen,harsh,vertical_new,72,0,1,24,47,0.0,0.0,0.0,0.020833333333333332,0.6354166666666666,0.6354166666666666
0.15,0,P1,unseen,harsh,vertical_new,72,0,1,24,47,0.0,0.0,0.0,0.020833333333333332,0.6354166666666666,0.6354166666666666
0.15,0,B1,unseen,harsh,wide_new,72,6,4,18,44,0.25,0.6,0.35294117647058826,0.08333333333333333,0.5859375,0.5859375
0.15,0,B2,unseen,harsh,wide_new,72,9,13,15,35,0.375,0.4090909090909091,0.391304347826087,0.2708333333333333,0.5894097222222222,0.5894097222222222
0.15,0,B3,unseen,harsh,wide_new,72,8,10,16,38,0.3333333333333333,0.4444444444444444,0.38095238095238093,0.20833333333333334,0.5894097222222222,0.5894097222222222
0.15,0,P1,unseen,harsh,wide_new,72,9,12,15,36,0.375,0.42857142857142855,0.4,0.25,0.5894097222222222,0.5894097222222222
0.15,0,B1,unseen,standard,__all__,360,0,2,120,238,0.0,0.0,0.0,0.008333333333333333,0.5291319444444444,0.5291319444444444
0.15,0,B2,unseen,standard,__all__,360,0,3,120,237,0.0,0.0,0.0,0.0125,0.5604513888888889,0.5604513888888889
0.15,0,B3,unseen,standard,__all__,360,3,12,117,228,0.025,0.2,0.044444444444444446,0.05,0.5604513888888889,0.5604513888888889
0.15,0,P1,unseen,standard,__all__,360,2,4,118,236,0.016666666666666666,0.3333333333333333,0.031746031746031744,0.016666666666666666,0.5604513888888889,0.553125
0.15,0,B1,unseen,standard,horizontal_new,72,0,0,24,48,0.0,,0.0,0.0,0.5746527777777778,0.5746527777777778
0.15,0,B2,unseen,standard,horizontal_new,72,0,0,24,48,0.0,,0.0,0.0,0.5503472222222222,0.5503472222222222
0.15,0,B3,unseen,standard,horizontal_new,72,0,0,24,48,0.0,,0.0,0.0,0.5503472222222222,0.5503472222222222
0.15,0,P1,unseen,standard,horizontal_new,72,0,0,24,48,0.0,,0.0,0.0,0.5503472222222222,0.5998263888888888
0.15,0,B1,unseen,standard,low_new,72,0,0,24,48,0.0,,0.0,0.0,0.5355902777777778,0.5355902777777778
0.15,0,B2,unseen,standard,low_new,72,0,1,24,47,0.0,0.0,0.0,0.020833333333333332,0.546875,0.546875
0.15,0,B3,unseen,standard,low_new,72,2,4,22,44,0.08333333333333333,0.3333333333333333,0.13333333333333333,0.08333333333333333,0.546875,0.546875
0.15,0,P1,unseen,standard,low_new,72,2,2,22,46,0.08333333333333333,0.5,0.14285714285714285,0.041666666666666664,0.546875,0.5546875
0.15,0,B1,unseen,standard,two_new,72,0,1,24,47,0.0,0.0,0.0,0.020833333333333332,0.5295138888888888,0.5295138888888888
0.15,0,B2,unseen,standard,two_new,72,0,1,24,47,0.0,0.0,0.0,0.020833333333333332,0.5590277777777778,0.5590277777777778
0.15,0,B3,unseen,standard,two_new,72,0,4,24,44,0.0,0.0,0.0,0.08333333333333333,0.5590277777777778,0.5590277777777778
0.15,0,P1,unseen,standard,two_new,72,0,1,24,47,0.0,0.0,0.0,0.020833333333333332,0.5590277777777778,0.5746527777777778
0.15,0,B1,unseen,standard,vertical_new,72,0,0,24,48,0.0,,0.0,0.0,0.5616319444444444,0.5616319444444444
0.15,0,B2,unseen,standard,vertical_new,72,0,0,24,48,0.0,,0.0,0.0,0.6154513888888888,0.6154513888888888
0.15,0,B3,unseen,standard,vertical_new,72,0,0,24,48,0.0,,0.0,0.0,0.6154513888888888,0.6154513888888888
0.15,0,P1,unseen,standard,vertical_new,72,0,0,24,48,0.0,,0.0,0.0,0.6154513888888888,0.5512152777777778
0.15,0,B1,unseen,standard,wide_new,72,0,1,24,47,0.0,0.0,0.0,0.020833333333333332,0.5034722222222222,0.5034722222222222
0.15,0,B2,unseen,standard,wide_new,72,0,1,24,47,0.0,0.0,0.0,0.020833333333333332,0.5434027777777778,0.5434027777777778
0.15,0,B3,unseen,standard,wide_new,72,1,4,23,44,0.041666666666666664,0.2,0.06896551724137931,0.08333333333333333,0.5434027777777778,0.5434027777777778
0.15,0,P1,unseen,standard,wide_new,72,0,1,24,47,0.0,0.0,0.0,0.020833333333333332,0.5434027777777778,0.5130208333333334
0.15,1,B1,all,__all__,__all__,1152,66,78,318,690,0.171875,0.4583333333333333,0.25,0.1015625,0.5993754069010416,0.5993754069010416
0.15,1,B2,all,__all__,__all__,1152,105,85,279,683,0.2734375,0.5526315789473685,0.36585365853658536,0.11067708333333333,0.6574503580729166,0.6574503580729166
0.15,1,B3,all,__all__,__all__,1152,100,84,284,684,0.2604166666666667,0.5434782608695652,0.352112676056338,0.109375,0.6574503580729166,0.6572062174479166
0.15,1,P1,all,__all__,__all__,1152,104,85,280,683,0.2708333333333333,0.5502645502645502,0.36300174520069806,0.11067708333333333,0.6574503580729166,0.6574876573350694
0.15,1,B1,seen,__all__,__all__,432,35,39,109,249,0.24305555555555555,0.47297297297297297,0.3211009174311927,0.13541666666666666,0.6284239969135802,0.6284239969135802
0.15,1,B2,seen,__all__,__all__,432,44,33,100,255,0.3055555555555556,0.5714285714285714,0.39819004524886875,0.11458333333333333,0.6843894675925926,0.6843894675925926
0.15,1,B3,seen,__all__,__all__,432,43,33,101,255,0.2986111111111111,0.5657894736842105,0.39090909090909093,0.11458333333333333,0.6843894675925926,0.6843653549382716
0.15,1,P1,seen,__all__,__all__,432,44,33,100,255,0.3055555555555556,0.5714285714285714,0.39819004524886875,0.11458333333333333,0.6843894675925926,0.6844618055555556
0.15,1,B1,seen,__all__,central_furniture,144,11,14,37,82,0.22916666666666666,0.44,0.3013698630136986,0.14583333333333334,0.6161024305555556,0.6161024305555556
0.15,1,B2,seen,__all__,central_furniture,144,11,10,37,86,0.22916666666666666,0.5238095238095238,0.3188405797101449,0.10416666666666667,0.6942274305555556,0.6942274305555556
0.15,1,B3,seen,__all__,central_furniture,144,11,10,37,86,0.22916666666666666,0.5238095238095238,0.3188405797101449,0.10416666666666667,0.6942274305555556,0.693359375
0.15,1,P1,seen,__all__,central_furniture,144,11,10,37,86,0.22916666666666666,0.5238095238095238,0.3188405797101449,0.10416666666666667,0.6942274305555556,0.6946614583333334
0.15,1,B1,seen,__all__,clear,144,18,20,30,76,0.375,0.47368421052631576,0.4186046511627907,0.20833333333333334,0.646484375,0.646484375
0.15,1,B2,seen,__all__,clear,144,17,13,31,83,0.3541666666666667,0.5666666666666667,0.4358974358974359,0.13541666666666666,0.7157118055555556,0.7157118055555556
0.15,1,B3,seen,__all__,clear,144,16,13,32,83,0.3333333333333333,0.5517241379310345,0.4155844155844156,0.13541666666666666,0.7157118055555556,0.716796875
0.15,1,P1,seen,__all__,clear,144,17,13,31,83,0.3541666666666667,0.5666666666666667,0.4358974358974359,0.13541666666666666,0.7157118055555556,0.7161458333333334
0.15,1,B1,seen,__all__,vertical_mid,144,6,5,42,91,0.125,0.5454545454545454,0.2033898305084746,0.052083333333333336,0.6668836805555556,0.6668836805555556
0.15,1,B2,seen,__all__,vertical_mid,144,16,10,32,86,0.3333333333333333,0.6153846153846154,0.43243243243243246,0.10416666666666667,0.6681857638888888,0.6681857638888888
0.15,1,B3,seen,__all__,vertical_mid,144,16,10,32,86,0.3333333333333333,0.6153846153846154,0.43243243243243246,0.10416666666666667,0.6681857638888888,0.6684027777777778
0.15,1,P1,seen,__all__,vertical_mid,144,16,10,32,86,0.3333333333333333,0.6153846153846154,0.43243243243243246,0.10416666666666667,0.6681857638888888,0.6688368055555556
0.15,1,B1,seen,harsh,__all__,216,25,28,47,116,0.3472222222222222,0.4716981132075472,0.4,0.19444444444444445,0.6380208333333334,0.6380208333333334
0.15,1,B2,seen,harsh,__all__,216,29,15,43,129,0.4027777777777778,0.6590909090909091,0.5,0.10416666666666667,0.7622492283950617,0.7622492283950617
0.15,1,B3,seen,harsh,__all__,216,28,15,44,129,0.3888888888888889,0.6511627906976745,0.48695652173913045,0.10416666666666667,0.7622492283950617,0.7622492283950617
0.15,1,P1,seen,harsh,__all__,216,29,15,43,129,0.4027777777777778,0.6590909090909091,0.5,0.10416666666666667,0.7622492283950617,0.7623456790123457
0.15,1,B1,seen,harsh,central_furniture,72,9,11,15,37,0.375,0.45,0.4090909090909091,0.22916666666666666,0.6319444444444444,0.6319444444444444
0.15,1,B2,seen,harsh,central_furniture,72,8,4,16,44,0.3333333333333333,0.6666666666666666,0.4444444444444444,0.08333333333333333,0.7769097222222222,0.7769097222222222
0.15,1,B3,seen,harsh,central_furniture,72,8,4,16,44,0.3333333333333333,0.6666666666666666,0.4444444444444444,0.08333333333333333,0.7769097222222222,0.7769097222222222
0.15,1,P1,seen,harsh,central_furniture,72,8,4,16,44,0.3333333333333333,0.6666666666666666,0.4444444444444444,0.08333333333333333,0.7769097222222222,0.7769097222222222
0.15,1,B1,seen,harsh,clear,72,13,14,11,34,0.5416666666666666,0.48148148148148145,0.5098039215686274,0.2916666666666667,0.6692708333333334,0.6692708333333334
0.15,1,B2,seen,harsh,clear,72,12,7,12,41,0.5,0.631578947368421,0.5581395348837209,0.14583333333333334,0.8020833333333334,0.8020833333333334
0.15,1,B3,seen,harsh,clear,72,11,7,13,41,0.4583333333333333,0.6111111111111112,0.5238095238095238,0.14583333333333334,0.8020833333333334,0.8020833333333334
0.15,1,P1,seen,harsh,clear,72,12,7,12,41,0.5,0.631578947368421,0.5581395348837209,0.14583333333333334,0.8020833333333334,0.8029513888888888
0.15,1,B1,seen,harsh,vertical_mid,72,3,3,21,45,0.125,0.5,0.2,0.0625,0.6970486111111112,0.6970486111111112
0.15,1,B2,seen,harsh,vertical_mid,72,9,4,15,44,0.375,0.6923076923076923,0.4864864864864865,0.08333333333333333,0.7447916666666666,0.7447916666666666
0.15,1,B3,seen,harsh,vertical_mid,72,9,4,15,44,0.375,0.6923076923076923,0.4864864864864865,0.08333333333333333,0.7447916666666666,0.7447916666666666
0.15,1,P1,seen,harsh,vertical_mid,72,9,4,15,44,0.375,0.6923076923076923,0.4864864864864865,0.08333333333333333,0.7447916666666666,0.7447916666666666
0.15,1,B1,seen,standard,__all__,216,10,11,62,133,0.1388888888888889,0.47619047619047616,0.21505376344086022,0.0763888888888889,0.6311728395061729,0.6311728395061729
0.15,1,B2,seen,standard,__all__,216,15,18,57,126,0.20833333333333334,0.45454545454545453,0.2857142857142857,0.125,0.5929783950617284,0.5929783950617284
0.15,1,B3,seen,standard,__all__,216,15,18,57,126,0.20833333333333334,0.45454545454545453,0.2857142857142857,0.125,0.5929783950617284,0.5929783950617284
0.15,1,P1,seen,standard,__all__,216,15,18,57,126,0.20833333333333334,0.45454545454545453,0.2857142857142857,0.125,0.5929783950617284,0.5928819444444444
0.15,1,B1,seen,standard,central_furniture,72,2,3,22,45,0.08333333333333333,0.4,0.13793103448275862,0.0625,0.6302083333333334,0.6302083333333334
0.15,1,B2,seen,standard,central_furniture,72,3,6,21,42,0.125,0.3333333333333333,0.18181818181818182,0.125,0.5980902777777778,0.5980902777777778
0.15,1,B3,seen,standard,central_furniture,72,3,6,21,42,0.125,0.3333333333333333,0.18181818181818182,0.125,0.5980902777777778,0.5980902777777778
0.15,1,P1,seen,standard,central_furniture,72,3,6,21,42,0.125,0.3333333333333333,0.18181818181818182,0.125,0.5980902777777778,0.5998263888888888
0.15,1,B1,seen,standard,clear,72,5,6,19,42,0.20833333333333334,0.45454545454545453,0.2857142857142857,0.125,0.6588541666666666,0.6588541666666666
0.15,1,B2,seen,standard,clear,72,5,6,19,42,0.20833333333333334,0.45454545454545453,0.2857142857142857,0.125,0.6163194444444444,0.6163194444444444
0.15,1,B3,seen,standard,clear,72,5,6,19,42,0.20833333333333334,0.45454545454545453,0.2857142857142857,0.125,0.6163194444444444,0.6163194444444444
0.15,1,P1,seen,standard,clear,72,5,6,19,42,0.20833333333333334,0.45454545454545453,0.2857142857142857,0.125,0.6163194444444444,0.6163194444444444
0.15,1,B1,seen,standard,vertical_mid,72,3,2,21,46,0.125,0.6,0.20689655172413793,0.041666666666666664,0.6380208333333334,0.6380208333333334
0.15,1,B2,seen,standard,vertical_mid,72,7,6,17,42,0.2916666666666667,0.5384615384615384,0.3783783783783784,0.125,0.5850694444444444,0.5850694444444444
0.15,1,B3,seen,standard,vertical_mid,72,7,6,17,42,0.2916666666666667,0.5384615384615384,0.3783783783783784,0.125,0.5850694444444444,0.5850694444444444
0.15,1,P1,seen,standard,vertical_mid,72,7,6,17,42,0.2916666666666667,0.5384615384615384,0.3783783783783784,0.125,0.5850694444444444,0.5859375
0.15,1,B1,unseen,__all__,__all__,720,31,39,209,441,0.12916666666666668,0.44285714285714284,0.2,0.08125,0.5821267361111111,0.5821267361111111
0.15,1,B2,unseen,__all__,__all__,720,61,52,179,428,0.25416666666666665,0.5398230088495575,0.34560906515580736,0.10833333333333334,0.6406336805555556,0.6406336805555556
0.15,1,B3,unseen,__all__,__all__,720,57,51,183,429,0.2375,0.5277777777777778,0.3275862068965517,0.10625,0.6406336805555556,0.6403472222222222
0.15,1,P1,unseen,__all__,__all__,720,60,52,180,428,0.25,0.5357142857142857,0.3409090909090909,0.10833333333333334,0.6406336805555556,0.6408333333333334
0.15,1,B1,unseen,__all__,horizontal_new,144,1,1,47,95,0.020833333333333332,0.5,0.04,0.010416666666666666,0.5642361111111112,0.5642361111111112
0.15,1,B2,unseen,__all__,horizontal_new,144,9,14,39,82,0.1875,0.391304347826087,0.2535211267605634,0.14583333333333334,0.6039496527777778,0.6039496527777778
0.15,1,B3,unseen,__all__,horizontal_new,144,9,14,39,82,0.1875,0.391304347826087,0.2535211267605634,0.14583333333333334,0.6039496527777778,0.5993923611111112
0.15,1,P1,unseen,__all__,horizontal_new,144,9,14,39,82,0.1875,0.391304347826087,0.2535211267605634,0.14583333333333334,0.6039496527777778,0.6032986111111112
0.15,1,B1,unseen,__all__,low_new,144,13,17,35,79,0.2708333333333333,0.43333333333333335,0.3333333333333333,0.17708333333333334,0.6241319444444444,0.6241319444444444
0.15,1,B2,unseen,__all__,low_new,144,14,11,34,85,0.2916666666666667,0.56,0.3835616438356164,0.11458333333333333,0.6968315972222222,0.6968315972222222
0.15,1,B3,unseen,__all__,low_new,144,12,11,36,85,0.25,0.5217391304347826,0.3380281690140845,0.11458333333333333,0.6968315972222222,0.6950954861111112
0.15,1,P1,unseen,__all__,low_new,144,14,11,34,85,0.2916666666666667,0.56,0.3835616438356164,0.11458333333333333,0.6968315972222222,0.6985677083333334
0.15,1,B1,unseen,__all__,two_new,144,8,9,40,87,0.16666666666666666,0.47058823529411764,0.24615384615384617,0.09375,0.5733506944444444,0.5733506944444444
0.15,1,B2,unseen,__all__,two_new,144,13,6,35,90,0.2708333333333333,0.6842105263157895,0.3880597014925373,0.0625,0.6486545138888888,0.6486545138888888
0.15,1,B3,unseen,__all__,two_new,144,13,6,35,90,0.2708333333333333,0.6842105263157895,0.3880597014925373,0.0625,0.6486545138888888,0.6486545138888888
0.15,1,P1,unseen,__all__,two_new,144,12,6,36,90,0.25,0.6666666666666666,0.36363636363636365,0.0625,0.6486545138888888,0.6495225694444444
0.15,1,B1,unseen,__all__,vertical_new,144,2,2,46,94,0.041666666666666664,0.5,0.07692307692307693,0.020833333333333332,0.6356336805555556,0.6356336805555556
0.15,1,B2,unseen,__all__,vertical_new,144,16,7,32,89,0.3333333333333333,0.6956521739130435,0.4507042253521127,0.07291666666666667,0.6514756944444444,0.6514756944444444
0.15,1,B3,unseen,__all__,vertical_new,144,15,7,33,89,0.3125,0.6818181818181818,0.42857142857142855,0.07291666666666667,0.6514756944444444,0.6529947916666666
0.15,1,P1,unseen,__all__,vertical_new,144,16,7,32,89,0.3333333333333333,0.6956521739130435,0.4507042253521127,0.07291666666666667,0.6514756944444444,0.6514756944444444
0.15,1,B1,unseen,__all__,wide_new,144,7,10,41,86,0.14583333333333334,0.4117647058823529,0.2153846153846154,0.10416666666666667,0.564453125,0.564453125
0.15,1,B2,unseen,__all__,wide_new,144,9,14,39,82,0.1875,0.391304347826087,0.2535211267605634,0.14583333333333334,0.6338975694444444,0.6338975694444444
0.15,1,B3,unseen,__all__,wide_new,144,8,13,40,83,0.16666666666666666,0.38095238095238093,0.2318840579710145,0.13541666666666666,0.6338975694444444,0.6321614583333334
0.15,1,P1,unseen,__all__,wide_new,144,9,14,39,82,0.1875,0.391304347826087,0.2535211267605634,0.14583333333333334,0.6338975694444444,0.6343315972222222
0.15,1,B1,unseen,harsh,__all__,360,27,33,93,207,0.225,0.45,0.3,0.1375,0.5790625,0.5790625
0.15,1,B2,unseen,harsh,__all__,360,37,20,83,220,0.30833333333333335,0.6491228070175439,0.4180790960451977,0.08333333333333333,0.7053125,0.7053125
0.15,1,B3,unseen,harsh,__all__,360,33,19,87,221,0.275,0.6346153846153846,0.38372093023255816,0.07916666666666666,0.7053125,0.7053125
0.15,1,P1,unseen,harsh,__all__,360,37,20,83,220,0.30833333333333335,0.6491228070175439,0.4180790960451977,0.08333333333333333,0.7053125,0.7053472222222222
0.15,1,B1,unseen,harsh,horizontal_new,72,1,1,23,47,0.041666666666666664,0.5,0.07692307692307693,0.020833333333333332,0.5486111111111112,0.5486111111111112
0.15,1,B2,unseen,harsh,horizontal_new,72,3,5,21,43,0.125,0.375,0.1875,0.10416666666666667,0.6657986111111112,0.6657986111111112
0.15,1,B3,unseen,harsh,horizontal_new,72,3,5,21,43,0.125,0.375,0.1875,0.10416666666666667,0.6657986111111112,0.6657986111111112
0.15,1,P1,unseen,harsh,horizontal_new,72,3,5,21,43,0.125,0.375,0.1875,0.10416666666666667,0.6657986111111112,0.6657986111111112
0.15,1,B1,unseen,harsh,low_new,72,10,12,14,36,0.4166666666666667,0.45454545454545453,0.43478260869565216,0.25,0.6180555555555556,0.6180555555555556
0.15,1,B2,unseen,harsh,low_new,72,9,4,15,44,0.375,0.6923076923076923,0.4864864864864865,0.08333333333333333,0.7552083333333334,0.7552083333333334
0.15,1,B3,unseen,harsh,low_new,72,7,4,17,44,0.2916666666666667,0.6363636363636364,0.4,0.08333333333333333,0.7552083333333334,0.7552083333333334
0.15,1,P1,unseen,harsh,low_new,72,9,4,15,44,0.375,0.6923076923076923,0.4864864864864865,0.08333333333333333,0.7552083333333334,0.7552083333333334
0.15,1,B1,unseen,harsh,two_new,72,8,9,16,39,0.3333333333333333,0.47058823529411764,0.3902439024390244,0.1875,0.5737847222222222,0.5737847222222222
0.15,1,B2,unseen,harsh,two_new,72,8,3,16,45,0.3333333333333333,0.7272727272727273,0.45714285714285713,0.0625,0.7170138888888888,0.7170138888888888
0.15,1,B3,unseen,harsh,two_new,72,8,3,16,45,0.3333333333333333,0.7272727272727273,0.45714285714285713,0.0625,0.7170138888888888,0.7170138888888888
0.15,1,P1,unseen,harsh,two_new,72,8,3,16,45,0.3333333333333333,0.7272727272727273,0.45714285714285713,0.0625,0.7170138888888888,0.7170138888888888
0.15,1,B1,unseen,harsh,vertical_new,72,1,1,23,47,0.041666666666666664,0.5,0.07692307692307693,0.020833333333333332,0.6840277777777778,0.6840277777777778
0.15,1,B2,unseen,harsh,vertical_new,72,11,2,13,46,0.4583333333333333,0.8461538461538461,0.5945945945945946,0.041666666666666664,0.7222222222222222,0.7222222222222222
0.15,1,B3,unseen,harsh,vertical_new,72,10,2,14,46,0.4166666666666667,0.8333333333333334,0.5555555555555556,0.041666666666666664,0.7222222222222222,0.7222222222222222
0.15,1,P1,unseen,harsh,vertical_new,72,11,2,13,46,0.4583333333333333,0.8461538461538461,0.5945945945945946,0.041666666666666664,0.7222222222222222,0.7222222222222222
0.15,1,B1,unseen,harsh,wide_new,72,7,10,17,38,0.2916666666666667,0.4117647058823529,0.34146341463414637,0.20833333333333334,0.5807291666666666,0.5807291666666666
0.15,1,B2,unseen,harsh,wide_new,72,6,6,18,42,0.25,0.5,0.3333333333333333,0.125,0.7100694444444444,0.7100694444444444
0.15,1,B3,unseen,harsh,wide_new,72,5,5,19,43,0.20833333333333334,0.5,0.29411764705882354,0.10416666666666667,0.7100694444444444,0.7100694444444444
0.15,1,P1,unseen,harsh,wide_new,72,6,6,18,42,0.25,0.5,0.3333333333333333,0.125,0.7100694444444444,0.7100694444444444
0.15,1,B1,unseen,standard,__all__,360,4,6,116,234,0.03333333333333333,0.4,0.06153846153846154,0.025,0.6028472222222222,0.6028472222222222
0.15,1,B2,unseen,standard,__all__,360,24,32,96,208,0.2,0.42857142857142855,0.2727272727272727,0.13333333333333333,0.5617708333333333,0.5617708333333333
0.15,1,B3,unseen,standard,__all__,360,24,32,96,208,0.2,0.42857142857142855,0.2727272727272727,0.13333333333333333,0.5617708333333333,0.5617708333333333
0.15,1,P1,unseen,standard,__all__,360,23,32,97,208,0.19166666666666668,0.41818181818181815,0.26285714285714284,0.13333333333333333,0.5617708333333333,0.5621875
0.15,1,B1,unseen,standard,horizontal_new,72,0,0,24,48,0.0,,0.0,0.0,0.5989583333333334,0.5989583333333334
0.15,1,B2,unseen,standard,horizontal_new,72,6,9,18,39,0.25,0.4,0.3076923076923077,0.1875,0.5364583333333334,0.5364583333333334
0.15,1,B3,unseen,standard,horizontal_new,72,6,9,18,39,0.25,0.4,0.3076923076923077,0.1875,0.5364583333333334,0.5364583333333334
0.15,1,P1,unseen,standard,horizontal_new,72,6,9,18,39,0.25,0.4,0.3076923076923077,0.1875,0.5364583333333334,0.5355902777777778
0.15,1,B1,unseen,standard,low_new,72,3,5,21,43,0.125,0.375,0.1875,0.10416666666666667,0.6701388888888888,0.6701388888888888
0.15,1,B2,unseen,standard,low_new,72,5,7,19,41,0.20833333333333334,0.4166666666666667,0.2777777777777778,0.14583333333333334,0.6189236111111112,0.6189236111111112
0.15,1,B3,unseen,standard,low_new,72,5,7,19,41,0.20833333333333334,0.4166666666666667,0.2777777777777778,0.14583333333333334,0.6189236111111112,0.6189236111111112
0.15,1,P1,unseen,standard,low_new,72,5,7,19,41,0.20833333333333334,0.4166666666666667,0.2777777777777778,0.14583333333333334,0.6189236111111112,0.6206597222222222
0.15,1,B1,unseen,standard,two_new,72,0,0,24,48,0.0,,0.0,0.0,0.6128472222222222,0.6128472222222222
0.15,1,B2,unseen,standard,two_new,72,5,3,19,45,0.20833333333333334,0.625,0.3125,0.0625,0.5651041666666666,0.5651041666666666
0.15,1,B3,unseen,standard,two_new,72,5,3,19,45,0.20833333333333334,0.625,0.3125,0.0625,0.5651041666666666,0.5651041666666666
0.15,1,P1,unseen,standard,two_new,72,4,3,20,45,0.16666666666666666,0.5714285714285714,0.25806451612903225,0.0625,0.5651041666666666,0.5642361111111112
0.15,1,B1,unseen,standard,vertical_new,72,1,1,23,47,0.041666666666666664,0.5,0.07692307692307693,0.020833333333333332,0.5868055555555556,0.5868055555555556
0.15,1,B2,unseen,standard,vertical_new,72,5,5,19,43,0.20833333333333334,0.5,0.29411764705882354,0.10416666666666667,0.5711805555555556,0.5711805555555556
0.15,1,B3,unseen,standard,vertical_new,72,5,5,19,43,0.20833333333333334,0.5,0.29411764705882354,0.10416666666666667,0.5711805555555556,0.5711805555555556
0.15,1,P1,unseen,standard,vertical_new,72,5,5,19,43,0.20833333333333334,0.5,0.29411764705882354,0.10416666666666667,0.5711805555555556,0.5711805555555556
0.15,1,B1,unseen,standard,wide_new,72,0,0,24,48,0.0,,0.0,0.0,0.5711805555555556,0.5711805555555556
0.15,1,B2,unseen,standard,wide_new,72,3,8,21,40,0.125,0.2727272727272727,0.17142857142857143,0.16666666666666666,0.5460069444444444,0.5460069444444444
0.15,1,B3,unseen,standard,wide_new,72,3,8,21,40,0.125,0.2727272727272727,0.17142857142857143,0.16666666666666666,0.5460069444444444,0.5460069444444444
0.15,1,P1,unseen,standard,wide_new,72,3,8,21,40,0.125,0.2727272727272727,0.17142857142857143,0.16666666666666666,0.5460069444444444,0.5451388888888888
0.15,2,B1,all,__all__,__all__,1152,126,107,258,661,0.328125,0.5407725321888412,0.40842787682333875,0.13932291666666666,0.7125684950086806,0.7125684950086806
0.15,2,B2,all,__all__,__all__,1152,48,92,336,676,0.125,0.34285714285714286,0.183206106870229,0.11979166666666667,0.5221405029296875,0.5221405029296875
0.15,2,B3,all,__all__,__all__,1152,49,76,335,692,0.12760416666666666,0.392,0.1925343811394892,0.09895833333333333,0.5221405029296875,0.5263875325520834
0.15,2,P1,all,__all__,__all__,1152,49,80,335,688,0.12760416666666666,0.3798449612403101,0.19103313840155944,0.10416666666666667,0.5221405029296875,0.5245496961805556
0.15,2,B1,seen,__all__,__all__,432,63,53,81,235,0.4375,0.5431034482758621,0.4846153846153846,0.1840277777777778,0.7331211419753086,0.7331211419753086
0.15,2,B2,seen,__all__,__all__,432,21,39,123,249,0.14583333333333334,0.35,0.20588235294117646,0.13541666666666666,0.5237750771604939,0.5237750771604939
0.15,2,B3,seen,__all__,__all__,432,25,35,119,253,0.1736111111111111,0.4166666666666667,0.24509803921568626,0.12152777777777778,0.5237750771604939,0.5313705632716049
0.15,2,P1,seen,__all__,__all__,432,24,37,120,251,0.16666666666666666,0.39344262295081966,0.23414634146341465,0.1284722222222222,0.5237750771604939,0.519555362654321
0.15,2,B1,seen,__all__,central_furniture,144,15,14,33,82,0.3125,0.5172413793103449,0.38961038961038963,0.14583333333333334,0.7369791666666666,0.7369791666666666
0.15,2,B2,seen,__all__,central_furniture,144,9,17,39,79,0.1875,0.34615384615384615,0.24324324324324326,0.17708333333333334,0.5160590277777778,0.5160590277777778
0.15,2,B3,seen,__all__,central_furniture,144,10,16,38,80,0.20833333333333334,0.38461538461538464,0.2702702702702703,0.16666666666666666,0.5160590277777778,0.5392795138888888
0.15,2,P1,seen,__all__,central_furniture,144,9,15,39,81,0.1875,0.375,0.25,0.15625,0.5160590277777778,0.5260416666666666
0.15,2,B1,seen,__all__,clear,144,31,30,17,66,0.6458333333333334,0.5081967213114754,0.5688073394495413,0.3125,0.7486979166666666,0.7486979166666666
0.15,2,B2,seen,__all__,clear,144,12,19,36,77,0.25,0.3870967741935484,0.3037974683544304,0.19791666666666666,0.5210503472222222,0.5210503472222222
0.15,2,B3,seen,__all__,clear,144,14,19,34,77,0.2916666666666667,0.42424242424242425,0.345679012345679,0.19791666666666666,0.5210503472222222,0.5533854166666666
0.15,2,P1,seen,__all__,clear,144,15,21,33,75,0.3125,0.4166666666666667,0.35714285714285715,0.21875,0.5210503472222222,0.5540364583333334
0.15,2,B1,seen,__all__,vertical_mid,144,17,9,31,87,0.3541666666666667,0.6538461538461539,0.4594594594594595,0.09375,0.7376302083333334,0.7376302083333334
0.15,2,B2,seen,__all__,vertical_mid,144,0,3,48,93,0.0,0.0,0.0,0.03125,0.5881076388888888,0.5881076388888888
0.15,2,B3,seen,__all__,vertical_mid,144,1,0,47,96,0.020833333333333332,1.0,0.04081632653061224,0.0,0.5881076388888888,0.5338541666666666
0.15,2,P1,seen,__all__,vertical_mid,144,0,1,48,95,0.0,0.0,0.0,0.010416666666666666,0.5881076388888888,0.5347222222222222
0.15,2,B1,seen,harsh,__all__,216,46,33,26,111,0.6388888888888888,0.5822784810126582,0.609271523178808,0.22916666666666666,0.7771026234567902,0.7771026234567902
0.15,2,B2,seen,harsh,__all__,216,21,37,51,107,0.2916666666666667,0.3620689655172414,0.3230769230769231,0.2569444444444444,0.5339506172839507,0.5339506172839507
0.15,2,B3,seen,harsh,__all__,216,17,21,55,123,0.2361111111111111,0.4473684210526316,0.3090909090909091,0.14583333333333334,0.5339506172839507,0.5339506172839507
0.15,2,P1,seen,harsh,__all__,216,18,29,54,115,0.25,0.3829787234042553,0.3025210084033613,0.2013888888888889,0.5339506172839507,0.5315393518518519
0.15,2,B1,seen,harsh,central_furniture,72,12,11,12,37,0.5,0.5217391304347826,0.5106382978723404,0.22916666666666666,0.7760416666666666,0.7760416666666666
0.15,2,B2,seen,harsh,central_furniture,72,9,17,15,31,0.375,0.34615384615384615,0.36,0.3541666666666667,0.5442708333333334,0.5442708333333334
0.15,2,B3,seen,harsh,central_furniture,72,8,9,16,39,0.3333333333333333,0.47058823529411764,0.3902439024390244,0.1875,0.5442708333333334,0.5442708333333334
0.15,2,P1,seen,harsh,central_furniture,72,8,14,16,34,0.3333333333333333,0.36363636363636365,0.34782608695652173,0.2916666666666667,0.5442708333333334,0.5442708333333334
0.15,2,B1,seen,harsh,clear,72,22,18,2,30,0.9166666666666666,0.55,0.6875,0.375,0.8133680555555556,0.8133680555555556
0.15,2,B2,seen,harsh,clear,72,12,17,12,31,0.5,0.41379310344827586,0.4528301886792453,0.3541666666666667,0.5616319444444444,0.5616319444444444
0.15,2,B3,seen,harsh,clear,72,9,12,15,36,0.375,0.42857142857142855,0.4,0.25,0.5616319444444444,0.5616319444444444
0.15,2,P1,seen,harsh,clear,72,10,14,14,34,0.4166666666666667,0.4166666666666667,0.4166666666666667,0.2916666666666667,0.5616319444444444,0.5555555555555556
0.15,2,B1,seen,harsh,vertical_mid,72,12,4,12,44,0.5,0.75,0.6,0.08333333333333333,0.7699652777777778,0.7699652777777778
0.15,2,B2,seen,harsh,vertical_mid,72,0,3,24,45,0.0,0.0,0.0,0.0625,0.6371527777777778,0.6371527777777778
0.15,2,B3,seen,harsh,vertical_mid,72,0,0,24,48,0.0,,0.0,0.0,0.6371527777777778,0.6371527777777778
0.15,2,P1,seen,harsh,vertical_mid,72,0,1,24,47,0.0,0.0,0.0,0.020833333333333332,0.6371527777777778,0.6371527777777778
0.15,2,B1,seen,standard,__all__,216,17,20,55,124,0.2361111111111111,0.4594594594594595,0.3119266055045872,0.1388888888888889,0.6858603395061729,0.6858603395061729
0.15,2,B2,seen,standard,__all__,216,0,2,72,142,0.0,0.0,0.0,0.013888888888888888,0.5439814814814815,0.5439814814814815
0.15,2,B3,seen,standard,__all__,216,8,14,64,130,0.1111111111111111,0.36363636363636365,0.1702127659574468,0.09722222222222222,0.5439814814814815,0.5439814814814815
0.15,2,P1,seen,standard,__all__,216,6,8,66,136,0.08333333333333333,0.42857142857142855,0.13953488372093023,0.05555555555555555,0.5439814814814815,0.5013503086419753
0.15,2,B1,seen,standard,central_furniture,72,3,3,21,45,0.125,0.5,0.2,0.0625,0.6979166666666666,0.6979166666666666
0.15,2,B2,seen,standard,central_furniture,72,0,0,24,48,0.0,,0.0,0.0,0.5442708333333334,0.5442708333333334
0.15,2,B3,seen,standard,central_furniture,72,2,7,22,41,0.08333333333333333,0.2222222222222222,0.12121212121212122,0.14583333333333334,0.5442708333333334,0.5442708333333334
0.15,2,P1,seen,standard,central_furniture,72,1,1,23,47,0.041666666666666664,0.5,0.07692307692307693,0.020833333333333332,0.5442708333333334,0.4730902777777778
0.15,2,B1,seen,standard,clear,72,9,12,15,36,0.375,0.42857142857142855,0.4,0.25,0.6744791666666666,0.6744791666666666
0.15,2,B2,seen,standard,clear,72,0,2,24,46,0.0,0.0,0.0,0.041666666666666664,0.5416666666666666,0.5416666666666666
0.15,2,B3,seen,standard,clear,72,5,7,19,41,0.20833333333333334,0.4166666666666667,0.2777777777777778,0.14583333333333334,0.5416666666666666,0.5416666666666666
0.15,2,P1,seen,standard,clear,72,5,7,19,41,0.20833333333333334,0.4166666666666667,0.2777777777777778,0.14583333333333334,0.5416666666666666,0.5451388888888888
0.15,2,B1,seen,standard,vertical_mid,72,5,5,19,43,0.20833333333333334,0.5,0.29411764705882354,0.10416666666666667,0.7092013888888888,0.7092013888888888
0.15,2,B2,seen,standard,vertical_mid,72,0,0,24,48,0.0,,0.0,0.0,0.5390625,0.5390625
0.15,2,B3,seen,standard,vertical_mid,72,1,0,23,48,0.041666666666666664,1.0,0.08,0.0,0.5390625,0.5390625
0.15,2,P1,seen,standard,vertical_mid,72,0,0,24,48,0.0,,0.0,0.0,0.5390625,0.4713541666666667
0.15,2,B1,unseen,__all__,__all__,720,63,54,177,426,0.2625,0.5384615384615384,0.35294117647058826,0.1125,0.7018055555555556,0.7018055555555556
0.15,2,B2,unseen,__all__,__all__,720,27,53,213,427,0.1125,0.3375,0.16875,0.11041666666666666,0.5215798611111111,0.5215798611111111
0.15,2,B3,unseen,__all__,__all__,720,24,41,216,439,0.1,0.36923076923076925,0.15737704918032788,0.08541666666666667,0.5215798611111111,0.5232899305555555
0.15,2,P1,unseen,__all__,__all__,720,25,43,215,437,0.10416666666666667,0.36764705882352944,0.16233766233766234,0.08958333333333333,0.5215798611111111,0.5287065972222222
0.15,2,B1,unseen,__all__,horizontal_new,144,6,5,42,91,0.125,0.5454545454545454,0.2033898305084746,0.052083333333333336,0.7404513888888888,0.7404513888888888
0.15,2,B2,unseen,__all__,horizontal_new,144,0,0,48,96,0.0,,0.0,0.0,0.5355902777777778,0.5355902777777778
0.15,2,B3,unseen,__all__,horizontal_new,144,0,0,48,96,0.0,,0.0,0.0,0.5355902777777778,0.5236545138888888
0.15,2,P1,unseen,__all__,horizontal_new,144,0,0,48,96,0.0,,0.0,0.0,0.5355902777777778,0.5627170138888888
0.15,2,B1,unseen,__all__,low_new,144,20,21,28,75,0.4166666666666667,0.4878048780487805,0.449438202247191,0.21875,0.7326388888888888,0.7326388888888888
0.15,2,B2,unseen,__all__,low_new,144,9,17,39,79,0.1875,0.34615384615384615,0.24324324324324326,0.17708333333333334,0.5210503472222222,0.5210503472222222
0.15,2,B3,unseen,__all__,low_new,144,11,15,37,81,0.22916666666666666,0.4230769230769231,0.2972972972972973,0.15625,0.5210503472222222,0.5425347222222222
0.15,2,P1,unseen,__all__,low_new,144,11,19,37,77,0.22916666666666666,0.36666666666666664,0.28205128205128205,0.19791666666666666,0.5210503472222222,0.5620659722222222
0.15,2,B1,unseen,__all__,two_new,144,12,9,36,87,0.25,0.5714285714285714,0.34782608695652173,0.09375,0.6859809027777778,0.6859809027777778
0.15,2,B2,unseen,__all__,two_new,144,9,17,39,79,0.1875,0.34615384615384615,0.24324324324324326,0.17708333333333334,0.5162760416666666,0.5162760416666666
0.15,2,B3,unseen,__all__,two_new,144,7,14,41,82,0.14583333333333334,0.3333333333333333,0.2028985507246377,0.14583333333333334,0.5162760416666666,0.5336371527777778
0.15,2,P1,unseen,__all__,two_new,144,7,12,41,84,0.14583333333333334,0.3684210526315789,0.208955223880597,0.125,0.5162760416666666,0.5483940972222222
0.15,2,B1,unseen,__all__,vertical_new,144,13,6,35,90,0.2708333333333333,0.6842105263157895,0.3880597014925373,0.0625,0.7178819444444444,0.7178819444444444
0.15,2,B2,unseen,__all__,vertical_new,144,0,2,48,94,0.0,0.0,0.0,0.020833333333333332,0.5794270833333334,0.5794270833333334
0.15,2,B3,unseen,__all__,vertical_new,144,0,0,48,96,0.0,,0.0,0.0,0.5794270833333334,0.5303819444444444
0.15,2,P1,unseen,__all__,vertical_new,144,0,0,48,96,0.0,,0.0,0.0,0.5794270833333334,0.5269097222222222
0.15,2,B1,unseen,__all__,wide_new,144,12,13,36,83,0.25,0.48,0.3287671232876712,0.13541666666666666,0.6551649305555556,0.6551649305555556
0.15,2,B2,unseen,__all__,wide_new,144,9,17,39,79,0.1875,0.34615384615384615,0.24324324324324326,0.17708333333333334,0.5130208333333334,0.5130208333333334
0.15,2,B3,unseen,__all__,wide_new,144,6,12,42,84,0.125,0.3333333333333333,0.18181818181818182,0.125,0.5130208333333334,0.5295138888888888
0.15,2,P1,unseen,__all__,wide_new,144,7,12,41,84,0.14583333333333334,0.3684210526315789,0.208955223880597,0.125,0.5130208333333334,0.5119357638888888
0.15,2,B1,unseen,harsh,__all__,360,46,42,74,198,0.38333333333333336,0.5227272727272727,0.4423076923076923,0.175,0.7207291666666666,0.7207291666666666
0.15,2,B2,unseen,harsh,__all__,360,27,53,93,187,0.225,0.3375,0.27,0.22083333333333333,0.5195486111111111,0.5195486111111111
0.15,2,B3,unseen,harsh,__all__,360,17,22,103,218,0.14166666666666666,0.4358974358974359,0.2138364779874214,0.09166666666666666,0.5195486111111111,0.5195486111111111
0.15,2,P1,unseen,harsh,__all__,360,22,40,98,200,0.18333333333333332,0.3548387096774194,0.24175824175824176,0.16666666666666666,0.5195486111111111,0.5154513888888889
0.15,2,B1,unseen,harsh,horizontal_new,72,3,4,21,44,0.125,0.42857142857142855,0.1935483870967742,0.08333333333333333,0.7248263888888888,0.7248263888888888
0.15,2,B2,unseen,harsh,horizontal_new,72,0,0,24,48,0.0,,0.0,0.0,0.5164930555555556,0.5164930555555556
0.15,2,B3,unseen,harsh,horizontal_new,72,0,0,24,48,0.0,,0.0,0.0,0.5164930555555556,0.5164930555555556
0.15,2,P1,unseen,harsh,horizontal_new,72,0,0,24,48,0.0,,0.0,0.0,0.5164930555555556,0.484375
0.15,2,B1,unseen,harsh,low_new,72,14,15,10,33,0.5833333333333334,0.4827586206896552,0.5283018867924528,0.3125,0.7578125,0.7578125
0.15,2,B2,unseen,harsh,low_new,72,9,17,15,31,0.375,0.34615384615384615,0.36,0.3541666666666667,0.5425347222222222,0.5425347222222222
0.15,2,B3,unseen,harsh,low_new,72,7,8,17,40,0.2916666666666667,0.4666666666666667,0.358974358974359,0.16666666666666666,0.5425347222222222,0.5425347222222222
0.15,2,P1,unseen,harsh,low_new,72,8,16,16,32,0.3333333333333333,0.3333333333333333,0.3333333333333333,0.3333333333333333,0.5425347222222222,0.5425347222222222
0.15,2,B1,unseen,harsh,two_new,72,10,9,14,39,0.4166666666666667,0.5263157894736842,0.46511627906976744,0.1875,0.7005208333333334,0.7005208333333334
0.15,2,B2,unseen,harsh,two_new,72,9,17,15,31,0.375,0.34615384615384615,0.36,0.3541666666666667,0.5303819444444444,0.5303819444444444
0.15,2,B3,unseen,harsh,two_new,72,5,7,19,41,0.20833333333333334,0.4166666666666667,0.2777777777777778,0.14583333333333334,0.5303819444444444,0.5303819444444444
0.15,2,P1,unseen,harsh,two_new,72,7,12,17,36,0.2916666666666667,0.3684210526315789,0.32558139534883723,0.25,0.5303819444444444,0.5303819444444444
0.15,2,B1,unseen,harsh,vertical_new,72,9,3,15,45,0.375,0.75,0.5,0.0625,0.7690972222222222,0.7690972222222222
0.15,2,B2,unseen,harsh,vertical_new,72,0,2,24,46,0.0,0.0,0.0,0.041666666666666664,0.6215277777777778,0.6215277777777778
0.15,2,B3,unseen,harsh,vertical_new,72,0,0,24,48,0.0,,0.0,0.0,0.6215277777777778,0.6215277777777778
0.15,2,P1,unseen,harsh,vertical_new,72,0,0,24,48,0.0,,0.0,0.0,0.6215277777777778,0.6215277777777778
0.15,2,B1,unseen,harsh,wide_new,72,10,11,14,37,0.4166666666666667,0.47619047619047616,0.4444444444444444,0.22916666666666666,0.6831597222222222,0.6831597222222222
0.15,2,B2,unseen,harsh,wide_new,72,9,17,15,31,0.375,0.34615384615384615,0.36,0.3541666666666667,0.5355902777777778,0.5355902777777778
0.15,2,B3,unseen,harsh,wide_new,72,5,7,19,41,0.20833333333333334,0.4166666666666667,0.2777777777777778,0.14583333333333334,0.5355902777777778,0.5355902777777778
0.15,2,P1,unseen,harsh,wide_new,72,7,12,17,36,0.2916666666666667,0.3684210526315789,0.32558139534883723,0.25,0.5355902777777778,0.5355902777777778
0.15,2,B1,unseen,standard,__all__,360,17,12,103,228,0.14166666666666666,0.5862068965517241,0.22818791946308725,0.05,0.6835416666666667,0.6835416666666667
0.15,2,B2,unseen,standard,__all__,360,0,0,120,240,0.0,,0.0,0.0,0.5520486111111111,0.5520486111111111
0.15,2,B3,unseen,standard,__all__,360,7,19,113,221,0.058333333333333334,0.2692307692307692,0.0958904109589041,0.07916666666666666,0.5520486111111111,0.5520486111111111
0.15,2,P1,unseen,standard,__all__,360,3,3,117,237,0.025,0.5,0.047619047619047616,0.0125,0.5520486111111111,0.5426041666666667
0.15,2,B1,unseen,standard,horizontal_new,72,3,1,21,47,0.125,0.75,0.21428571428571427,0.020833333333333332,0.7552083333333334,0.7552083333333334
0.15,2,B2,unseen,standard,horizontal_new,72,0,0,24,48,0.0,,0.0,0.0,0.5798611111111112,0.5798611111111112
0.15,2,B3,unseen,standard,horizontal_new,72,0,0,24,48,0.0,,0.0,0.0,0.5798611111111112,0.5798611111111112
0.15,2,P1,unseen,standard,horizontal_new,72,0,0,24,48,0.0,,0.0,0.0,0.5798611111111112,0.6614583333333334
0.15,2,B1,unseen,standard,low_new,72,6,6,18,42,0.25,0.5,0.3333333333333333,0.125,0.7074652777777778,0.7074652777777778
0.15,2,B2,unseen,standard,low_new,72,0,0,24,48,0.0,,0.0,0.0,0.5590277777777778,0.5590277777777778
0.15,2,B3,unseen,standard,low_new,72,4,7,20,41,0.16666666666666666,0.36363636363636365,0.22857142857142856,0.14583333333333334,0.5590277777777778,0.5590277777777778
0.15,2,P1,unseen,standard,low_new,72,3,3,21,45,0.125,0.5,0.2,0.0625,0.5590277777777778,0.5868055555555556
0.15,2,B1,unseen,standard,two_new,72,2,0,22,48,0.08333333333333333,1.0,0.15384615384615385,0.0,0.6822916666666666,0.6822916666666666
0.15,2,B2,unseen,standard,two_new,72,0,0,24,48,0.0,,0.0,0.0,0.5633680555555556,0.5633680555555556
0.15,2,B3,unseen,standard,two_new,72,2,7,22,41,0.08333333333333333,0.2222222222222222,0.12121212121212122,0.14583333333333334,0.5633680555555556,0.5633680555555556
0.15,2,P1,unseen,standard,two_new,72,0,0,24,48,0.0,,0.0,0.0,0.5633680555555556,0.5798611111111112
0.15,2,B1,unseen,standard,vertical_new,72,4,3,20,45,0.16666666666666666,0.5714285714285714,0.25806451612903225,0.0625,0.6762152777777778,0.6762152777777778
0.15,2,B2,unseen,standard,vertical_new,72,0,0,24,48,0.0,,0.0,0.0,0.5303819444444444,0.5303819444444444
0.15,2,B3,unseen,standard,vertical_new,72,0,0,24,48,0.0,,0.0,0.0,0.5303819444444444,0.5303819444444444
0.15,2,P1,unseen,standard,vertical_new,72,0,0,24,48,0.0,,0.0,0.0,0.5303819444444444,0.453125
0.15,2,B1,unseen,standard,wide_new,72,2,2,22,46,0.08333333333333333,0.5,0.14285714285714285,0.041666666666666664,0.6328125,0.6328125
0.15,2,B2,unseen,standard,wide_new,72,0,0,24,48,0.0,,0.0,0.0,0.5399305555555556,0.5399305555555556
0.15,2,B3,unseen,standard,wide_new,72,1,5,23,43,0.041666666666666664,0.16666666666666666,0.06666666666666667,0.10416666666666667,0.5399305555555556,0.5399305555555556
0.15,2,P1,unseen,standard,wide_new,72,0,0,24,48,0.0,,0.0,0.0,0.5399305555555556,0.4670138888888889
0.15,3,B1,all,__all__,__all__,1152,234,111,150,657,0.609375,0.6782608695652174,0.6419753086419753,0.14453125,0.8448384602864584,0.8448384602864584
0.15,3,B2,all,__all__,__all__,1152,67,69,317,699,0.17447916666666666,0.49264705882352944,0.25769230769230766,0.08984375,0.6511637369791666,0.6511637369791666
0.15,3,B3,all,__all__,__all__,1152,58,59,326,709,0.15104166666666666,0.49572649572649574,0.2315369261477046,0.07682291666666667,0.6511637369791666,0.6446974012586806
0.15,3,P1,all,__all__,__all__,1152,61,58,323,710,0.15885416666666666,0.5126050420168067,0.24254473161033796,0.07552083333333333,0.6511637369791666,0.6412251790364584
0.15,3,B1,seen,__all__,__all__,432,94,47,50,241,0.6527777777777778,0.6666666666666666,0.6596491228070176,0.16319444444444445,0.8591338734567902,0.8591338734567902
0.15,3,B2,seen,__all__,__all__,432,31,30,113,258,0.2152777777777778,0.5081967213114754,0.3024390243902439,0.10416666666666667,0.6641830632716049,0.6641830632716049
0.15,3,B3,seen,__all__,__all__,432,32,29,112,259,0.2222222222222222,0.5245901639344263,0.3121951219512195,0.10069444444444445,0.6641830632716049,0.6619405864197531
0.15,3,P1,seen,__all__,__all__,432,31,30,113,258,0.2152777777777778,0.5081967213114754,0.3024390243902439,0.10416666666666667,0.6641830632716049,0.6535734953703703
0.15,3,B1,seen,__all__,central_furniture,144,32,13,16,83,0.6666666666666666,0.7111111111111111,0.6881720430107527,0.13541666666666666,0.8723958333333334,0.8723958333333334
0.15,3,B2,seen,__all__,central_furniture,144,12,12,36,84,0.25,0.5,0.3333333333333333,0.125,0.6532118055555556,0.6532118055555556
0.15,3,B3,seen,__all__,central_furniture,144,11,10,37,86,0.22916666666666666,0.5238095238095238,0.3188405797101449,0.10416666666666667,0.6532118055555556,0.6642795138888888
0.15,3,P1,seen,__all__,central_furniture,144,10,9,38,87,0.20833333333333334,0.5263157894736842,0.29850746268656714,0.09375,0.6532118055555556,0.6551649305555556
0.15,3,B1,seen,__all__,clear,144,35,20,13,76,0.7291666666666666,0.6363636363636364,0.6796116504854369,0.20833333333333334,0.8658854166666666,0.8658854166666666
0.15,3,B2,seen,__all__,clear,144,16,15,32,81,0.3333333333333333,0.5161290322580645,0.4050632911392405,0.15625,0.6770833333333334,0.6770833333333334
0.15,3,B3,seen,__all__,clear,144,19,18,29,78,0.3958333333333333,0.5135135135135135,0.4470588235294118,0.1875,0.6770833333333334,0.6864149305555556
0.15,3,P1,seen,__all__,clear,144,19,18,29,78,0.3958333333333333,0.5135135135135135,0.4470588235294118,0.1875,0.6770833333333334,0.6857638888888888
0.15,3,B1,seen,__all__,vertical_mid,144,27,14,21,82,0.5625,0.6585365853658537,0.6067415730337079,0.14583333333333334,0.837890625,0.837890625
0.15,3,B2,seen,__all__,vertical_mid,144,3,3,45,93,0.0625,0.5,0.1111111111111111,0.03125,0.6929253472222222,0.6929253472222222
0.15,3,B3,seen,__all__,vertical_mid,144,2,1,46,95,0.041666666666666664,0.6666666666666666,0.0784313725490196,0.010416666666666666,0.6929253472222222,0.6555989583333334
0.15,3,P1,seen,__all__,vertical_mid,144,2,3,46,93,0.041666666666666664,0.4,0.07547169811320754,0.03125,0.6929253472222222,0.6608072916666666
0.15,3,B1,seen,harsh,__all__,216,65,32,7,112,0.9027777777777778,0.6701030927835051,0.7692307692307693,0.2222222222222222,0.8864776234567902,0.8864776234567902
0.15,3,B2,seen,harsh,__all__,216,29,26,43,118,0.4027777777777778,0.5272727272727272,0.4566929133858268,0.18055555555555555,0.7123842592592593,0.7123842592592593
0.15,3,B3,seen,harsh,__all__,216,25,19,47,125,0.3472222222222222,0.5681818181818182,0.43103448275862066,0.13194444444444445,0.7123842592592593,0.7123842592592593
0.15,3,P1,seen,harsh,__all__,216,26,23,46,121,0.3611111111111111,0.5306122448979592,0.4297520661157025,0.1597222222222222,0.7123842592592593,0.7110339506172839
0.15,3,B1,seen,harsh,central_furniture,72,22,10,2,38,0.9166666666666666,0.6875,0.7857142857142857,0.20833333333333334,0.8897569444444444,0.8897569444444444
0.15,3,B2,seen,harsh,central_furniture,72,12,11,12,37,0.5,0.5217391304347826,0.5106382978723404,0.22916666666666666,0.7135416666666666,0.7135416666666666
0.15,3,B3,seen,harsh,central_furniture,72,10,7,14,41,0.4166666666666667,0.5882352941176471,0.4878048780487805,0.14583333333333334,0.7135416666666666,0.7135416666666666
0.15,3,P1,seen,harsh,central_furniture,72,10,9,14,39,0.4166666666666667,0.5263157894736842,0.46511627906976744,0.1875,0.7135416666666666,0.7135416666666666
0.15,3,B1,seen,harsh,clear,72,24,13,0,35,1.0,0.6486486486486487,0.7868852459016393,0.2708333333333333,0.8880208333333334,0.8880208333333334
0.15,3,B2,seen,harsh,clear,72,14,12,10,36,0.5833333333333334,0.5384615384615384,0.56,0.25,0.7517361111111112,0.7517361111111112
0.15,3,B3,seen,harsh,clear,72,14,11,10,37,0.5833333333333334,0.56,0.5714285714285714,0.22916666666666666,0.7517361111111112,0.7517361111111112
0.15,3,P1,seen,harsh,clear,72,14,11,10,37,0.5833333333333334,0.56,0.5714285714285714,0.22916666666666666,0.7517361111111112,0.7482638888888888
0.15,3,B1,seen,harsh,vertical_mid,72,19,9,5,39,0.7916666666666666,0.6785714285714286,0.7307692307692307,0.1875,0.8836805555555556,0.8836805555555556
0.15,3,B2,seen,harsh,vertical_mid,72,3,3,21,45,0.125,0.5,0.2,0.0625,0.7378472222222222,0.7378472222222222
0.15,3,B3,seen,harsh,vertical_mid,72,1,1,23,47,0.041666666666666664,0.5,0.07692307692307693,0.020833333333333332,0.7378472222222222,0.7378472222222222
0.15,3,P1,seen,harsh,vertical_mid,72,2,3,22,45,0.08333333333333333,0.4,0.13793103448275862,0.0625,0.7378472222222222,0.7352430555555556
0.15,3,B1,seen,standard,__all__,216,29,15,43,129,0.4027777777777778,0.6590909090909091,0.5,0.10416666666666667,0.8260995370370371,0.8260995370370371
0.15,3,B2,seen,standard,__all__,216,2,4,70,140,0.027777777777777776,0.3333333333333333,0.05128205128205128,0.027777777777777776,0.6251929012345679,0.6251929012345679
0.15,3,B3,seen,standard,__all__,216,7,10,65,134,0.09722222222222222,0.4117647058823529,0.15730337078651685,0.06944444444444445,0.6251929012345679,0.6251929012345679
0.15,3,P1,seen,standard,__all__,216,5,7,67,137,0.06944444444444445,0.4166666666666667,0.11904761904761904,0.04861111111111111,0.6251929012345679,0.5922067901234568
0.15,3,B1,seen,standard,central_furniture,72,10,3,14,45,0.4166666666666667,0.7692307692307693,0.5405405405405406,0.0625,0.8576388888888888,0.8576388888888888
0.15,3,B2,seen,standard,central_furniture,72,0,1,24,47,0.0,0.0,0.0,0.020833333333333332,0.6015625,0.6015625
0.15,3,B3,seen,standard,central_furniture,72,1,3,23,45,0.041666666666666664,0.25,0.07142857142857142,0.0625,0.6015625,0.6015625
0.15,3,P1,seen,standard,central_furniture,72,0,0,24,48,0.0,,0.0,0.0,0.6015625,0.5798611111111112
0.15,3,B1,seen,standard,clear,72,11,7,13,41,0.4583333333333333,0.6111111111111112,0.5238095238095238,0.14583333333333334,0.8411458333333334,0.8411458333333334
0.15,3,B2,seen,standard,clear,72,2,3,22,45,0.08333333333333333,0.4,0.13793103448275862,0.0625,0.625,0.625
0.15,3,B3,seen,standard,clear,72,5,7,19,41,0.20833333333333334,0.4166666666666667,0.2777777777777778,0.14583333333333334,0.625,0.625
0.15,3,P1,seen,standard,clear,72,5,7,19,41,0.20833333333333334,0.4166666666666667,0.2777777777777778,0.14583333333333334,0.625,0.6267361111111112
0.15,3,B1,seen,standard,vertical_mid,72,8,5,16,43,0.3333333333333333,0.6153846153846154,0.43243243243243246,0.10416666666666667,0.7838541666666666,0.7838541666666666
0.15,3,B2,seen,standard,vertical_mid,72,0,0,24,48,0.0,,0.0,0.0,0.6545138888888888,0.6545138888888888
0.15,3,B3,seen,standard,vertical_mid,72,1,0,23,48,0.041666666666666664,1.0,0.08,0.0,0.6545138888888888,0.6545138888888888
0.15,3,P1,seen,standard,vertical_mid,72,0,0,24,48,0.0,,0.0,0.0,0.6545138888888888,0.5746527777777778
0.15,3,B1,unseen,__all__,__all__,720,140,64,100,416,0.5833333333333334,0.6862745098039216,0.6306306306306306,0.13333333333333333,0.8349045138888889,0.8349045138888889
0.15,3,B2,unseen,__all__,__all__,720,36,39,204,441,0.15,0.48,0.22857142857142856,0.08125,0.6456336805555556,0.6456336805555556
0.15,3,B3,unseen,__all__,__all__,720,26,30,214,450,0.10833333333333334,0.4642857142857143,0.17567567567567569,0.0625,0.6456336805555556,0.6360416666666666
0.15,3,P1,unseen,__all__,__all__,720,30,28,210,452,0.125,0.5172413793103449,0.20134228187919462,0.058333333333333334,0.6456336805555556,0.636640625
0.15,3,B1,unseen,__all__,horizontal_new,144,28,12,20,84,0.5833333333333334,0.7,0.6363636363636364,0.125,0.83984375,0.83984375
0.15,3,B2,unseen,__all__,horizontal_new,144,0,1,48,95,0.0,0.0,0.0,0.010416666666666666,0.6701388888888888,0.6701388888888888
0.15,3,B3,unseen,__all__,horizontal_new,144,0,1,48,95,0.0,0.0,0.0,0.010416666666666666,0.6701388888888888,0.619140625
0.15,3,P1,unseen,__all__,horizontal_new,144,0,1,48,95,0.0,0.0,0.0,0.010416666666666666,0.6701388888888888,0.6644965277777778
0.15,3,B1,unseen,__all__,low_new,144,37,16,11,80,0.7708333333333334,0.6981132075471698,0.7326732673267327,0.16666666666666666,0.8682725694444444,0.8682725694444444
0.15,3,B2,unseen,__all__,low_new,144,13,13,35,83,0.2708333333333333,0.5,0.35135135135135137,0.13541666666666666,0.6571180555555556,0.6571180555555556
0.15,3,B3,unseen,__all__,low_new,144,12,12,36,84,0.25,0.5,0.3333333333333333,0.125,0.6571180555555556,0.6612413194444444
0.15,3,P1,unseen,__all__,low_new,144,14,10,34,86,0.2916666666666667,0.5833333333333334,0.3888888888888889,0.10416666666666667,0.6571180555555556,0.6690538194444444
0.15,3,B1,unseen,__all__,two_new,144,30,13,18,83,0.625,0.6976744186046512,0.6593406593406593,0.13541666666666666,0.8446180555555556,0.8446180555555556
0.15,3,B2,unseen,__all__,two_new,144,11,12,37,84,0.22916666666666666,0.4782608695652174,0.30985915492957744,0.125,0.6254340277777778,0.6254340277777778
0.15,3,B3,unseen,__all__,two_new,144,7,9,41,87,0.14583333333333334,0.4375,0.21875,0.09375,0.6254340277777778,0.6304253472222222
0.15,3,P1,unseen,__all__,two_new,144,8,8,40,88,0.16666666666666666,0.5,0.25,0.08333333333333333,0.6254340277777778,0.6336805555555556
0.15,3,B1,unseen,__all__,vertical_new,144,24,10,24,86,0.5,0.7058823529411765,0.5853658536585366,0.10416666666666667,0.8285590277777778,0.8285590277777778
0.15,3,B2,unseen,__all__,vertical_new,144,2,2,46,94,0.041666666666666664,0.5,0.07692307692307693,0.020833333333333332,0.6840277777777778,0.6840277777777778
0.15,3,B3,unseen,__all__,vertical_new,144,1,1,47,95,0.020833333333333332,0.5,0.04,0.010416666666666666,0.6840277777777778,0.638671875
0.15,3,P1,unseen,__all__,vertical_new,144,1,1,47,95,0.020833333333333332,0.5,0.04,0.010416666666666666,0.6840277777777778,0.640625
0.15,3,B1,unseen,__all__,wide_new,144,21,13,27,83,0.4375,0.6176470588235294,0.5121951219512195,0.13541666666666666,0.7962239583333334,0.7962239583333334
0.15,3,B2,unseen,__all__,wide_new,144,10,11,38,85,0.20833333333333334,0.47619047619047616,0.2898550724637681,0.11458333333333333,0.6306423611111112,0.6306423611111112
0.15,3,B3,unseen,__all__,wide_new,144,6,7,42,89,0.125,0.46153846153846156,0.19672131147540983,0.07291666666666667,0.6306423611111112,0.6391059027777778
0.15,3,P1,unseen,__all__,wide_new,144,7,8,41,88,0.14583333333333334,0.4666666666666667,0.2222222222222222,0.08333333333333333,0.6306423611111112,0.6241319444444444
0.15,3,B1,unseen,harsh,__all__,360,93,47,27,193,0.775,0.6642857142857143,0.7153846153846154,0.19583333333333333,0.8639236111111112,0.8639236111111112
0.15,3,B2,unseen,harsh,__all__,360,36,37,84,203,0.3,0.4931506849315068,0.37305699481865284,0.15416666666666667,0.6723263888888888,0.6723263888888888
0.15,3,B3,unseen,harsh,__all__,360,24,23,96,217,0.2,0.5106382978723404,0.2874251497005988,0.09583333333333334,0.6723263888888888,0.6723263888888888
0.15,3,P1,unseen,harsh,__all__,360,28,27,92,213,0.23333333333333334,0.509090909090909,0.32,0.1125,0.6723263888888888,0.6701388888888888
0.15,3,B1,unseen,harsh,horizontal_new,72,15,9,9,39,0.625,0.625,0.625,0.1875,0.84375,0.84375
0.15,3,B2,unseen,harsh,horizontal_new,72,0,1,24,47,0.0,0.0,0.0,0.020833333333333332,0.6788194444444444,0.6788194444444444
0.15,3,B3,unseen,harsh,horizontal_new,72,0,1,24,47,0.0,0.0,0.0,0.020833333333333332,0.6788194444444444,0.6788194444444444
0.15,3,P1,unseen,harsh,horizontal_new,72,0,1,24,47,0.0,0.0,0.0,0.020833333333333332,0.6788194444444444,0.6614583333333334
0.15,3,B1,unseen,harsh,low_new,72,23,11,1,37,0.9583333333333334,0.6764705882352942,0.7931034482758621,0.22916666666666666,0.8810763888888888,0.8810763888888888
0.15,3,B2,unseen,harsh,low_new,72,13,12,11,36,0.5416666666666666,0.52,0.5306122448979592,0.25,0.6961805555555556,0.6961805555555556
0.15,3,B3,unseen,harsh,low_new,72,10,9,14,39,0.4166666666666667,0.5263157894736842,0.46511627906976744,0.1875,0.6961805555555556,0.6961805555555556
0.15,3,P1,unseen,harsh,low_new,72,12,9,12,39,0.5,0.5714285714285714,0.5333333333333333,0.1875,0.6961805555555556,0.6961805555555556
0.15,3,B1,unseen,harsh,two_new,72,20,11,4,37,0.8333333333333334,0.6451612903225806,0.7272727272727273,0.22916666666666666,0.8645833333333334,0.8645833333333334
0.15,3,B2,unseen,harsh,two_new,72,11,11,13,37,0.4583333333333333,0.5,0.4782608695652174,0.22916666666666666,0.6631944444444444,0.6631944444444444
0.15,3,B3,unseen,harsh,two_new,72,7,7,17,41,0.2916666666666667,0.5,0.3684210526315789,0.14583333333333334,0.6631944444444444,0.6631944444444444
0.15,3,P1,unseen,harsh,two_new,72,8,8,16,40,0.3333333333333333,0.5,0.4,0.16666666666666666,0.6631944444444444,0.6631944444444444
0.15,3,B1,unseen,harsh,vertical_new,72,17,6,7,42,0.7083333333333334,0.7391304347826086,0.723404255319149,0.125,0.8888888888888888,0.8888888888888888
0.15,3,B2,unseen,harsh,vertical_new,72,2,2,22,46,0.08333333333333333,0.5,0.14285714285714285,0.041666666666666664,0.7361111111111112,0.7361111111111112
0.15,3,B3,unseen,harsh,vertical_new,72,1,1,23,47,0.041666666666666664,0.5,0.07692307692307693,0.020833333333333332,0.7361111111111112,0.7361111111111112
0.15,3,P1,unseen,harsh,vertical_new,72,1,1,23,47,0.041666666666666664,0.5,0.07692307692307693,0.020833333333333332,0.7361111111111112,0.7361111111111112
0.15,3,B1,unseen,harsh,wide_new,72,18,10,6,38,0.75,0.6428571428571429,0.6923076923076923,0.20833333333333334,0.8394097222222222,0.8394097222222222
0.15,3,B2,unseen,harsh,wide_new,72,10,11,14,37,0.4166666666666667,0.47619047619047616,0.4444444444444444,0.22916666666666666,0.6840277777777778,0.6840277777777778
0.15,3,B3,unseen,harsh,wide_new,72,6,5,18,43,0.25,0.5454545454545454,0.34285714285714286,0.10416666666666667,0.6840277777777778,0.6840277777777778
0.15,3,P1,unseen,harsh,wide_new,72,7,8,17,40,0.2916666666666667,0.4666666666666667,0.358974358974359,0.16666666666666666,0.6840277777777778,0.6840277777777778
0.15,3,B1,unseen,standard,__all__,360,47,17,73,223,0.39166666666666666,0.734375,0.5108695652173914,0.07083333333333333,0.7951041666666666,0.7951041666666666
0.15,3,B2,unseen,standard,__all__,360,0,2,120,238,0.0,0.0,0.0,0.008333333333333333,0.6237847222222223,0.6237847222222223
0.15,3,B3,unseen,standard,__all__,360,2,7,118,233,0.016666666666666666,0.2222222222222222,0.031007751937984496,0.029166666666666667,0.6237847222222223,0.6237847222222223
0.15,3,P1,unseen,standard,__all__,360,2,1,118,239,0.016666666666666666,0.6666666666666666,0.032520325203252036,0.004166666666666667,0.6237847222222223,0.5956944444444444
0.15,3,B1,unseen,standard,horizontal_new,72,13,3,11,45,0.5416666666666666,0.8125,0.65,0.0625,0.8246527777777778,0.8246527777777778
0.15,3,B2,unseen,standard,horizontal_new,72,0,0,24,48,0.0,,0.0,0.0,0.6640625,0.6640625
0.15,3,B3,unseen,standard,horizontal_new,72,0,0,24,48,0.0,,0.0,0.0,0.6640625,0.6640625
0.15,3,P1,unseen,standard,horizontal_new,72,0,0,24,48,0.0,,0.0,0.0,0.6640625,0.6701388888888888
0.15,3,B1,unseen,standard,low_new,72,14,5,10,43,0.5833333333333334,0.7368421052631579,0.6511627906976745,0.10416666666666667,0.8446180555555556,0.8446180555555556
0.15,3,B2,unseen,standard,low_new,72,0,1,24,47,0.0,0.0,0.0,0.020833333333333332,0.6397569444444444,0.6397569444444444
0.15,3,B3,unseen,standard,low_new,72,2,3,22,45,0.08333333333333333,0.4,0.13793103448275862,0.0625,0.6397569444444444,0.6397569444444444
0.15,3,P1,unseen,standard,low_new,72,2,1,22,47,0.08333333333333333,0.6666666666666666,0.14814814814814814,0.020833333333333332,0.6397569444444444,0.6458333333333334
0.15,3,B1,unseen,standard,two_new,72,10,2,14,46,0.4166666666666667,0.8333333333333334,0.5555555555555556,0.041666666666666664,0.8376736111111112,0.8376736111111112
0.15,3,B2,unseen,standard,two_new,72,0,1,24,47,0.0,0.0,0.0,0.020833333333333332,0.5989583333333334,0.5989583333333334
0.15,3,B3,unseen,standard,two_new,72,0,2,24,46,0.0,0.0,0.0,0.041666666666666664,0.5989583333333334,0.5989583333333334
0.15,3,P1,unseen,standard,two_new,72,0,0,24,48,0.0,,0.0,0.0,0.5989583333333334,0.5963541666666666
0.15,3,B1,unseen,standard,vertical_new,72,7,4,17,44,0.2916666666666667,0.6363636363636364,0.4,0.08333333333333333,0.7508680555555556,0.7508680555555556
0.15,3,B2,unseen,standard,vertical_new,72,0,0,24,48,0.0,,0.0,0.0,0.6336805555555556,0.6336805555555556
0.15,3,B3,unseen,standard,vertical_new,72,0,0,24,48,0.0,,0.0,0.0,0.6336805555555556,0.6336805555555556
0.15,3,P1,unseen,standard,vertical_new,72,0,0,24,48,0.0,,0.0,0.0,0.6336805555555556,0.5295138888888888
0.15,3,B1,unseen,standard,wide_new,72,3,3,21,45,0.125,0.5,0.2,0.0625,0.7326388888888888,0.7326388888888888
0.15,3,B2,unseen,standard,wide_new,72,0,0,24,48,0.0,,0.0,0.0,0.5815972222222222,0.5815972222222222
0.15,3,B3,unseen,standard,wide_new,72,0,2,24,46,0.0,0.0,0.0,0.041666666666666664,0.5815972222222222,0.5815972222222222
0.15,3,P1,unseen,standard,wide_new,72,0,0,24,48,0.0,,0.0,0.0,0.5815972222222222,0.5460069444444444
0.15,4,B1,all,__all__,__all__,1152,46,79,338,689,0.11979166666666667,0.368,0.1807465618860511,0.10286458333333333,0.5311618381076388,0.5311618381076388
0.15,4,B2,all,__all__,__all__,1152,49,77,335,691,0.12760416666666666,0.3888888888888889,0.19215686274509805,0.10026041666666667,0.5406663682725694,0.5406663682725694
0.15,4,B3,all,__all__,__all__,1152,34,42,350,726,0.08854166666666667,0.4473684210526316,0.14782608695652175,0.0546875,0.5406663682725694,0.5389777289496528
0.15,4,P1,all,__all__,__all__,1152,42,60,342,708,0.109375,0.4117647058823529,0.1728395061728395,0.078125,0.5406663682725694,0.5373501247829862
0.15,4,B1,seen,__all__,__all__,432,21,37,123,251,0.14583333333333334,0.3620689655172414,0.2079207920792079,0.1284722222222222,0.5359278549382716,0.5359278549382716
0.15,4,B2,seen,__all__,__all__,432,25,41,119,247,0.1736111111111111,0.3787878787878788,0.23809523809523808,0.1423611111111111,0.5439332561728395,0.5439332561728395
0.15,4,B3,seen,__all__,__all__,432,20,26,124,262,0.1388888888888889,0.43478260869565216,0.21052631578947367,0.09027777777777778,0.5439332561728395,0.5430410879629629
0.15,4,P1,seen,__all__,__all__,432,23,35,121,253,0.1597222222222222,0.39655172413793105,0.22772277227722773,0.12152777777777778,0.5439332561728395,0.5400270061728395
0.15,4,B1,seen,__all__,central_furniture,144,8,16,40,80,0.16666666666666666,0.3333333333333333,0.2222222222222222,0.16666666666666666,0.5275607638888888,0.5275607638888888
0.15,4,B2,seen,__all__,central_furniture,144,9,15,39,81,0.1875,0.375,0.25,0.15625,0.5570746527777778,0.5570746527777778
0.15,4,B3,seen,__all__,central_furniture,144,5,5,43,91,0.10416666666666667,0.5,0.1724137931034483,0.052083333333333336,0.5570746527777778,0.552734375
0.15,4,P1,seen,__all__,central_furniture,144,7,8,41,88,0.14583333333333334,0.4666666666666667,0.2222222222222222,0.08333333333333333,0.5570746527777778,0.537109375
0.15,4,B1,seen,__all__,clear,144,11,17,37,79,0.22916666666666666,0.39285714285714285,0.2894736842105263,0.17708333333333334,0.5362413194444444,0.5362413194444444
0.15,4,B2,seen,__all__,clear,144,13,22,35,74,0.2708333333333333,0.37142857142857144,0.3132530120481928,0.22916666666666666,0.5512152777777778,0.5512152777777778
0.15,4,B3,seen,__all__,clear,144,13,20,35,76,0.2708333333333333,0.3939393939393939,0.32098765432098764,0.20833333333333334,0.5512152777777778,0.5553385416666666
0.15,4,P1,seen,__all__,clear,144,15,23,33,73,0.3125,0.39473684210526316,0.3488372093023256,0.23958333333333334,0.5512152777777778,0.5572916666666666
0.15,4,B1,seen,__all__,vertical_mid,144,2,4,46,92,0.041666666666666664,0.3333333333333333,0.07407407407407407,0.041666666666666664,0.5735677083333334,0.5735677083333334
0.15,4,B2,seen,__all__,vertical_mid,144,3,4,45,92,0.0625,0.42857142857142855,0.10909090909090909,0.041666666666666664,0.5592447916666666,0.5592447916666666
0.15,4,B3,seen,__all__,vertical_mid,144,2,1,46,95,0.041666666666666664,0.6666666666666666,0.0784313725490196,0.010416666666666666,0.5592447916666666,0.521484375
0.15,4,P1,seen,__all__,vertical_mid,144,1,4,47,92,0.020833333333333332,0.2,0.03773584905660377,0.041666666666666664,0.5592447916666666,0.5436197916666666
0.15,4,B1,seen,harsh,__all__,216,20,29,52,115,0.2777777777777778,0.40816326530612246,0.3305785123966942,0.2013888888888889,0.5805362654320988,0.5805362654320988
0.15,4,B2,seen,harsh,__all__,216,23,33,49,111,0.3194444444444444,0.4107142857142857,0.359375,0.22916666666666666,0.6073495370370371,0.6073495370370371
0.15,4,B3,seen,harsh,__all__,216,14,16,58,128,0.19444444444444445,0.4666666666666667,0.27450980392156865,0.1111111111111111,0.6073495370370371,0.6073495370370371
0.15,4,P1,seen,harsh,__all__,216,19,27,53,117,0.2638888888888889,0.41304347826086957,0.3220338983050847,0.1875,0.6073495370370371,0.6068672839506173
0.15,4,B1,seen,harsh,central_furniture,72,8,12,16,36,0.3333333333333333,0.4,0.36363636363636365,0.25,0.59375,0.59375
0.15,4,B2,seen,harsh,central_furniture,72,9,12,15,36,0.375,0.42857142857142855,0.4,0.25,0.6276041666666666,0.6276041666666666
0.15,4,B3,seen,harsh,central_furniture,72,5,2,19,46,0.20833333333333334,0.7142857142857143,0.3225806451612903,0.041666666666666664,0.6276041666666666,0.6276041666666666
0.15,4,P1,seen,harsh,central_furniture,72,7,7,17,41,0.2916666666666667,0.5,0.3684210526315789,0.14583333333333334,0.6276041666666666,0.6276041666666666
0.15,4,B1,seen,harsh,clear,72,11,13,13,35,0.4583333333333333,0.4583333333333333,0.4583333333333333,0.2708333333333333,0.5980902777777778,0.5980902777777778
0.15,4,B2,seen,harsh,clear,72,11,17,13,31,0.4583333333333333,0.39285714285714285,0.4230769230769231,0.3541666666666667,0.6119791666666666,0.6119791666666666
0.15,4,B3,seen,harsh,clear,72,9,13,15,35,0.375,0.4090909090909091,0.391304347826087,0.2708333333333333,0.6119791666666666,0.6119791666666666
0.15,4,P1,seen,harsh,clear,72,11,16,13,32,0.4583333333333333,0.4074074074074074,0.43137254901960786,0.3333333333333333,0.6119791666666666,0.6119791666666666
0.15,4,B1,seen,harsh,vertical_mid,72,1,4,23,44,0.041666666666666664,0.2,0.06896551724137931,0.08333333333333333,0.6223958333333334,0.6223958333333334
0.15,4,B2,seen,harsh,vertical_mid,72,3,4,21,44,0.125,0.42857142857142855,0.1935483870967742,0.08333333333333333,0.6519097222222222,0.6519097222222222
0.15,4,B3,seen,harsh,vertical_mid,72,0,1,24,47,0.0,0.0,0.0,0.020833333333333332,0.6519097222222222,0.6519097222222222
0.15,4,P1,seen,harsh,vertical_mid,72,1,4,23,44,0.041666666666666664,0.2,0.06896551724137931,0.08333333333333333,0.6519097222222222,0.6519097222222222
0.15,4,B1,seen,standard,__all__,216,1,8,71,136,0.013888888888888888,0.1111111111111111,0.024691358024691357,0.05555555555555555,0.4906442901234568,0.4906442901234568
0.15,4,B2,seen,standard,__all__,216,2,8,70,136,0.027777777777777776,0.2,0.04878048780487805,0.05555555555555555,0.4613233024691358,0.4613233024691358
0.15,4,B3,seen,standard,__all__,216,6,10,66,134,0.08333333333333333,0.375,0.13636363636363635,0.06944444444444445,0.4613233024691358,0.4613233024691358
0.15,4,P1,seen,standard,__all__,216,4,8,68,136,0.05555555555555555,0.3333333333333333,0.09523809523809523,0.05555555555555555,0.4613233024691358,0.4506172839506173
0.15,4,B1,seen,standard,central_furniture,72,0,4,24,44,0.0,0.0,0.0,0.08333333333333333,0.4791666666666667,0.4791666666666667
0.15,4,B2,seen,standard,central_furniture,72,0,3,24,45,0.0,0.0,0.0,0.0625,0.4713541666666667,0.4713541666666667
0.15,4,B3,seen,standard,central_furniture,72,0,3,24,45,0.0,0.0,0.0,0.0625,0.4713541666666667,0.4713541666666667
0.15,4,P1,seen,standard,central_furniture,72,0,1,24,47,0.0,0.0,0.0,0.020833333333333332,0.4713541666666667,0.4357638888888889
0.15,4,B1,seen,standard,clear,72,0,4,24,44,0.0,0.0,0.0,0.08333333333333333,0.4947916666666667,0.4947916666666667
0.15,4,B2,seen,standard,clear,72,2,5,22,43,0.08333333333333333,0.2857142857142857,0.12903225806451613,0.10416666666666667,0.4869791666666667,0.4869791666666667
0.15,4,B3,seen,standard,clear,72,4,7,20,41,0.16666666666666666,0.36363636363636365,0.22857142857142856,0.14583333333333334,0.4869791666666667,0.4869791666666667
0.15,4,P1,seen,standard,clear,72,4,7,20,41,0.16666666666666666,0.36363636363636365,0.22857142857142856,0.14583333333333334,0.4869791666666667,0.4947916666666667
0.15,4,B1,seen,standard,vertical_mid,72,1,0,23,48,0.041666666666666664,1.0,0.08,0.0,0.4991319444444444,0.4991319444444444
0.15,4,B2,seen,standard,vertical_mid,72,0,0,24,48,0.0,,0.0,0.0,0.4383680555555556,0.4383680555555556
0.15,4,B3,seen,standard,vertical_mid,72,2,0,22,48,0.08333333333333333,1.0,0.15384615384615385,0.0,0.4383680555555556,0.4383680555555556
0.15,4,P1,seen,standard,vertical_mid,72,0,0,24,48,0.0,,0.0,0.0,0.4383680555555556,0.4045138888888889
0.15,4,B1,unseen,__all__,__all__,720,25,42,215,438,0.10416666666666667,0.373134328358209,0.16286644951140064,0.0875,0.5285243055555555,0.5285243055555555
0.15,4,B2,unseen,__all__,__all__,720,24,36,216,444,0.1,0.4,0.16,0.075,0.5400173611111111,0.5400173611111111
0.15,4,B3,unseen,__all__,__all__,720,14,16,226,464,0.058333333333333334,0.4666666666666667,0.1037037037037037,0.03333333333333333,0.5400173611111111,0.5373350694444444
0.15,4,P1,unseen,__all__,__all__,720,19,25,221,455,0.07916666666666666,0.4318181818181818,0.13380281690140844,0.052083333333333336,0.5400173611111111,0.5382552083333333
0.15,4,B1,unseen,__all__,horizontal_new,144,0,1,48,95,0.0,0.0,0.0,0.010416666666666666,0.5436197916666666,0.5436197916666666
0.15,4,B2,unseen,__all__,horizontal_new,144,0,1,48,95,0.0,0.0,0.0,0.010416666666666666,0.5529513888888888,0.5529513888888888
0.15,4,B3,unseen,__all__,horizontal_new,144,0,0,48,96,0.0,,0.0,0.0,0.5529513888888888,0.5282118055555556
0.15,4,P1,unseen,__all__,horizontal_new,144,0,1,48,95,0.0,0.0,0.0,0.010416666666666666,0.5529513888888888,0.5711805555555556
0.15,4,B1,unseen,__all__,low_new,144,8,12,40,84,0.16666666666666666,0.4,0.23529411764705882,0.125,0.5368923611111112,0.5368923611111112
0.15,4,B2,unseen,__all__,low_new,144,9,15,39,81,0.1875,0.375,0.25,0.15625,0.5542534722222222,0.5542534722222222
0.15,4,B3,unseen,__all__,low_new,144,6,9,42,87,0.125,0.4,0.19047619047619047,0.09375,0.5542534722222222,0.5555555555555556
0.15,4,P1,unseen,__all__,low_new,144,7,12,41,84,0.14583333333333334,0.3684210526315789,0.208955223880597,0.125,0.5542534722222222,0.5614149305555556
0.15,4,B1,unseen,__all__,two_new,144,8,15,40,81,0.16666666666666666,0.34782608695652173,0.22535211267605634,0.15625,0.5288628472222222,0.5288628472222222
0.15,4,B2,unseen,__all__,two_new,144,7,9,41,87,0.14583333333333334,0.4375,0.21875,0.09375,0.5457899305555556,0.5457899305555556
0.15,4,B3,unseen,__all__,two_new,144,4,3,44,93,0.08333333333333333,0.5714285714285714,0.14545454545454545,0.03125,0.5457899305555556,0.5442708333333334
0.15,4,P1,unseen,__all__,two_new,144,5,6,43,90,0.10416666666666667,0.45454545454545453,0.1694915254237288,0.0625,0.5457899305555556,0.5470920138888888
0.15,4,B1,unseen,__all__,vertical_new,144,1,2,47,94,0.020833333333333332,0.3333333333333333,0.0392156862745098,0.020833333333333332,0.5596788194444444,0.5596788194444444
0.15,4,B2,unseen,__all__,vertical_new,144,1,2,47,94,0.020833333333333332,0.3333333333333333,0.0392156862745098,0.020833333333333332,0.5679253472222222,0.5679253472222222
0.15,4,B3,unseen,__all__,vertical_new,144,0,1,48,95,0.0,0.0,0.0,0.010416666666666666,0.5679253472222222,0.533203125
0.15,4,P1,unseen,__all__,vertical_new,144,1,2,47,94,0.020833333333333332,0.3333333333333333,0.0392156862745098,0.020833333333333332,0.5679253472222222,0.5412326388888888
0.15,4,B1,unseen,__all__,wide_new,144,8,12,40,84,0.16666666666666666,0.4,0.23529411764705882,0.125,0.5162760416666666,0.5162760416666666
0.15,4,B2,unseen,__all__,wide_new,144,7,9,41,87,0.14583333333333334,0.4375,0.21875,0.09375,0.5282118055555556,0.5282118055555556
0.15,4,B3,unseen,__all__,wide_new,144,4,3,44,93,0.08333333333333333,0.5714285714285714,0.14545454545454545,0.03125,0.5282118055555556,0.5353732638888888
0.15,4,P1,unseen,__all__,wide_new,144,6,4,42,92,0.125,0.6,0.20689655172413793,0.041666666666666664,0.5282118055555556,0.5147569444444444
0.15,4,B1,unseen,harsh,__all__,360,25,37,95,203,0.20833333333333334,0.4032258064516129,0.27472527472527475,0.15416666666666667,0.5647222222222222,0.5647222222222222
0.15,4,B2,unseen,harsh,__all__,360,24,32,96,208,0.2,0.42857142857142855,0.2727272727272727,0.13333333333333333,0.5944444444444444,0.5944444444444444
0.15,4,B3,unseen,harsh,__all__,360,13,8,107,232,0.10833333333333334,0.6190476190476191,0.18439716312056736,0.03333333333333333,0.5944444444444444,0.5944444444444444
0.15,4,P1,unseen,harsh,__all__,360,19,23,101,217,0.15833333333333333,0.4523809523809524,0.2345679012345679,0.09583333333333334,0.5944444444444444,0.5928125
0.15,4,B1,unseen,harsh,horizontal_new,72,0,1,24,47,0.0,0.0,0.0,0.020833333333333332,0.5694444444444444,0.5694444444444444
0.15,4,B2,unseen,harsh,horizontal_new,72,0,1,24,47,0.0,0.0,0.0,0.020833333333333332,0.6102430555555556,0.6102430555555556
0.15,4,B3,unseen,harsh,horizontal_new,72,0,0,24,48,0.0,,0.0,0.0,0.6102430555555556,0.6102430555555556
0.15,4,P1,unseen,harsh,horizontal_new,72,0,1,24,47,0.0,0.0,0.0,0.020833333333333332,0.6102430555555556,0.5972222222222222
0.15,4,B1,unseen,harsh,low_new,72,8,10,16,38,0.3333333333333333,0.4444444444444444,0.38095238095238093,0.20833333333333334,0.5920138888888888,0.5920138888888888
0.15,4,B2,unseen,harsh,low_new,72,9,14,15,34,0.375,0.391304347826087,0.3829787234042553,0.2916666666666667,0.5998263888888888,0.5998263888888888
0.15,4,B3,unseen,harsh,low_new,72,5,7,19,41,0.20833333333333334,0.4166666666666667,0.2777777777777778,0.14583333333333334,0.5998263888888888,0.5998263888888888
0.15,4,P1,unseen,harsh,low_new,72,7,11,17,37,0.2916666666666667,0.3888888888888889,0.3333333333333333,0.22916666666666666,0.5998263888888888,0.5998263888888888
0.15,4,B1,unseen,harsh,two_new,72,8,13,16,35,0.3333333333333333,0.38095238095238093,0.35555555555555557,0.2708333333333333,0.5833333333333334,0.5833333333333334
0.15,4,B2,unseen,harsh,two_new,72,7,7,17,41,0.2916666666666667,0.5,0.3684210526315789,0.14583333333333334,0.5954861111111112,0.5954861111111112
0.15,4,B3,unseen,harsh,two_new,72,4,0,20,48,0.16666666666666666,1.0,0.2857142857142857,0.0,0.5954861111111112,0.5954861111111112
0.15,4,P1,unseen,harsh,two_new,72,5,5,19,43,0.20833333333333334,0.5,0.29411764705882354,0.10416666666666667,0.5954861111111112,0.5954861111111112
0.15,4,B1,unseen,harsh,vertical_new,72,1,2,23,46,0.041666666666666664,0.3333333333333333,0.07407407407407407,0.041666666666666664,0.6032986111111112,0.6032986111111112
0.15,4,B2,unseen,harsh,vertical_new,72,1,2,23,46,0.041666666666666664,0.3333333333333333,0.07407407407407407,0.041666666666666664,0.6614583333333334,0.6614583333333334
0.15,4,B3,unseen,harsh,vertical_new,72,0,1,24,47,0.0,0.0,0.0,0.020833333333333332,0.6614583333333334,0.6614583333333334
0.15,4,P1,unseen,harsh,vertical_new,72,1,2,23,46,0.041666666666666664,0.3333333333333333,0.07407407407407407,0.041666666666666664,0.6614583333333334,0.6614583333333334
0.15,4,B1,unseen,harsh,wide_new,72,8,11,16,37,0.3333333333333333,0.42105263157894735,0.37209302325581395,0.22916666666666666,0.5633680555555556,0.5633680555555556
0.15,4,B2,unseen,harsh,wide_new,72,7,8,17,40,0.2916666666666667,0.4666666666666667,0.358974358974359,0.16666666666666666,0.5920138888888888,0.5920138888888888
0.15,4,B3,unseen,harsh,wide_new,72,4,0,20,48,0.16666666666666666,1.0,0.2857142857142857,0.0,0.5920138888888888,0.5920138888888888
0.15,4,P1,unseen,harsh,wide_new,72,6,4,18,44,0.25,0.6,0.35294117647058826,0.08333333333333333,0.5920138888888888,0.5920138888888888
0.15,4,B1,unseen,standard,__all__,360,0,5,120,235,0.0,0.0,0.0,0.020833333333333332,0.4919791666666667,0.4919791666666667
0.15,4,B2,unseen,standard,__all__,360,0,4,120,236,0.0,0.0,0.0,0.016666666666666666,0.47034722222222225,0.47034722222222225
0.15,4,B3,unseen,standard,__all__,360,1,8,119,232,0.008333333333333333,0.1111111111111111,0.015503875968992248,0.03333333333333333,0.47034722222222225,0.47034722222222225
0.15,4,P1,unseen,standard,__all__,360,0,2,120,238,0.0,0.0,0.0,0.008333333333333333,0.47034722222222225,0.4646527777777778
0.15,4,B1,unseen,standard,horizontal_new,72,0,0,24,48,0.0,,0.0,0.0,0.5104166666666666,0.5104166666666666
0.15,4,B2,unseen,standard,horizontal_new,72,0,0,24,48,0.0,,0.0,0.0,0.4765625,0.4765625
0.15,4,B3,unseen,standard,horizontal_new,72,0,0,24,48,0.0,,0.0,0.0,0.4765625,0.4765625
0.15,4,P1,unseen,standard,horizontal_new,72,0,0,24,48,0.0,,0.0,0.0,0.4765625,0.5295138888888888
0.15,4,B1,unseen,standard,low_new,72,0,2,24,46,0.0,0.0,0.0,0.041666666666666664,0.5060763888888888,0.5060763888888888
0.15,4,B2,unseen,standard,low_new,72,0,1,24,47,0.0,0.0,0.0,0.020833333333333332,0.4991319444444444,0.4991319444444444
0.15,4,B3,unseen,standard,low_new,72,1,2,23,46,0.041666666666666664,0.3333333333333333,0.07407407407407407,0.041666666666666664,0.4991319444444444,0.4991319444444444
0.15,4,P1,unseen,standard,low_new,72,0,1,24,47,0.0,0.0,0.0,0.020833333333333332,0.4991319444444444,0.5034722222222222
0.15,4,B1,unseen,standard,two_new,72,0,2,24,46,0.0,0.0,0.0,0.041666666666666664,0.5043402777777778,0.5043402777777778
0.15,4,B2,unseen,standard,two_new,72,0,2,24,46,0.0,0.0,0.0,0.041666666666666664,0.4835069444444444,0.4835069444444444
0.15,4,B3,unseen,standard,two_new,72,0,3,24,45,0.0,0.0,0.0,0.0625,0.4835069444444444,0.4835069444444444
0.15,4,P1,unseen,standard,two_new,72,0,1,24,47,0.0,0.0,0.0,0.020833333333333332,0.4835069444444444,0.5026041666666666
0.15,4,B1,unseen,standard,vertical_new,72,0,0,24,48,0.0,,0.0,0.0,0.5060763888888888,0.5060763888888888
0.15,4,B2,unseen,standard,vertical_new,72,0,0,24,48,0.0,,0.0,0.0,0.4557291666666667,0.4557291666666667
0.15,4,B3,unseen,standard,vertical_new,72,0,0,24,48,0.0,,0.0,0.0,0.4557291666666667,0.4557291666666667
0.15,4,P1,unseen,standard,vertical_new,72,0,0,24,48,0.0,,0.0,0.0,0.4557291666666667,0.3914930555555556
0.15,4,B1,unseen,standard,wide_new,72,0,1,24,47,0.0,0.0,0.0,0.020833333333333332,0.4696180555555556,0.4696180555555556
0.15,4,B2,unseen,standard,wide_new,72,0,1,24,47,0.0,0.0,0.0,0.020833333333333332,0.4583333333333333,0.4583333333333333
0.15,4,B3,unseen,standard,wide_new,72,0,3,24,45,0.0,0.0,0.0,0.0625,0.4583333333333333,0.4583333333333333
0.15,4,P1,unseen,standard,wide_new,72,0,0,24,48,0.0,,0.0,0.0,0.4583333333333333,0.4244791666666667
0.2,0,B1,all,__all__,__all__,1152,37,53,347,715,0.09635416666666667,0.4111111111111111,0.15611814345991562,0.06901041666666667,0.5476108127170138,0.5476108127170138
0.2,0,B2,all,__all__,__all__,1152,59,102,325,666,0.15364583333333334,0.36645962732919257,0.21651376146788992,0.1328125,0.5677897135416666,0.5677897135416666
0.2,0,B3,all,__all__,__all__,1152,69,97,315,671,0.1796875,0.41566265060240964,0.2509090909090909,0.12630208333333334,0.5677897135416666,0.5606045193142362
0.2,0,P1,all,__all__,__all__,1152,58,99,326,669,0.15104166666666666,0.36942675159235666,0.2144177449168207,0.12890625,0.5677897135416666,0.5606892903645834
0.2,0,B1,seen,__all__,__all__,432,20,30,124,258,0.1388888888888889,0.4,0.20618556701030927,0.10416666666666667,0.5577498070987654,0.5577498070987654
0.2,0,B2,seen,__all__,__all__,432,29,47,115,241,0.2013888888888889,0.3815789473684211,0.2636363636363636,0.16319444444444445,0.5785349151234568,0.5785349151234568
0.2,0,B3,seen,__all__,__all__,432,32,44,112,244,0.2222222222222222,0.42105263157894735,0.2909090909090909,0.1527777777777778,0.5785349151234568,0.5705295138888888
0.2,0,P1,seen,__all__,__all__,432,27,47,117,241,0.1875,0.36486486486486486,0.24770642201834864,0.16319444444444445,0.5785349151234568,0.568383487654321
0.2,0,B1,seen,__all__,central_furniture,144,8,11,40,85,0.16666666666666666,0.42105263157894735,0.23880597014925373,0.11458333333333333,0.5540364583333334,0.5540364583333334
0.2,0,B2,seen,__all__,central_furniture,144,12,19,36,77,0.25,0.3870967741935484,0.3037974683544304,0.19791666666666666,0.5779079861111112,0.5779079861111112
0.2,0,B3,seen,__all__,central_furniture,144,14,16,34,80,0.2916666666666667,0.4666666666666667,0.358974358974359,0.16666666666666666,0.5779079861111112,0.5711805555555556
0.2,0,P1,seen,__all__,central_furniture,144,11,15,37,81,0.22916666666666666,0.4230769230769231,0.2972972972972973,0.15625,0.5779079861111112,0.5625
0.2,0,B1,seen,__all__,clear,144,11,15,37,81,0.22916666666666666,0.4230769230769231,0.2972972972972973,0.15625,0.5588107638888888,0.5588107638888888
0.2,0,B2,seen,__all__,clear,144,16,23,32,73,0.3333333333333333,0.41025641025641024,0.367816091954023,0.23958333333333334,0.5826822916666666,0.5826822916666666
0.2,0,B3,seen,__all__,clear,144,16,25,32,71,0.3333333333333333,0.3902439024390244,0.3595505617977528,0.2604166666666667,0.5826822916666666,0.5809461805555556
0.2,0,P1,seen,__all__,clear,144,16,27,32,69,0.3333333333333333,0.37209302325581395,0.3516483516483517,0.28125,0.5826822916666666,0.58203125
0.2,0,B1,seen,__all__,vertical_mid,144,1,4,47,92,0.020833333333333332,0.2,0.03773584905660377,0.041666666666666664,0.5935329861111112,0.5935329861111112
0.2,0,B2,seen,__all__,vertical_mid,144,1,5,47,91,0.020833333333333332,0.16666666666666666,0.037037037037037035,0.052083333333333336,0.62109375,0.62109375
0.2,0,B3,seen,__all__,vertical_mid,144,2,3,46,93,0.041666666666666664,0.4,0.07547169811320754,0.03125,0.62109375,0.5859375
0.2,0,P1,seen,__all__,vertical_mid,144,0,5,48,91,0.0,0.0,0.0,0.052083333333333336,0.62109375,0.5983072916666666
0.2,0,B1,seen,harsh,__all__,216,17,24,55,120,0.2361111111111111,0.4146341463414634,0.3008849557522124,0.16666666666666666,0.5917245370370371,0.5917245370370371
0.2,0,B2,seen,harsh,__all__,216,22,38,50,106,0.3055555555555556,0.36666666666666664,0.3333333333333333,0.2638888888888889,0.6049382716049383,0.6049382716049383
0.2,0,B3,seen,harsh,__all__,216,20,26,52,118,0.2777777777777778,0.43478260869565216,0.3389830508474576,0.18055555555555555,0.6049382716049383,0.6049382716049383
0.2,0,P1,seen,harsh,__all__,216,20,31,52,113,0.2777777777777778,0.39215686274509803,0.3252032520325203,0.2152777777777778,0.6049382716049383,0.603491512345679
0.2,0,B1,seen,harsh,central_furniture,72,8,8,16,40,0.3333333333333333,0.5,0.4,0.16666666666666666,0.6111111111111112,0.6111111111111112
0.2,0,B2,seen,harsh,central_furniture,72,10,16,14,32,0.4166666666666667,0.38461538461538464,0.4,0.3333333333333333,0.6197916666666666,0.6197916666666666
0.2,0,B3,seen,harsh,central_furniture,72,10,11,14,37,0.4166666666666667,0.47619047619047616,0.4444444444444444,0.22916666666666666,0.6197916666666666,0.6197916666666666
0.2,0,P1,seen,harsh,central_furniture,72,10,12,14,36,0.4166666666666667,0.45454545454545453,0.43478260869565216,0.25,0.6197916666666666,0.6197916666666666
0.2,0,B1,seen,harsh,clear,72,9,12,15,36,0.375,0.42857142857142855,0.4,0.25,0.6076388888888888,0.6076388888888888
0.2,0,B2,seen,harsh,clear,72,11,17,13,31,0.4583333333333333,0.39285714285714285,0.4230769230769231,0.3541666666666667,0.6423611111111112,0.6423611111111112
0.2,0,B3,seen,harsh,clear,72,10,14,14,34,0.4166666666666667,0.4166666666666667,0.4166666666666667,0.2916666666666667,0.6423611111111112,0.6423611111111112
0.2,0,P1,seen,harsh,clear,72,10,16,14,32,0.4166666666666667,0.38461538461538464,0.4,0.3333333333333333,0.6423611111111112,0.6371527777777778
0.2,0,B1,seen,harsh,vertical_mid,72,0,4,24,44,0.0,0.0,0.0,0.08333333333333333,0.6223958333333334,0.6223958333333334
0.2,0,B2,seen,harsh,vertical_mid,72,1,5,23,43,0.041666666666666664,0.16666666666666666,0.06666666666666667,0.10416666666666667,0.6267361111111112,0.6267361111111112
0.2,0,B3,seen,harsh,vertical_mid,72,0,1,24,47,0.0,0.0,0.0,0.020833333333333332,0.6267361111111112,0.6267361111111112
0.2,0,P1,seen,harsh,vertical_mid,72,0,3,24,45,0.0,0.0,0.0,0.0625,0.6267361111111112,0.6258680555555556
0.2,0,B1,seen,standard,__all__,216,3,6,69,138,0.041666666666666664,0.3333333333333333,0.07407407407407407,0.041666666666666664,0.5360725308641975,0.5360725308641975
0.2,0,B2,seen,standard,__all__,216,7,9,65,135,0.09722222222222222,0.4375,0.1590909090909091,0.0625,0.5597029320987654,0.5597029320987654
0.2,0,B3,seen,standard,__all__,216,12,18,60,126,0.16666666666666666,0.4,0.23529411764705882,0.125,0.5597029320987654,0.5597029320987654
0.2,0,P1,seen,standard,__all__,216,7,16,65,128,0.09722222222222222,0.30434782608695654,0.14736842105263157,0.1111111111111111,0.5597029320987654,0.5416666666666666
0.2,0,B1,seen,standard,central_furniture,72,0,3,24,45,0.0,0.0,0.0,0.0625,0.5217013888888888,0.5217013888888888
0.2,0,B2,seen,standard,central_furniture,72,2,3,22,45,0.08333333333333333,0.4,0.13793103448275862,0.0625,0.5572916666666666,0.5572916666666666
0.2,0,B3,seen,standard,central_furniture,72,4,5,20,43,0.16666666666666666,0.4444444444444444,0.24242424242424243,0.10416666666666667,0.5572916666666666,0.5572916666666666
0.2,0,P1,seen,standard,central_furniture,72,1,3,23,45,0.041666666666666664,0.25,0.07142857142857142,0.0625,0.5572916666666666,0.5303819444444444
0.2,0,B1,seen,standard,clear,72,2,3,22,45,0.08333333333333333,0.4,0.13793103448275862,0.0625,0.5347222222222222,0.5347222222222222
0.2,0,B2,seen,standard,clear,72,5,6,19,42,0.20833333333333334,0.45454545454545453,0.2857142857142857,0.125,0.5373263888888888,0.5373263888888888
0.2,0,B3,seen,standard,clear,72,6,11,18,37,0.25,0.35294117647058826,0.2926829268292683,0.22916666666666666,0.5373263888888888,0.5373263888888888
0.2,0,P1,seen,standard,clear,72,6,11,18,37,0.25,0.35294117647058826,0.2926829268292683,0.22916666666666666,0.5373263888888888,0.5434027777777778
0.2,0,B1,seen,standard,vertical_mid,72,1,0,23,48,0.041666666666666664,1.0,0.08,0.0,0.5720486111111112,0.5720486111111112
0.2,0,B2,seen,standard,vertical_mid,72,0,0,24,48,0.0,,0.0,0.0,0.6241319444444444,0.6241319444444444
0.2,0,B3,seen,standard,vertical_mid,72,2,2,22,46,0.08333333333333333,0.5,0.14285714285714285,0.041666666666666664,0.6241319444444444,0.6241319444444444
0.2,0,P1,seen,standard,vertical_mid,72,0,2,24,46,0.0,0.0,0.0,0.041666666666666664,0.6241319444444444,0.5737847222222222
0.2,0,B1,unseen,__all__,__all__,720,17,23,223,457,0.07083333333333333,0.425,0.12142857142857143,0.04791666666666667,0.5428385416666667,0.5428385416666667
0.2,0,B2,unseen,__all__,__all__,720,30,55,210,425,0.125,0.35294117647058826,0.18461538461538463,0.11458333333333333,0.5630381944444445,0.5630381944444445
0.2,0,B3,unseen,__all__,__all__,720,37,53,203,427,0.15416666666666667,0.4111111111111111,0.22424242424242424,0.11041666666666666,0.5630381944444445,0.5553125
0.2,0,P1,unseen,__all__,__all__,720,31,52,209,428,0.12916666666666668,0.37349397590361444,0.19195046439628483,0.10833333333333334,0.5630381944444445,0.5577170138888888
0.2,0,B1,unseen,__all__,horizontal_new,144,0,0,48,96,0.0,,0.0,0.0,0.5581597222222222,0.5581597222222222
0.2,0,B2,unseen,__all__,horizontal_new,144,0,1,48,95,0.0,0.0,0.0,0.010416666666666666,0.5538194444444444,0.5538194444444444
0.2,0,B3,unseen,__all__,horizontal_new,144,0,2,48,94,0.0,0.0,0.0,0.020833333333333332,0.5538194444444444,0.5377604166666666
0.2,0,P1,unseen,__all__,horizontal_new,144,0,2,48,94,0.0,0.0,0.0,0.020833333333333332,0.5538194444444444,0.5653211805555556
0.2,0,B1,unseen,__all__,low_new,144,4,6,44,90,0.08333333333333333,0.4,0.13793103448275862,0.0625,0.5499131944444444,0.5499131944444444
0.2,0,B2,unseen,__all__,low_new,144,11,17,37,79,0.22916666666666666,0.39285714285714285,0.2894736842105263,0.17708333333333334,0.5740017361111112,0.5740017361111112
0.2,0,B3,unseen,__all__,low_new,144,14,16,34,80,0.2916666666666667,0.4666666666666667,0.358974358974359,0.16666666666666666,0.5740017361111112,0.5687934027777778
0.2,0,P1,unseen,__all__,low_new,144,13,17,35,79,0.2708333333333333,0.43333333333333335,0.3333333333333333,0.17708333333333334,0.5740017361111112,0.578125
0.2,0,B1,unseen,__all__,two_new,144,6,6,42,90,0.125,0.5,0.2,0.0625,0.5405815972222222,0.5405815972222222
0.2,0,B2,unseen,__all__,two_new,144,9,17,39,79,0.1875,0.34615384615384615,0.24324324324324326,0.17708333333333334,0.5685763888888888,0.5685763888888888
0.2,0,B3,unseen,__all__,two_new,144,10,14,38,82,0.20833333333333334,0.4166666666666667,0.2777777777777778,0.14583333333333334,0.5685763888888888,0.5559895833333334
0.2,0,P1,unseen,__all__,two_new,144,9,13,39,83,0.1875,0.4090909090909091,0.2571428571428571,0.13541666666666666,0.5685763888888888,0.5700954861111112
0.2,0,B1,unseen,__all__,vertical_new,144,1,4,47,92,0.020833333333333332,0.2,0.03773584905660377,0.041666666666666664,0.5922309027777778,0.5922309027777778
0.2,0,B2,unseen,__all__,vertical_new,144,0,2,48,94,0.0,0.0,0.0,0.020833333333333332,0.6184895833333334,0.6184895833333334
0.2,0,B3,unseen,__all__,vertical_new,144,1,3,47,93,0.020833333333333332,0.25,0.038461538461538464,0.03125,0.6184895833333334,0.5885416666666666
0.2,0,P1,unseen,__all__,vertical_new,144,0,3,48,93,0.0,0.0,0.0,0.03125,0.6184895833333334,0.58984375
0.2,0,B1,unseen,__all__,wide_new,144,6,7,42,89,0.125,0.46153846153846156,0.19672131147540983,0.07291666666666667,0.5366753472222222,0.5366753472222222
0.2,0,B2,unseen,__all__,wide_new,144,10,18,38,78,0.20833333333333334,0.35714285714285715,0.2631578947368421,0.1875,0.5514322916666666,0.5514322916666666
0.2,0,B3,unseen,__all__,wide_new,144,12,18,36,78,0.25,0.4,0.3076923076923077,0.1875,0.5514322916666666,0.5494791666666666
0.2,0,P1,unseen,__all__,wide_new,144,9,17,39,79,0.1875,0.34615384615384615,0.24324324324324326,0.17708333333333334,0.5514322916666666,0.5381944444444444
0.2,0,B1,unseen,harsh,__all__,360,17,19,103,221,0.14166666666666666,0.4722222222222222,0.21794871794871795,0.07916666666666666,0.5681597222222222,0.5681597222222222
0.2,0,B2,unseen,harsh,__all__,360,29,48,91,192,0.24166666666666667,0.37662337662337664,0.29441624365482233,0.2,0.5792013888888888,0.5792013888888888
0.2,0,B3,unseen,harsh,__all__,360,28,36,92,204,0.23333333333333334,0.4375,0.30434782608695654,0.15,0.5792013888888888,0.5792013888888888
0.2,0,P1,unseen,harsh,__all__,360,28,43,92,197,0.23333333333333334,0.39436619718309857,0.2931937172774869,0.17916666666666667,0.5792013888888888,0.5763194444444445
0.2,0,B1,unseen,harsh,horizontal_new,72,0,0,24,48,0.0,,0.0,0.0,0.5625,0.5625
0.2,0,B2,unseen,harsh,horizontal_new,72,0,1,24,47,0.0,0.0,0.0,0.020833333333333332,0.5763888888888888,0.5763888888888888
0.2,0,B3,unseen,harsh,horizontal_new,72,0,1,24,47,0.0,0.0,0.0,0.020833333333333332,0.5763888888888888,0.5763888888888888
0.2,0,P1,unseen,harsh,horizontal_new,72,0,1,24,47,0.0,0.0,0.0,0.020833333333333332,0.5763888888888888,0.5581597222222222
0.2,0,B1,unseen,harsh,low_new,72,4,4,20,44,0.16666666666666666,0.5,0.25,0.08333333333333333,0.5842013888888888,0.5842013888888888
0.2,0,B2,unseen,harsh,low_new,72,10,14,14,34,0.4166666666666667,0.4166666666666667,0.4166666666666667,0.2916666666666667,0.6171875,0.6171875
0.2,0,B3,unseen,harsh,low_new,72,10,11,14,37,0.4166666666666667,0.47619047619047616,0.4444444444444444,0.22916666666666666,0.6171875,0.6171875
0.2,0,P1,unseen,harsh,low_new,72,10,13,14,35,0.4166666666666667,0.43478260869565216,0.425531914893617,0.2708333333333333,0.6171875,0.6171875
0.2,0,B1,unseen,harsh,two_new,72,6,5,18,43,0.25,0.5454545454545454,0.34285714285714286,0.10416666666666667,0.5868055555555556,0.5868055555555556
0.2,0,B2,unseen,harsh,two_new,72,9,15,15,33,0.375,0.375,0.375,0.3125,0.6041666666666666,0.6041666666666666
0.2,0,B3,unseen,harsh,two_new,72,9,10,15,38,0.375,0.47368421052631576,0.4186046511627907,0.20833333333333334,0.6041666666666666,0.6041666666666666
0.2,0,P1,unseen,harsh,two_new,72,9,12,15,36,0.375,0.42857142857142855,0.4,0.25,0.6041666666666666,0.6041666666666666
0.2,0,B1,unseen,harsh,vertical_new,72,1,4,23,44,0.041666666666666664,0.2,0.06896551724137931,0.08333333333333333,0.6293402777777778,0.6293402777777778
0.2,0,B2,unseen,harsh,vertical_new,72,0,2,24,46,0.0,0.0,0.0,0.041666666666666664,0.6354166666666666,0.6354166666666666
0.2,0,B3,unseen,harsh,vertical_new,72,0,2,24,46,0.0,0.0,0.0,0.041666666666666664,0.6354166666666666,0.6354166666666666
0.2,0,P1,unseen,harsh,vertical_new,72,0,2,24,46,0.0,0.0,0.0,0.041666666666666664,0.6354166666666666,0.6354166666666666
0.2,0,B1,unseen,harsh,wide_new,72,6,6,18,42,0.25,0.5,0.3333333333333333,0.125,0.5859375,0.5859375
0.2,0,B2,unseen,harsh,wide_new,72,10,16,14,32,0.4166666666666667,0.38461538461538464,0.4,0.3333333333333333,0.5894097222222222,0.5894097222222222
0.2,0,B3,unseen,harsh,wide_new,72,9,12,15,36,0.375,0.42857142857142855,0.4,0.25,0.5894097222222222,0.5894097222222222
0.2,0,P1,unseen,harsh,wide_new,72,9,15,15,33,0.375,0.375,0.375,0.3125,0.5894097222222222,0.5894097222222222
0.2,0,B1,unseen,standard,__all__,360,0,4,120,236,0.0,0.0,0.0,0.016666666666666666,0.5291319444444444,0.5291319444444444
0.2,0,B2,unseen,standard,__all__,360,1,7,119,233,0.008333333333333333,0.125,0.015625,0.029166666666666667,0.5604513888888889,0.5604513888888889
0.2,0,B3,unseen,standard,__all__,360,9,17,111,223,0.075,0.34615384615384615,0.1232876712328767,0.07083333333333333,0.5604513888888889,0.5604513888888889
0.2,0,P1,unseen,standard,__all__,360,3,9,117,231,0.025,0.25,0.045454545454545456,0.0375,0.5604513888888889,0.5538194444444444
0.2,0,B1,unseen,standard,horizontal_new,72,0,0,24,48,0.0,,0.0,0.0,0.5746527777777778,0.5746527777777778
0.2,0,B2,unseen,standard,horizontal_new,72,0,0,24,48,0.0,,0.0,0.0,0.5503472222222222,0.5503472222222222
0.2,0,B3,unseen,standard,horizontal_new,72,0,1,24,47,0.0,0.0,0.0,0.020833333333333332,0.5503472222222222,0.5503472222222222
0.2,0,P1,unseen,standard,horizontal_new,72,0,1,24,47,0.0,0.0,0.0,0.020833333333333332,0.5503472222222222,0.6032986111111112
0.2,0,B1,unseen,standard,low_new,72,0,2,24,46,0.0,0.0,0.0,0.041666666666666664,0.5355902777777778,0.5355902777777778
0.2,0,B2,unseen,standard,low_new,72,1,3,23,45,0.041666666666666664,0.25,0.07142857142857142,0.0625,0.546875,0.546875
0.2,0,B3,unseen,standard,low_new,72,4,5,20,43,0.16666666666666666,0.4444444444444444,0.24242424242424243,0.10416666666666667,0.546875,0.546875
0.2,0,P1,unseen,standard,low_new,72,3,4,21,44,0.125,0.42857142857142855,0.1935483870967742,0.08333333333333333,0.546875,0.5581597222222222
0.2,0,B1,unseen,standard,two_new,72,0,1,24,47,0.0,0.0,0.0,0.020833333333333332,0.5295138888888888,0.5295138888888888
0.2,0,B2,unseen,standard,two_new,72,0,2,24,46,0.0,0.0,0.0,0.041666666666666664,0.5590277777777778,0.5590277777777778
0.2,0,B3,unseen,standard,two_new,72,1,4,23,44,0.041666666666666664,0.2,0.06896551724137931,0.08333333333333333,0.5590277777777778,0.5590277777777778
0.2,0,P1,unseen,standard,two_new,72,0,1,24,47,0.0,0.0,0.0,0.020833333333333332,0.5590277777777778,0.5737847222222222
0.2,0,B1,unseen,standard,vertical_new,72,0,0,24,48,0.0,,0.0,0.0,0.5616319444444444,0.5616319444444444
0.2,0,B2,unseen,standard,vertical_new,72,0,0,24,48,0.0,,0.0,0.0,0.6154513888888888,0.6154513888888888
0.2,0,B3,unseen,standard,vertical_new,72,1,1,23,47,0.041666666666666664,0.5,0.07692307692307693,0.020833333333333332,0.6154513888888888,0.6154513888888888
0.2,0,P1,unseen,standard,vertical_new,72,0,1,24,47,0.0,0.0,0.0,0.020833333333333332,0.6154513888888888,0.5494791666666666
0.2,0,B1,unseen,standard,wide_new,72,0,1,24,47,0.0,0.0,0.0,0.020833333333333332,0.5034722222222222,0.5034722222222222
0.2,0,B2,unseen,standard,wide_new,72,0,2,24,46,0.0,0.0,0.0,0.041666666666666664,0.5434027777777778,0.5434027777777778
0.2,0,B3,unseen,standard,wide_new,72,3,6,21,42,0.125,0.3333333333333333,0.18181818181818182,0.125,0.5434027777777778,0.5434027777777778
0.2,0,P1,unseen,standard,wide_new,72,0,2,24,46,0.0,0.0,0.0,0.041666666666666664,0.5434027777777778,0.5147569444444444
0.2,1,B1,all,__all__,__all__,1152,92,104,292,664,0.23958333333333334,0.46938775510204084,0.31724137931034485,0.13541666666666666,0.5993754069010416,0.5993754069010416
0.2,1,B2,all,__all__,__all__,1152,130,121,254,647,0.3385416666666667,0.5179282868525896,0.4094488188976378,0.15755208333333334,0.6574503580729166,0.6574503580729166
0.2,1,B3,all,__all__,__all__,1152,136,124,248,644,0.3541666666666667,0.5230769230769231,0.422360248447205,0.16145833333333334,0.6574503580729166,0.6577012803819444
0.2,1,P1,all,__all__,__all__,1152,134,123,250,645,0.3489583333333333,0.5214007782101168,0.41809672386895474,0.16015625,0.6574503580729166,0.6575486924913194
0.2,1,B1,seen,__all__,__all__,432,44,49,100,239,0.3055555555555556,0.4731182795698925,0.37130801687763715,0.1701388888888889,0.6284239969135802,0.6284239969135802
0.2,1,B2,seen,__all__,__all__,432,54,48,90,240,0.375,0.5294117647058824,0.43902439024390244,0.16666666666666666,0.6843894675925926,0.6843894675925926
0.2,1,B3,seen,__all__,__all__,432,58,49,86,239,0.4027777777777778,0.5420560747663551,0.46215139442231074,0.1701388888888889,0.6843894675925926,0.6843171296296297
0.2,1,P1,seen,__all__,__all__,432,57,48,87,240,0.3958333333333333,0.5428571428571428,0.4578313253012048,0.16666666666666666,0.6843894675925926,0.6837866512345679
0.2,1,B1,seen,__all__,central_furniture,144,14,17,34,79,0.2916666666666667,0.45161290322580644,0.35443037974683544,0.17708333333333334,0.6161024305555556,0.6161024305555556
0.2,1,B2,seen,__all__,central_furniture,144,11,11,37,85,0.22916666666666666,0.5,0.3142857142857143,0.11458333333333333,0.6942274305555556,0.6942274305555556
0.2,1,B3,seen,__all__,central_furniture,144,13,11,35,85,0.2708333333333333,0.5416666666666666,0.3611111111111111,0.11458333333333333,0.6942274305555556,0.6963975694444444
0.2,1,P1,seen,__all__,central_furniture,144,13,12,35,84,0.2708333333333333,0.52,0.3561643835616438,0.125,0.6942274305555556,0.6890190972222222
0.2,1,B1,seen,__all__,clear,144,21,24,27,72,0.4375,0.4666666666666667,0.45161290322580644,0.25,0.646484375,0.646484375
0.2,1,B2,seen,__all__,clear,144,21,13,27,83,0.4375,0.6176470588235294,0.5121951219512195,0.13541666666666666,0.7157118055555556,0.7157118055555556
0.2,1,B3,seen,__all__,clear,144,21,13,27,83,0.4375,0.6176470588235294,0.5121951219512195,0.13541666666666666,0.7157118055555556,0.7159288194444444
0.2,1,P1,seen,__all__,clear,144,23,15,25,81,0.4791666666666667,0.6052631578947368,0.5348837209302325,0.15625,0.7157118055555556,0.7165798611111112
0.2,1,B1,seen,__all__,vertical_mid,144,9,8,39,88,0.1875,0.5294117647058824,0.27692307692307694,0.08333333333333333,0.6668836805555556,0.6668836805555556
0.2,1,B2,seen,__all__,vertical_mid,144,22,24,26,72,0.4583333333333333,0.4782608695652174,0.46808510638297873,0.25,0.6681857638888888,0.6681857638888888
0.2,1,B3,seen,__all__,vertical_mid,144,24,25,24,71,0.5,0.4897959183673469,0.4948453608247423,0.2604166666666667,0.6681857638888888,0.6686197916666666
0.2,1,P1,seen,__all__,vertical_mid,144,21,21,27,75,0.4375,0.5,0.4666666666666667,0.21875,0.6681857638888888,0.6707899305555556
0.2,1,B1,seen,harsh,__all__,216,29,35,43,109,0.4027777777777778,0.453125,0.4264705882352941,0.24305555555555555,0.6380208333333334,0.6380208333333334
0.2,1,B2,seen,harsh,__all__,216,35,23,37,121,0.4861111111111111,0.603448275862069,0.5384615384615384,0.1597222222222222,0.7622492283950617,0.7622492283950617
0.2,1,B3,seen,harsh,__all__,216,39,25,33,119,0.5416666666666666,0.609375,0.5735294117647058,0.1736111111111111,0.7622492283950617,0.7622492283950617
0.2,1,P1,seen,harsh,__all__,216,34,22,38,122,0.4722222222222222,0.6071428571428571,0.53125,0.1527777777777778,0.7622492283950617,0.7613811728395061
0.2,1,B1,seen,harsh,central_furniture,72,10,13,14,35,0.4166666666666667,0.43478260869565216,0.425531914893617,0.2708333333333333,0.6319444444444444,0.6319444444444444
0.2,1,B2,seen,harsh,central_furniture,72,8,5,16,43,0.3333333333333333,0.6153846153846154,0.43243243243243246,0.10416666666666667,0.7769097222222222,0.7769097222222222
0.2,1,B3,seen,harsh,central_furniture,72,10,5,14,43,0.4166666666666667,0.6666666666666666,0.5128205128205128,0.10416666666666667,0.7769097222222222,0.7769097222222222
0.2,1,P1,seen,harsh,central_furniture,72,8,5,16,43,0.3333333333333333,0.6153846153846154,0.43243243243243246,0.10416666666666667,0.7769097222222222,0.7769097222222222
0.2,1,B1,seen,harsh,clear,72,14,16,10,32,0.5833333333333334,0.4666666666666667,0.5185185185185185,0.3333333333333333,0.6692708333333334,0.6692708333333334
0.2,1,B2,seen,harsh,clear,72,14,7,10,41,0.5833333333333334,0.6666666666666666,0.6222222222222222,0.14583333333333334,0.8020833333333334,0.8020833333333334
0.2,1,B3,seen,harsh,clear,72,14,7,10,41,0.5833333333333334,0.6666666666666666,0.6222222222222222,0.14583333333333334,0.8020833333333334,0.8020833333333334
0.2,1,P1,seen,harsh,clear,72,14,7,10,41,0.5833333333333334,0.6666666666666666,0.6222222222222222,0.14583333333333334,0.8020833333333334,0.8012152777777778
0.2,1,B1,seen,harsh,vertical_mid,72,5,6,19,42,0.20833333333333334,0.45454545454545453,0.2857142857142857,0.125,0.6970486111111112,0.6970486111111112
0.2,1,B2,seen,harsh,vertical_mid,72,13,11,11,37,0.5416666666666666,0.5416666666666666,0.5416666666666666,0.22916666666666666,0.7447916666666666,0.7447916666666666
0.2,1,B3,seen,harsh,vertical_mid,72,15,13,9,35,0.625,0.5357142857142857,0.5769230769230769,0.2708333333333333,0.7447916666666666,0.7447916666666666
0.2,1,P1,seen,harsh,vertical_mid,72,12,10,12,38,0.5,0.5454545454545454,0.5217391304347826,0.20833333333333334,0.7447916666666666,0.7439236111111112
0.2,1,B1,seen,standard,__all__,216,15,14,57,130,0.20833333333333334,0.5172413793103449,0.297029702970297,0.09722222222222222,0.6311728395061729,0.6311728395061729
0.2,1,B2,seen,standard,__all__,216,19,25,53,119,0.2638888888888889,0.4318181818181818,0.3275862068965517,0.1736111111111111,0.5929783950617284,0.5929783950617284
0.2,1,B3,seen,standard,__all__,216,19,24,53,120,0.2638888888888889,0.4418604651162791,0.33043478260869563,0.16666666666666666,0.5929783950617284,0.5929783950617284
0.2,1,P1,seen,standard,__all__,216,23,26,49,118,0.3194444444444444,0.46938775510204084,0.38016528925619836,0.18055555555555555,0.5929783950617284,0.5943287037037037
0.2,1,B1,seen,standard,central_furniture,72,4,4,20,44,0.16666666666666666,0.5,0.25,0.08333333333333333,0.6302083333333334,0.6302083333333334
0.2,1,B2,seen,standard,central_furniture,72,3,6,21,42,0.125,0.3333333333333333,0.18181818181818182,0.125,0.5980902777777778,0.5980902777777778
0.2,1,B3,seen,standard,central_furniture,72,3,6,21,42,0.125,0.3333333333333333,0.18181818181818182,0.125,0.5980902777777778,0.5980902777777778
0.2,1,P1,seen,standard,central_furniture,72,5,7,19,41,0.20833333333333334,0.4166666666666667,0.2777777777777778,0.14583333333333334,0.5980902777777778,0.5911458333333334
0.2,1,B1,seen,standard,clear,72,7,8,17,40,0.2916666666666667,0.4666666666666667,0.358974358974359,0.16666666666666666,0.6588541666666666,0.6588541666666666
0.2,1,B2,seen,standard,clear,72,7,6,17,42,0.2916666666666667,0.5384615384615384,0.3783783783783784,0.125,0.6163194444444444,0.6163194444444444
0.2,1,B3,seen,standard,clear,72,7,6,17,42,0.2916666666666667,0.5384615384615384,0.3783783783783784,0.125,0.6163194444444444,0.6163194444444444
0.2,1,P1,seen,standard,clear,72,9,8,15,40,0.375,0.5294117647058824,0.43902439024390244,0.16666666666666666,0.6163194444444444,0.6180555555555556
0.2,1,B1,seen,standard,vertical_mid,72,4,2,20,46,0.16666666666666666,0.6666666666666666,0.26666666666666666,0.041666666666666664,0.6380208333333334,0.6380208333333334
0.2,1,B2,seen,standard,vertical_mid,72,9,13,15,35,0.375,0.4090909090909091,0.391304347826087,0.2708333333333333,0.5850694444444444,0.5850694444444444
0.2,1,B3,seen,standard,vertical_mid,72,9,12,15,36,0.375,0.42857142857142855,0.4,0.25,0.5850694444444444,0.5850694444444444
0.2,1,P1,seen,standard,vertical_mid,72,9,11,15,37,0.375,0.45,0.4090909090909091,0.22916666666666666,0.5850694444444444,0.59375
0.2,1,B1,unseen,__all__,__all__,720,48,55,192,425,0.2,0.46601941747572817,0.27988338192419826,0.11458333333333333,0.5821267361111111,0.5821267361111111
0.2,1,B2,unseen,__all__,__all__,720,76,73,164,407,0.31666666666666665,0.5100671140939598,0.390745501285347,0.15208333333333332,0.6406336805555556,0.6406336805555556
0.2,1,B3,unseen,__all__,__all__,720,78,75,162,405,0.325,0.5098039215686274,0.3969465648854962,0.15625,0.6406336805555556,0.6410677083333334
0.2,1,P1,unseen,__all__,__all__,720,77,75,163,405,0.32083333333333336,0.506578947368421,0.39285714285714285,0.15625,0.6406336805555556,0.64171875
0.2,1,B1,unseen,__all__,horizontal_new,144,3,2,45,94,0.0625,0.6,0.11320754716981132,0.020833333333333332,0.5642361111111112,0.5642361111111112
0.2,1,B2,unseen,__all__,horizontal_new,144,15,21,33,75,0.3125,0.4166666666666667,0.35714285714285715,0.21875,0.6039496527777778,0.6039496527777778
0.2,1,B3,unseen,__all__,horizontal_new,144,17,21,31,75,0.3541666666666667,0.4473684210526316,0.3953488372093023,0.21875,0.6039496527777778,0.6050347222222222
0.2,1,P1,unseen,__all__,horizontal_new,144,15,19,33,77,0.3125,0.4411764705882353,0.36585365853658536,0.19791666666666666,0.6039496527777778,0.6108940972222222
0.2,1,B1,unseen,__all__,low_new,144,15,20,33,76,0.3125,0.42857142857142855,0.3614457831325301,0.20833333333333334,0.6241319444444444,0.6241319444444444
0.2,1,B2,unseen,__all__,low_new,144,15,13,33,83,0.3125,0.5357142857142857,0.39473684210526316,0.13541666666666666,0.6968315972222222,0.6968315972222222
0.2,1,B3,unseen,__all__,low_new,144,15,13,33,83,0.3125,0.5357142857142857,0.39473684210526316,0.13541666666666666,0.6968315972222222,0.6990017361111112
0.2,1,P1,unseen,__all__,low_new,144,17,15,31,81,0.3541666666666667,0.53125,0.425,0.15625,0.6968315972222222,0.6961805555555556
0.2,1,B1,unseen,__all__,two_new,144,11,16,37,80,0.22916666666666666,0.4074074074074074,0.29333333333333333,0.16666666666666666,0.5733506944444444,0.5733506944444444
0.2,1,B2,unseen,__all__,two_new,144,13,10,35,86,0.2708333333333333,0.5652173913043478,0.36619718309859156,0.10416666666666667,0.6486545138888888,0.6486545138888888
0.2,1,B3,unseen,__all__,two_new,144,13,10,35,86,0.2708333333333333,0.5652173913043478,0.36619718309859156,0.10416666666666667,0.6486545138888888,0.6490885416666666
0.2,1,P1,unseen,__all__,two_new,144,13,12,35,84,0.2708333333333333,0.52,0.3561643835616438,0.125,0.6486545138888888,0.6499565972222222
0.2,1,B1,unseen,__all__,vertical_new,144,8,4,40,92,0.16666666666666666,0.6666666666666666,0.26666666666666666,0.041666666666666664,0.6356336805555556,0.6356336805555556
0.2,1,B2,unseen,__all__,vertical_new,144,21,15,27,81,0.4375,0.5833333333333334,0.5,0.15625,0.6514756944444444,0.6514756944444444
0.2,1,B3,unseen,__all__,vertical_new,144,21,17,27,79,0.4375,0.5526315789473685,0.4883720930232558,0.17708333333333334,0.6514756944444444,0.650390625
0.2,1,P1,unseen,__all__,vertical_new,144,19,13,29,83,0.3958333333333333,0.59375,0.475,0.13541666666666666,0.6514756944444444,0.65625
0.2,1,B1,unseen,__all__,wide_new,144,11,13,37,83,0.22916666666666666,0.4583333333333333,0.3055555555555556,0.13541666666666666,0.564453125,0.564453125
0.2,1,B2,unseen,__all__,wide_new,144,12,14,36,82,0.25,0.46153846153846156,0.32432432432432434,0.14583333333333334,0.6338975694444444,0.6338975694444444
0.2,1,B3,unseen,__all__,wide_new,144,12,14,36,82,0.25,0.46153846153846156,0.32432432432432434,0.14583333333333334,0.6338975694444444,0.6354166666666666
0.2,1,P1,unseen,__all__,wide_new,144,13,16,35,80,0.2708333333333333,0.4482758620689655,0.33766233766233766,0.16666666666666666,0.6338975694444444,0.6282552083333334
0.2,1,B1,unseen,harsh,__all__,360,33,43,87,197,0.275,0.4342105263157895,0.336734693877551,0.17916666666666667,0.5790625,0.5790625
0.2,1,B2,unseen,harsh,__all__,360,43,26,77,214,0.35833333333333334,0.6231884057971014,0.455026455026455,0.10833333333333334,0.7053125,0.7053125
0.2,1,B3,unseen,harsh,__all__,360,46,30,74,210,0.38333333333333336,0.6052631578947368,0.46938775510204084,0.125,0.7053125,0.7053125
0.2,1,P1,unseen,harsh,__all__,360,42,26,78,214,0.35,0.6176470588235294,0.44680851063829785,0.10833333333333334,0.7053125,0.7049652777777777
0.2,1,B1,unseen,harsh,horizontal_new,72,1,1,23,47,0.041666666666666664,0.5,0.07692307692307693,0.020833333333333332,0.5486111111111112,0.5486111111111112
0.2,1,B2,unseen,harsh,horizontal_new,72,8,6,16,42,0.3333333333333333,0.5714285714285714,0.42105263157894735,0.125,0.6657986111111112,0.6657986111111112
0.2,1,B3,unseen,harsh,horizontal_new,72,10,6,14,42,0.4166666666666667,0.625,0.5,0.125,0.6657986111111112,0.6657986111111112
0.2,1,P1,unseen,harsh,horizontal_new,72,7,6,17,42,0.2916666666666667,0.5384615384615384,0.3783783783783784,0.125,0.6657986111111112,0.6631944444444444
0.2,1,B1,unseen,harsh,low_new,72,11,15,13,33,0.4583333333333333,0.4230769230769231,0.44,0.3125,0.6180555555555556,0.6180555555555556
0.2,1,B2,unseen,harsh,low_new,72,9,5,15,43,0.375,0.6428571428571429,0.47368421052631576,0.10416666666666667,0.7552083333333334,0.7552083333333334
0.2,1,B3,unseen,harsh,low_new,72,9,6,15,42,0.375,0.6,0.46153846153846156,0.125,0.7552083333333334,0.7552083333333334
0.2,1,P1,unseen,harsh,low_new,72,9,5,15,43,0.375,0.6428571428571429,0.47368421052631576,0.10416666666666667,0.7552083333333334,0.7552083333333334
0.2,1,B1,unseen,harsh,two_new,72,8,13,16,35,0.3333333333333333,0.38095238095238093,0.35555555555555557,0.2708333333333333,0.5737847222222222,0.5737847222222222
0.2,1,B2,unseen,harsh,two_new,72,8,3,16,45,0.3333333333333333,0.7272727272727273,0.45714285714285713,0.0625,0.7170138888888888,0.7170138888888888
0.2,1,B3,unseen,harsh,two_new,72,8,3,16,45,0.3333333333333333,0.7272727272727273,0.45714285714285713,0.0625,0.7170138888888888,0.7170138888888888
0.2,1,P1,unseen,harsh,two_new,72,8,3,16,45,0.3333333333333333,0.7272727272727273,0.45714285714285713,0.0625,0.7170138888888888,0.7170138888888888
0.2,1,B1,unseen,harsh,vertical_new,72,4,2,20,46,0.16666666666666666,0.6666666666666666,0.26666666666666666,0.041666666666666664,0.6840277777777778,0.6840277777777778
0.2,1,B2,unseen,harsh,vertical_new,72,11,6,13,42,0.4583333333333333,0.6470588235294118,0.5365853658536586,0.125,0.7222222222222222,0.7222222222222222
0.2,1,B3,unseen,harsh,vertical_new,72,12,9,12,39,0.5,0.5714285714285714,0.5333333333333333,0.1875,0.7222222222222222,0.7222222222222222
0.2,1,P1,unseen,harsh,vertical_new,72,11,6,13,42,0.4583333333333333,0.6470588235294118,0.5365853658536586,0.125,0.7222222222222222,0.7222222222222222
0.2,1,B1,unseen,harsh,wide_new,72,9,12,15,36,0.375,0.42857142857142855,0.4,0.25,0.5807291666666666,0.5807291666666666
0.2,1,B2,unseen,harsh,wide_new,72,7,6,17,42,0.2916666666666667,0.5384615384615384,0.3783783783783784,0.125,0.7100694444444444,0.7100694444444444
0.2,1,B3,unseen,harsh,wide_new,72,7,6,17,42,0.2916666666666667,0.5384615384615384,0.3783783783783784,0.125,0.7100694444444444,0.7100694444444444
0.2,1,P1,unseen,harsh,wide_new,72,7,6,17,42,0.2916666666666667,0.5384615384615384,0.3783783783783784,0.125,0.7100694444444444,0.7100694444444444
0.2,1,B1,unseen,standard,__all__,360,15,12,105,228,0.125,0.5555555555555556,0.20408163265306123,0.05,0.6028472222222222,0.6028472222222222
0.2,1,B2,unseen,standard,__all__,360,33,47,87,193,0.275,0.4125,0.33,0.19583333333333333,0.5617708333333333,0.5617708333333333
0.2,1,B3,unseen,standard,__all__,360,32,45,88,195,0.26666666666666666,0.4155844155844156,0.3248730964467005,0.1875,0.5617708333333333,0.5617708333333333
0.2,1,P1,unseen,standard,__all__,360,35,49,85,191,0.2916666666666667,0.4166666666666667,0.3431372549019608,0.20416666666666666,0.5617708333333333,0.5674652777777778
0.2,1,B1,unseen,standard,horizontal_new,72,2,1,22,47,0.08333333333333333,0.6666666666666666,0.14814814814814814,0.020833333333333332,0.5989583333333334,0.5989583333333334
0.2,1,B2,unseen,standard,horizontal_new,72,7,15,17,33,0.2916666666666667,0.3181818181818182,0.30434782608695654,0.3125,0.5364583333333334,0.5364583333333334
0.2,1,B3,unseen,standard,horizontal_new,72,7,15,17,33,0.2916666666666667,0.3181818181818182,0.30434782608695654,0.3125,0.5364583333333334,0.5364583333333334
0.2,1,P1,unseen,standard,horizontal_new,72,8,13,16,35,0.3333333333333333,0.38095238095238093,0.35555555555555557,0.2708333333333333,0.5364583333333334,0.5555555555555556
0.2,1,B1,unseen,standard,low_new,72,4,5,20,43,0.16666666666666666,0.4444444444444444,0.24242424242424243,0.10416666666666667,0.6701388888888888,0.6701388888888888
0.2,1,B2,unseen,standard,low_new,72,6,8,18,40,0.25,0.42857142857142855,0.3157894736842105,0.16666666666666666,0.6189236111111112,0.6189236111111112
0.2,1,B3,unseen,standard,low_new,72,6,7,18,41,0.25,0.46153846153846156,0.32432432432432434,0.14583333333333334,0.6189236111111112,0.6189236111111112
0.2,1,P1,unseen,standard,low_new,72,8,10,16,38,0.3333333333333333,0.4444444444444444,0.38095238095238093,0.20833333333333334,0.6189236111111112,0.6215277777777778
0.2,1,B1,unseen,standard,two_new,72,3,3,21,45,0.125,0.5,0.2,0.0625,0.6128472222222222,0.6128472222222222
0.2,1,B2,unseen,standard,two_new,72,5,7,19,41,0.20833333333333334,0.4166666666666667,0.2777777777777778,0.14583333333333334,0.5651041666666666,0.5651041666666666
0.2,1,B3,unseen,standard,two_new,72,5,7,19,41,0.20833333333333334,0.4166666666666667,0.2777777777777778,0.14583333333333334,0.5651041666666666,0.5651041666666666
0.2,1,P1,unseen,standard,two_new,72,5,9,19,39,0.20833333333333334,0.35714285714285715,0.2631578947368421,0.1875,0.5651041666666666,0.5677083333333334
0.2,1,B1,unseen,standard,vertical_new,72,4,2,20,46,0.16666666666666666,0.6666666666666666,0.26666666666666666,0.041666666666666664,0.5868055555555556,0.5868055555555556
0.2,1,B2,unseen,standard,vertical_new,72,10,9,14,39,0.4166666666666667,0.5263157894736842,0.46511627906976744,0.1875,0.5711805555555556,0.5711805555555556
0.2,1,B3,unseen,standard,vertical_new,72,9,8,15,40,0.375,0.5294117647058824,0.43902439024390244,0.16666666666666666,0.5711805555555556,0.5711805555555556
0.2,1,P1,unseen,standard,vertical_new,72,8,7,16,41,0.3333333333333333,0.5333333333333333,0.41025641025641024,0.14583333333333334,0.5711805555555556,0.5885416666666666
0.2,1,B1,unseen,standard,wide_new,72,2,1,22,47,0.08333333333333333,0.6666666666666666,0.14814814814814814,0.020833333333333332,0.5711805555555556,0.5711805555555556
0.2,1,B2,unseen,standard,wide_new,72,5,8,19,40,0.20833333333333334,0.38461538461538464,0.2702702702702703,0.16666666666666666,0.5460069444444444,0.5460069444444444
0.2,1,B3,unseen,standard,wide_new,72,5,8,19,40,0.20833333333333334,0.38461538461538464,0.2702702702702703,0.16666666666666666,0.5460069444444444,0.5460069444444444
0.2,1,P1,unseen,standard,wide_new,72,6,10,18,38,0.25,0.375,0.3,0.20833333333333334,0.5460069444444444,0.5451388888888888
0.2,2,B1,all,__all__,__all__,1152,170,147,214,621,0.4427083333333333,0.5362776025236593,0.48502139800285304,0.19140625,0.7125684950086806,0.7125684950086806
0.2,2,B2,all,__all__,__all__,1152,62,103,322,665,0.16145833333333334,0.37575757575757573,0.22586520947176686,0.13411458333333334,0.5221405029296875,0.5221405029296875
0.2,2,B3,all,__all__,__all__,1152,60,108,324,660,0.15625,0.35714285714285715,0.21739130434782608,0.140625,0.5221405029296875,0.5310194227430556
0.2,2,P1,all,__all__,__all__,1152,53,100,331,668,0.13802083333333334,0.3464052287581699,0.1973929236499069,0.13020833333333334,0.5221405029296875,0.524566650390625
0.2,2,B1,seen,__all__,__all__,432,80,66,64,222,0.5555555555555556,0.547945205479452,0.5517241379310345,0.22916666666666666,0.7331211419753086,0.7331211419753086
0.2,2,B2,seen,__all__,__all__,432,25,43,119,245,0.1736111111111111,0.36764705882352944,0.2358490566037736,0.14930555555555555,0.5237750771604939,0.5237750771604939
0.2,2,B3,seen,__all__,__all__,432,29,47,115,241,0.2013888888888889,0.3815789473684211,0.2636363636363636,0.16319444444444445,0.5237750771604939,0.5361689814814815
0.2,2,P1,seen,__all__,__all__,432,25,46,119,242,0.1736111111111111,0.352112676056338,0.23255813953488372,0.1597222222222222,0.5237750771604939,0.51953125
0.2,2,B1,seen,__all__,central_furniture,144,23,18,25,78,0.4791666666666667,0.5609756097560976,0.5168539325842697,0.1875,0.7369791666666666,0.7369791666666666
0.2,2,B2,seen,__all__,central_furniture,144,12,18,36,78,0.25,0.4,0.3076923076923077,0.1875,0.5160590277777778,0.5160590277777778
0.2,2,B3,seen,__all__,central_furniture,144,12,24,36,72,0.25,0.3333333333333333,0.2857142857142857,0.25,0.5160590277777778,0.5438368055555556
0.2,2,P1,seen,__all__,central_furniture,144,10,19,38,77,0.20833333333333334,0.3448275862068966,0.2597402597402597,0.19791666666666666,0.5160590277777778,0.5260416666666666
0.2,2,B1,seen,__all__,clear,144,36,36,12,60,0.75,0.5,0.6,0.375,0.7486979166666666,0.7486979166666666
0.2,2,B2,seen,__all__,clear,144,12,22,36,74,0.25,0.35294117647058826,0.2926829268292683,0.22916666666666666,0.5210503472222222,0.5210503472222222
0.2,2,B3,seen,__all__,clear,144,16,23,32,73,0.3333333333333333,0.41025641025641024,0.367816091954023,0.23958333333333334,0.5210503472222222,0.5568576388888888
0.2,2,P1,seen,__all__,clear,144,15,24,33,72,0.3125,0.38461538461538464,0.3448275862068966,0.25,0.5210503472222222,0.5540364583333334
0.2,2,B1,seen,__all__,vertical_mid,144,21,12,27,84,0.4375,0.6363636363636364,0.5185185185185185,0.125,0.7376302083333334,0.7376302083333334
0.2,2,B2,seen,__all__,vertical_mid,144,1,3,47,93,0.020833333333333332,0.25,0.038461538461538464,0.03125,0.5881076388888888,0.5881076388888888
0.2,2,B3,seen,__all__,vertical_mid,144,1,0,47,96,0.020833333333333332,1.0,0.04081632653061224,0.0,0.5881076388888888,0.5388454861111112
0.2,2,P1,seen,__all__,vertical_mid,144,0,3,48,93,0.0,0.0,0.0,0.03125,0.5881076388888888,0.5347222222222222
0.2,2,B1,seen,harsh,__all__,216,51,40,21,104,0.7083333333333334,0.5604395604395604,0.6257668711656442,0.2777777777777778,0.7771026234567902,0.7771026234567902
0.2,2,B2,seen,harsh,__all__,216,25,38,47,106,0.3472222222222222,0.3968253968253968,0.37037037037037035,0.2638888888888889,0.5339506172839507,0.5339506172839507
0.2,2,B3,seen,harsh,__all__,216,18,32,54,112,0.25,0.36,0.29508196721311475,0.2222222222222222,0.5339506172839507,0.5339506172839507
0.2,2,P1,seen,harsh,__all__,216,19,36,53,108,0.2638888888888889,0.34545454545454546,0.2992125984251969,0.25,0.5339506172839507,0.5315393518518519
0.2,2,B1,seen,harsh,central_furniture,72,16,13,8,35,0.6666666666666666,0.5517241379310345,0.6037735849056604,0.2708333333333333,0.7760416666666666,0.7760416666666666
0.2,2,B2,seen,harsh,central_furniture,72,12,17,12,31,0.5,0.41379310344827586,0.4528301886792453,0.3541666666666667,0.5442708333333334,0.5442708333333334
0.2,2,B3,seen,harsh,central_furniture,72,8,17,16,31,0.3333333333333333,0.32,0.32653061224489793,0.3541666666666667,0.5442708333333334,0.5442708333333334
0.2,2,P1,seen,harsh,central_furniture,72,9,17,15,31,0.375,0.34615384615384615,0.36,0.3541666666666667,0.5442708333333334,0.5442708333333334
0.2,2,B1,seen,harsh,clear,72,22,20,2,28,0.9166666666666666,0.5238095238095238,0.6666666666666666,0.4166666666666667,0.8133680555555556,0.8133680555555556
0.2,2,B2,seen,harsh,clear,72,12,18,12,30,0.5,0.4,0.4444444444444444,0.375,0.5616319444444444,0.5616319444444444
0.2,2,B3,seen,harsh,clear,72,10,15,14,33,0.4166666666666667,0.4,0.40816326530612246,0.3125,0.5616319444444444,0.5616319444444444
0.2,2,P1,seen,harsh,clear,72,10,16,14,32,0.4166666666666667,0.38461538461538464,0.4,0.3333333333333333,0.5616319444444444,0.5555555555555556
0.2,2,B1,seen,harsh,vertical_mid,72,13,7,11,41,0.5416666666666666,0.65,0.5909090909090909,0.14583333333333334,0.7699652777777778,0.7699652777777778
0.2,2,B2,seen,harsh,vertical_mid,72,1,3,23,45,0.041666666666666664,0.25,0.07142857142857142,0.0625,0.6371527777777778,0.6371527777777778
0.2,2,B3,seen,harsh,vertical_mid,72,0,0,24,48,0.0,,0.0,0.0,0.6371527777777778,0.6371527777777778
0.2,2,P1,seen,harsh,vertical_mid,72,0,3,24,45,0.0,0.0,0.0,0.0625,0.6371527777777778,0.6371527777777778
0.2,2,B1,seen,standard,__all__,216,29,26,43,118,0.4027777777777778,0.5272727272727272,0.4566929133858268,0.18055555555555555,0.6858603395061729,0.6858603395061729
0.2,2,B2,seen,standard,__all__,216,0,5,72,139,0.0,0.0,0.0,0.034722222222222224,0.5439814814814815,0.5439814814814815
0.2,2,B3,seen,standard,__all__,216,11,15,61,129,0.1527777777777778,0.4230769230769231,0.22448979591836735,0.10416666666666667,0.5439814814814815,0.5439814814814815
0.2,2,P1,seen,standard,__all__,216,6,10,66,134,0.08333333333333333,0.375,0.13636363636363635,0.06944444444444445,0.5439814814814815,0.5013503086419753
0.2,2,B1,seen,standard,central_furniture,72,7,5,17,43,0.2916666666666667,0.5833333333333334,0.3888888888888889,0.10416666666666667,0.6979166666666666,0.6979166666666666
0.2,2,B2,seen,standard,central_furniture,72,0,1,24,47,0.0,0.0,0.0,0.020833333333333332,0.5442708333333334,0.5442708333333334
0.2,2,B3,seen,standard,central_furniture,72,4,7,20,41,0.16666666666666666,0.36363636363636365,0.22857142857142856,0.14583333333333334,0.5442708333333334,0.5442708333333334
0.2,2,P1,seen,standard,central_furniture,72,1,2,23,46,0.041666666666666664,0.3333333333333333,0.07407407407407407,0.041666666666666664,0.5442708333333334,0.4730902777777778
0.2,2,B1,seen,standard,clear,72,14,16,10,32,0.5833333333333334,0.4666666666666667,0.5185185185185185,0.3333333333333333,0.6744791666666666,0.6744791666666666
0.2,2,B2,seen,standard,clear,72,0,4,24,44,0.0,0.0,0.0,0.08333333333333333,0.5416666666666666,0.5416666666666666
0.2,2,B3,seen,standard,clear,72,6,8,18,40,0.25,0.42857142857142855,0.3157894736842105,0.16666666666666666,0.5416666666666666,0.5416666666666666
0.2,2,P1,seen,standard,clear,72,5,8,19,40,0.20833333333333334,0.38461538461538464,0.2702702702702703,0.16666666666666666,0.5416666666666666,0.5451388888888888
0.2,2,B1,seen,standard,vertical_mid,72,8,5,16,43,0.3333333333333333,0.6153846153846154,0.43243243243243246,0.10416666666666667,0.7092013888888888,0.7092013888888888
0.2,2,B2,seen,standard,vertical_mid,72,0,0,24,48,0.0,,0.0,0.0,0.5390625,0.5390625
0.2,2,B3,seen,standard,vertical_mid,72,1,0,23,48,0.041666666666666664,1.0,0.08,0.0,0.5390625,0.5390625
0.2,2,P1,seen,standard,vertical_mid,72,0,0,24,48,0.0,,0.0,0.0,0.5390625,0.4713541666666667
0.2,2,B1,unseen,__all__,__all__,720,90,81,150,399,0.375,0.5263157894736842,0.43795620437956206,0.16875,0.7018055555555556,0.7018055555555556
0.2,2,B2,unseen,__all__,__all__,720,37,60,203,420,0.15416666666666667,0.38144329896907214,0.2195845697329377,0.125,0.5215798611111111,0.5215798611111111
0.2,2,B3,unseen,__all__,__all__,720,31,61,209,419,0.12916666666666668,0.33695652173913043,0.18674698795180722,0.12708333333333333,0.5215798611111111,0.5276128472222222
0.2,2,P1,unseen,__all__,__all__,720,28,54,212,426,0.11666666666666667,0.34146341463414637,0.17391304347826086,0.1125,0.5215798611111111,0.52875
0.2,2,B1,unseen,__all__,horizontal_new,144,9,13,39,83,0.1875,0.4090909090909091,0.2571428571428571,0.13541666666666666,0.7404513888888888,0.7404513888888888
0.2,2,B2,unseen,__all__,horizontal_new,144,0,2,48,94,0.0,0.0,0.0,0.020833333333333332,0.5355902777777778,0.5355902777777778
0.2,2,B3,unseen,__all__,horizontal_new,144,0,0,48,96,0.0,,0.0,0.0,0.5355902777777778,0.5219184027777778
0.2,2,P1,unseen,__all__,horizontal_new,144,0,0,48,96,0.0,,0.0,0.0,0.5355902777777778,0.5625
0.2,2,B1,unseen,__all__,low_new,144,29,27,19,69,0.6041666666666666,0.5178571428571429,0.5576923076923077,0.28125,0.7326388888888888,0.7326388888888888
0.2,2,B2,unseen,__all__,low_new,144,12,19,36,77,0.25,0.3870967741935484,0.3037974683544304,0.19791666666666666,0.5210503472222222,0.5210503472222222
0.2,2,B3,unseen,__all__,low_new,144,12,23,36,73,0.25,0.34285714285714286,0.2891566265060241,0.23958333333333334,0.5210503472222222,0.5490451388888888
0.2,2,P1,unseen,__all__,low_new,144,11,20,37,76,0.22916666666666666,0.3548387096774194,0.27848101265822783,0.20833333333333334,0.5210503472222222,0.5618489583333334
0.2,2,B1,unseen,__all__,two_new,144,15,15,33,81,0.3125,0.5,0.38461538461538464,0.15625,0.6859809027777778,0.6859809027777778
0.2,2,B2,unseen,__all__,two_new,144,12,19,36,77,0.25,0.3870967741935484,0.3037974683544304,0.19791666666666666,0.5162760416666666,0.5162760416666666
0.2,2,B3,unseen,__all__,two_new,144,9,19,39,77,0.1875,0.32142857142857145,0.23684210526315788,0.19791666666666666,0.5162760416666666,0.541015625
0.2,2,P1,unseen,__all__,two_new,144,9,18,39,78,0.1875,0.3333333333333333,0.24,0.1875,0.5162760416666666,0.5483940972222222
0.2,2,B1,unseen,__all__,vertical_new,144,20,9,28,87,0.4166666666666667,0.6896551724137931,0.5194805194805194,0.09375,0.7178819444444444,0.7178819444444444
0.2,2,B2,unseen,__all__,vertical_new,144,1,2,47,94,0.020833333333333332,0.3333333333333333,0.0392156862745098,0.020833333333333332,0.5794270833333334,0.5794270833333334
0.2,2,B3,unseen,__all__,vertical_new,144,0,0,48,96,0.0,,0.0,0.0,0.5794270833333334,0.5305989583333334
0.2,2,P1,unseen,__all__,vertical_new,144,0,1,48,95,0.0,0.0,0.0,0.010416666666666666,0.5794270833333334,0.5271267361111112
0.2,2,B1,unseen,__all__,wide_new,144,17,17,31,79,0.3541666666666667,0.5,0.4146341463414634,0.17708333333333334,0.6551649305555556,0.6551649305555556
0.2,2,B2,unseen,__all__,wide_new,144,12,18,36,78,0.25,0.4,0.3076923076923077,0.1875,0.5130208333333334,0.5130208333333334
0.2,2,B3,unseen,__all__,wide_new,144,10,19,38,77,0.20833333333333334,0.3448275862068966,0.2597402597402597,0.19791666666666666,0.5130208333333334,0.5347222222222222
0.2,2,P1,unseen,__all__,wide_new,144,8,15,40,81,0.16666666666666666,0.34782608695652173,0.22535211267605634,0.15625,0.5130208333333334,0.5119357638888888
0.2,2,B1,unseen,harsh,__all__,360,59,57,61,183,0.49166666666666664,0.5086206896551724,0.5,0.2375,0.7207291666666666,0.7207291666666666
0.2,2,B2,unseen,harsh,__all__,360,37,59,83,181,0.30833333333333335,0.3854166666666667,0.3425925925925926,0.24583333333333332,0.5195486111111111,0.5195486111111111
0.2,2,B3,unseen,harsh,__all__,360,23,40,97,200,0.19166666666666668,0.36507936507936506,0.25136612021857924,0.16666666666666666,0.5195486111111111,0.5195486111111111
0.2,2,P1,unseen,harsh,__all__,360,24,50,96,190,0.2,0.32432432432432434,0.24742268041237114,0.20833333333333334,0.5195486111111111,0.5154513888888889
0.2,2,B1,unseen,harsh,horizontal_new,72,5,8,19,40,0.20833333333333334,0.38461538461538464,0.2702702702702703,0.16666666666666666,0.7248263888888888,0.7248263888888888
0.2,2,B2,unseen,harsh,horizontal_new,72,0,2,24,46,0.0,0.0,0.0,0.041666666666666664,0.5164930555555556,0.5164930555555556
0.2,2,B3,unseen,harsh,horizontal_new,72,0,0,24,48,0.0,,0.0,0.0,0.5164930555555556,0.5164930555555556
0.2,2,P1,unseen,harsh,horizontal_new,72,0,0,24,48,0.0,,0.0,0.0,0.5164930555555556,0.484375
0.2,2,B1,unseen,harsh,low_new,72,18,18,6,30,0.75,0.5,0.6,0.375,0.7578125,0.7578125
0.2,2,B2,unseen,harsh,low_new,72,12,18,12,30,0.5,0.4,0.4444444444444444,0.375,0.5425347222222222,0.5425347222222222
0.2,2,B3,unseen,harsh,low_new,72,8,16,16,32,0.3333333333333333,0.3333333333333333,0.3333333333333333,0.3333333333333333,0.5425347222222222,0.5425347222222222
0.2,2,P1,unseen,harsh,low_new,72,8,17,16,31,0.3333333333333333,0.32,0.32653061224489793,0.3541666666666667,0.5425347222222222,0.5425347222222222
0.2,2,B1,unseen,harsh,two_new,72,11,14,13,34,0.4583333333333333,0.44,0.4489795918367347,0.2916666666666667,0.7005208333333334,0.7005208333333334
0.2,2,B2,unseen,harsh,two_new,72,12,19,12,29,0.5,0.3870967741935484,0.43636363636363634,0.3958333333333333,0.5303819444444444,0.5303819444444444
0.2,2,B3,unseen,harsh,two_new,72,7,12,17,36,0.2916666666666667,0.3684210526315789,0.32558139534883723,0.25,0.5303819444444444,0.5303819444444444
0.2,2,P1,unseen,harsh,two_new,72,8,17,16,31,0.3333333333333333,0.32,0.32653061224489793,0.3541666666666667,0.5303819444444444,0.5303819444444444
0.2,2,B1,unseen,harsh,vertical_new,72,13,4,11,44,0.5416666666666666,0.7647058823529411,0.6341463414634146,0.08333333333333333,0.7690972222222222,0.7690972222222222
0.2,2,B2,unseen,harsh,vertical_new,72,1,2,23,46,0.041666666666666664,0.3333333333333333,0.07407407407407407,0.041666666666666664,0.6215277777777778,0.6215277777777778
0.2,2,B3,unseen,harsh,vertical_new,72,0,0,24,48,0.0,,0.0,0.0,0.6215277777777778,0.6215277777777778
0.2,2,P1,unseen,harsh,vertical_new,72,0,1,24,47,0.0,0.0,0.0,0.020833333333333332,0.6215277777777778,0.6215277777777778
0.2,2,B1,unseen,harsh,wide_new,72,12,13,12,35,0.5,0.48,0.4897959183673469,0.2708333333333333,0.6831597222222222,0.6831597222222222
0.2,2,B2,unseen,harsh,wide_new,72,12,18,12,30,0.5,0.4,0.4444444444444444,0.375,0.5355902777777778,0.5355902777777778
0.2,2,B3,unseen,harsh,wide_new,72,8,12,16,36,0.3333333333333333,0.4,0.36363636363636365,0.25,0.5355902777777778,0.5355902777777778
0.2,2,P1,unseen,harsh,wide_new,72,8,15,16,33,0.3333333333333333,0.34782608695652173,0.3404255319148936,0.3125,0.5355902777777778,0.5355902777777778
0.2,2,B1,unseen,standard,__all__,360,31,24,89,216,0.25833333333333336,0.5636363636363636,0.35428571428571426,0.1,0.6835416666666667,0.6835416666666667
0.2,2,B2,unseen,standard,__all__,360,0,1,120,239,0.0,0.0,0.0,0.004166666666666667,0.5520486111111111,0.5520486111111111
0.2,2,B3,unseen,standard,__all__,360,8,21,112,219,0.06666666666666667,0.27586206896551724,0.10738255033557047,0.0875,0.5520486111111111,0.5520486111111111
0.2,2,P1,unseen,standard,__all__,360,4,4,116,236,0.03333333333333333,0.5,0.0625,0.016666666666666666,0.5520486111111111,0.5426041666666667
0.2,2,B1,unseen,standard,horizontal_new,72,4,5,20,43,0.16666666666666666,0.4444444444444444,0.24242424242424243,0.10416666666666667,0.7552083333333334,0.7552083333333334
0.2,2,B2,unseen,standard,horizontal_new,72,0,0,24,48,0.0,,0.0,0.0,0.5798611111111112,0.5798611111111112
0.2,2,B3,unseen,standard,horizontal_new,72,0,0,24,48,0.0,,0.0,0.0,0.5798611111111112,0.5798611111111112
0.2,2,P1,unseen,standard,horizontal_new,72,0,0,24,48,0.0,,0.0,0.0,0.5798611111111112,0.6614583333333334
0.2,2,B1,unseen,standard,low_new,72,11,9,13,39,0.4583333333333333,0.55,0.5,0.1875,0.7074652777777778,0.7074652777777778
0.2,2,B2,unseen,standard,low_new,72,0,1,24,47,0.0,0.0,0.0,0.020833333333333332,0.5590277777777778,0.5590277777777778
0.2,2,B3,unseen,standard,low_new,72,4,7,20,41,0.16666666666666666,0.36363636363636365,0.22857142857142856,0.14583333333333334,0.5590277777777778,0.5590277777777778
0.2,2,P1,unseen,standard,low_new,72,3,3,21,45,0.125,0.5,0.2,0.0625,0.5590277777777778,0.5868055555555556
0.2,2,B1,unseen,standard,two_new,72,4,1,20,47,0.16666666666666666,0.8,0.27586206896551724,0.020833333333333332,0.6822916666666666,0.6822916666666666
0.2,2,B2,unseen,standard,two_new,72,0,0,24,48,0.0,,0.0,0.0,0.5633680555555556,0.5633680555555556
0.2,2,B3,unseen,standard,two_new,72,2,7,22,41,0.08333333333333333,0.2222222222222222,0.12121212121212122,0.14583333333333334,0.5633680555555556,0.5633680555555556
0.2,2,P1,unseen,standard,two_new,72,1,1,23,47,0.041666666666666664,0.5,0.07692307692307693,0.020833333333333332,0.5633680555555556,0.5798611111111112
0.2,2,B1,unseen,standard,vertical_new,72,7,5,17,43,0.2916666666666667,0.5833333333333334,0.3888888888888889,0.10416666666666667,0.6762152777777778,0.6762152777777778
0.2,2,B2,unseen,standard,vertical_new,72,0,0,24,48,0.0,,0.0,0.0,0.5303819444444444,0.5303819444444444
0.2,2,B3,unseen,standard,vertical_new,72,0,0,24,48,0.0,,0.0,0.0,0.5303819444444444,0.5303819444444444
0.2,2,P1,unseen,standard,vertical_new,72,0,0,24,48,0.0,,0.0,0.0,0.5303819444444444,0.453125
0.2,2,B1,unseen,standard,wide_new,72,5,4,19,44,0.20833333333333334,0.5555555555555556,0.30303030303030304,0.08333333333333333,0.6328125,0.6328125
0.2,2,B2,unseen,standard,wide_new,72,0,0,24,48,0.0,,0.0,0.0,0.5399305555555556,0.5399305555555556
0.2,2,B3,unseen,standard,wide_new,72,2,7,22,41,0.08333333333333333,0.2222222222222222,0.12121212121212122,0.14583333333333334,0.5399305555555556,0.5399305555555556
0.2,2,P1,unseen,standard,wide_new,72,0,0,24,48,0.0,,0.0,0.0,0.5399305555555556,0.4670138888888889
0.2,3,B1,all,__all__,__all__,1152,280,134,104,634,0.7291666666666666,0.6763285024154589,0.7017543859649122,0.17447916666666666,0.8448384602864584,0.8448384602864584
0.2,3,B2,all,__all__,__all__,1152,78,87,306,681,0.203125,0.4727272727272727,0.28415300546448086,0.11328125,0.6511637369791666,0.6511637369791666
0.2,3,B3,all,__all__,__all__,1152,69,82,315,686,0.1796875,0.45695364238410596,0.25794392523364484,0.10677083333333333,0.6511637369791666,0.6450025770399306
0.2,3,P1,all,__all__,__all__,1152,75,86,309,682,0.1953125,0.4658385093167702,0.27522935779816515,0.11197916666666667,0.6511637369791666,0.6428968641493056
0.2,3,B1,seen,__all__,__all__,432,112,53,32,235,0.7777777777777778,0.6787878787878788,0.7249190938511327,0.1840277777777778,0.8591338734567902,0.8591338734567902
0.2,3,B2,seen,__all__,__all__,432,37,41,107,247,0.2569444444444444,0.47435897435897434,0.3333333333333333,0.1423611111111111,0.6641830632716049,0.6641830632716049
0.2,3,B3,seen,__all__,__all__,432,37,42,107,246,0.2569444444444444,0.46835443037974683,0.33183856502242154,0.14583333333333334,0.6641830632716049,0.662133487654321
0.2,3,P1,seen,__all__,__all__,432,37,43,107,245,0.2569444444444444,0.4625,0.33035714285714285,0.14930555555555555,0.6641830632716049,0.6551167052469136
0.2,3,B1,seen,__all__,central_furniture,144,36,16,12,80,0.75,0.6923076923076923,0.72,0.16666666666666666,0.8723958333333334,0.8723958333333334
0.2,3,B2,seen,__all__,central_furniture,144,14,16,34,80,0.2916666666666667,0.4666666666666667,0.358974358974359,0.16666666666666666,0.6532118055555556,0.6532118055555556
0.2,3,B3,seen,__all__,central_furniture,144,13,15,35,81,0.2708333333333333,0.4642857142857143,0.34210526315789475,0.15625,0.6532118055555556,0.6634114583333334
0.2,3,P1,seen,__all__,central_furniture,144,13,14,35,82,0.2708333333333333,0.48148148148148145,0.3466666666666667,0.14583333333333334,0.6532118055555556,0.6555989583333334
0.2,3,B1,seen,__all__,clear,144,41,21,7,75,0.8541666666666666,0.6612903225806451,0.7454545454545455,0.21875,0.8658854166666666,0.8658854166666666
0.2,3,B2,seen,__all__,clear,144,19,21,29,75,0.3958333333333333,0.475,0.4318181818181818,0.21875,0.6770833333333334,0.6770833333333334
0.2,3,B3,seen,__all__,clear,144,21,24,27,72,0.4375,0.4666666666666667,0.45161290322580644,0.25,0.6770833333333334,0.6864149305555556
0.2,3,P1,seen,__all__,clear,144,21,24,27,72,0.4375,0.4666666666666667,0.45161290322580644,0.25,0.6770833333333334,0.6853298611111112
0.2,3,B1,seen,__all__,vertical_mid,144,35,16,13,80,0.7291666666666666,0.6862745098039216,0.7070707070707071,0.16666666666666666,0.837890625,0.837890625
0.2,3,B2,seen,__all__,vertical_mid,144,4,4,44,92,0.08333333333333333,0.5,0.14285714285714285,0.041666666666666664,0.6929253472222222,0.6929253472222222
0.2,3,B3,seen,__all__,vertical_mid,144,3,3,45,93,0.0625,0.5,0.1111111111111111,0.03125,0.6929253472222222,0.6560329861111112
0.2,3,P1,seen,__all__,vertical_mid,144,3,5,45,91,0.0625,0.375,0.10714285714285714,0.052083333333333336,0.6929253472222222,0.6664496527777778
0.2,3,B1,seen,harsh,__all__,216,68,32,4,112,0.9444444444444444,0.68,0.7906976744186046,0.2222222222222222,0.8864776234567902,0.8864776234567902
0.2,3,B2,seen,harsh,__all__,216,33,33,39,111,0.4583333333333333,0.5,0.4782608695652174,0.22916666666666666,0.7123842592592593,0.7123842592592593
0.2,3,B3,seen,harsh,__all__,216,27,24,45,120,0.375,0.5294117647058824,0.43902439024390244,0.16666666666666666,0.7123842592592593,0.7123842592592593
0.2,3,P1,seen,harsh,__all__,216,29,26,43,118,0.4027777777777778,0.5272727272727272,0.4566929133858268,0.18055555555555555,0.7123842592592593,0.7113233024691358
0.2,3,B1,seen,harsh,central_furniture,72,23,10,1,38,0.9583333333333334,0.696969696969697,0.8070175438596491,0.20833333333333334,0.8897569444444444,0.8897569444444444
0.2,3,B2,seen,harsh,central_furniture,72,14,13,10,35,0.5833333333333334,0.5185185185185185,0.5490196078431373,0.2708333333333333,0.7135416666666666,0.7135416666666666
0.2,3,B3,seen,harsh,central_furniture,72,11,10,13,38,0.4583333333333333,0.5238095238095238,0.4888888888888889,0.20833333333333334,0.7135416666666666,0.7135416666666666
0.2,3,P1,seen,harsh,central_furniture,72,12,11,12,37,0.5,0.5217391304347826,0.5106382978723404,0.22916666666666666,0.7135416666666666,0.7135416666666666
0.2,3,B1,seen,harsh,clear,72,24,13,0,35,1.0,0.6486486486486487,0.7868852459016393,0.2708333333333333,0.8880208333333334,0.8880208333333334
0.2,3,B2,seen,harsh,clear,72,15,16,9,32,0.625,0.4838709677419355,0.5454545454545454,0.3333333333333333,0.7517361111111112,0.7517361111111112
0.2,3,B3,seen,harsh,clear,72,14,12,10,36,0.5833333333333334,0.5384615384615384,0.56,0.25,0.7517361111111112,0.7517361111111112
0.2,3,P1,seen,harsh,clear,72,14,12,10,36,0.5833333333333334,0.5384615384615384,0.56,0.25,0.7517361111111112,0.7482638888888888
0.2,3,B1,seen,harsh,vertical_mid,72,21,9,3,39,0.875,0.7,0.7777777777777778,0.1875,0.8836805555555556,0.8836805555555556
0.2,3,B2,seen,harsh,vertical_mid,72,4,4,20,44,0.16666666666666666,0.5,0.25,0.08333333333333333,0.7378472222222222,0.7378472222222222
0.2,3,B3,seen,harsh,vertical_mid,72,2,2,22,46,0.08333333333333333,0.5,0.14285714285714285,0.041666666666666664,0.7378472222222222,0.7378472222222222
0.2,3,P1,seen,harsh,vertical_mid,72,3,3,21,45,0.125,0.5,0.2,0.0625,0.7378472222222222,0.7352430555555556
0.2,3,B1,seen,standard,__all__,216,44,21,28,123,0.6111111111111112,0.676923076923077,0.6423357664233577,0.14583333333333334,0.8260995370370371,0.8260995370370371
0.2,3,B2,seen,standard,__all__,216,4,8,68,136,0.05555555555555555,0.3333333333333333,0.09523809523809523,0.05555555555555555,0.6251929012345679,0.6251929012345679
0.2,3,B3,seen,standard,__all__,216,10,18,62,126,0.1388888888888889,0.35714285714285715,0.2,0.125,0.6251929012345679,0.6251929012345679
0.2,3,P1,seen,standard,__all__,216,8,17,64,127,0.1111111111111111,0.32,0.16494845360824742,0.11805555555555555,0.6251929012345679,0.5945216049382716
0.2,3,B1,seen,standard,central_furniture,72,13,6,11,42,0.5416666666666666,0.6842105263157895,0.6046511627906976,0.125,0.8576388888888888,0.8576388888888888
0.2,3,B2,seen,standard,central_furniture,72,0,3,24,45,0.0,0.0,0.0,0.0625,0.6015625,0.6015625
0.2,3,B3,seen,standard,central_furniture,72,2,5,22,43,0.08333333333333333,0.2857142857142857,0.12903225806451613,0.10416666666666667,0.6015625,0.6015625
0.2,3,P1,seen,standard,central_furniture,72,1,3,23,45,0.041666666666666664,0.25,0.07142857142857142,0.0625,0.6015625,0.5807291666666666
0.2,3,B1,seen,standard,clear,72,17,8,7,40,0.7083333333333334,0.68,0.6938775510204082,0.16666666666666666,0.8411458333333334,0.8411458333333334
0.2,3,B2,seen,standard,clear,72,4,5,20,43,0.16666666666666666,0.4444444444444444,0.24242424242424243,0.10416666666666667,0.625,0.625
0.2,3,B3,seen,standard,clear,72,7,12,17,36,0.2916666666666667,0.3684210526315789,0.32558139534883723,0.25,0.625,0.625
0.2,3,P1,seen,standard,clear,72,7,12,17,36,0.2916666666666667,0.3684210526315789,0.32558139534883723,0.25,0.625,0.6267361111111112
0.2,3,B1,seen,standard,vertical_mid,72,14,7,10,41,0.5833333333333334,0.6666666666666666,0.6222222222222222,0.14583333333333334,0.7838541666666666,0.7838541666666666
0.2,3,B2,seen,standard,vertical_mid,72,0,0,24,48,0.0,,0.0,0.0,0.6545138888888888,0.6545138888888888
0.2,3,B3,seen,standard,vertical_mid,72,1,1,23,47,0.041666666666666664,0.5,0.07692307692307693,0.020833333333333332,0.6545138888888888,0.6545138888888888
0.2,3,P1,seen,standard,vertical_mid,72,0,2,24,46,0.0,0.0,0.0,0.041666666666666664,0.6545138888888888,0.5815972222222222
0.2,3,B1,unseen,__all__,__all__,720,168,81,72,399,0.7,0.6746987951807228,0.6871165644171779,0.16875,0.8349045138888889,0.8349045138888889
0.2,3,B2,unseen,__all__,__all__,720,41,46,199,434,0.17083333333333334,0.47126436781609193,0.25076452599388377,0.09583333333333334,0.6456336805555556,0.6456336805555556
0.2,3,B3,unseen,__all__,__all__,720,32,40,208,440,0.13333333333333333,0.4444444444444444,0.20512820512820512,0.08333333333333333,0.6456336805555556,0.6363107638888889
0.2,3,P1,unseen,__all__,__all__,720,38,43,202,437,0.15833333333333333,0.4691358024691358,0.2367601246105919,0.08958333333333333,0.6456336805555556,0.6381510416666667
0.2,3,B1,unseen,__all__,horizontal_new,144,34,15,14,81,0.7083333333333334,0.6938775510204082,0.7010309278350515,0.15625,0.83984375,0.83984375
0.2,3,B2,unseen,__all__,horizontal_new,144,1,1,47,95,0.020833333333333332,0.5,0.04,0.010416666666666666,0.6701388888888888,0.6701388888888888
0.2,3,B3,unseen,__all__,horizontal_new,144,0,1,48,95,0.0,0.0,0.0,0.010416666666666666,0.6701388888888888,0.6197916666666666
0.2,3,P1,unseen,__all__,horizontal_new,144,0,1,48,95,0.0,0.0,0.0,0.010416666666666666,0.6701388888888888,0.6657986111111112
0.2,3,B1,unseen,__all__,low_new,144,41,21,7,75,0.8541666666666666,0.6612903225806451,0.7454545454545455,0.21875,0.8682725694444444,0.8682725694444444
0.2,3,B2,unseen,__all__,low_new,144,15,15,33,81,0.3125,0.5,0.38461538461538464,0.15625,0.6571180555555556,0.6571180555555556
0.2,3,B3,unseen,__all__,low_new,144,15,14,33,82,0.3125,0.5172413793103449,0.38961038961038963,0.14583333333333334,0.6571180555555556,0.6608072916666666
0.2,3,P1,unseen,__all__,low_new,144,15,15,33,81,0.3125,0.5,0.38461538461538464,0.15625,0.6571180555555556,0.6677517361111112
0.2,3,B1,unseen,__all__,two_new,144,32,15,16,81,0.6666666666666666,0.6808510638297872,0.6736842105263158,0.15625,0.8446180555555556,0.8446180555555556
0.2,3,B2,unseen,__all__,two_new,144,11,14,37,82,0.22916666666666666,0.44,0.3013698630136986,0.14583333333333334,0.6254340277777778,0.6254340277777778
0.2,3,B3,unseen,__all__,two_new,144,8,11,40,85,0.16666666666666666,0.42105263157894735,0.23880597014925373,0.11458333333333333,0.6254340277777778,0.630859375
0.2,3,P1,unseen,__all__,two_new,144,11,12,37,84,0.22916666666666666,0.4782608695652174,0.30985915492957744,0.125,0.6254340277777778,0.6351996527777778
0.2,3,B1,unseen,__all__,vertical_new,144,28,13,20,83,0.5833333333333334,0.6829268292682927,0.6292134831460674,0.13541666666666666,0.8285590277777778,0.8285590277777778
0.2,3,B2,unseen,__all__,vertical_new,144,2,3,46,93,0.041666666666666664,0.4,0.07547169811320754,0.03125,0.6840277777777778,0.6840277777777778
0.2,3,B3,unseen,__all__,vertical_new,144,2,1,46,95,0.041666666666666664,0.6666666666666666,0.0784313725490196,0.010416666666666666,0.6840277777777778,0.6393229166666666
0.2,3,P1,unseen,__all__,vertical_new,144,2,3,46,93,0.041666666666666664,0.4,0.07547169811320754,0.03125,0.6840277777777778,0.6477864583333334
0.2,3,B1,unseen,__all__,wide_new,144,33,17,15,79,0.6875,0.66,0.673469387755102,0.17708333333333334,0.7962239583333334,0.7962239583333334
0.2,3,B2,unseen,__all__,wide_new,144,12,13,36,83,0.25,0.48,0.3287671232876712,0.13541666666666666,0.6306423611111112,0.6306423611111112
0.2,3,B3,unseen,__all__,wide_new,144,7,13,41,83,0.14583333333333334,0.35,0.20588235294117646,0.13541666666666666,0.6306423611111112,0.6397569444444444
0.2,3,P1,unseen,__all__,wide_new,144,10,12,38,84,0.20833333333333334,0.45454545454545453,0.2857142857142857,0.125,0.6306423611111112,0.6245659722222222
0.2,3,B1,unseen,harsh,__all__,360,104,54,16,186,0.8666666666666667,0.6582278481012658,0.7482014388489209,0.225,0.8639236111111112,0.8639236111111112
0.2,3,B2,unseen,harsh,__all__,360,39,41,81,199,0.325,0.4875,0.39,0.17083333333333334,0.6723263888888888,0.6723263888888888
0.2,3,B3,unseen,harsh,__all__,360,29,29,91,211,0.24166666666666667,0.5,0.3258426966292135,0.12083333333333333,0.6723263888888888,0.6723263888888888
0.2,3,P1,unseen,harsh,__all__,360,36,37,84,203,0.3,0.4931506849315068,0.37305699481865284,0.15416666666666667,0.6723263888888888,0.6703125
0.2,3,B1,unseen,harsh,horizontal_new,72,19,11,5,37,0.7916666666666666,0.6333333333333333,0.7037037037037037,0.22916666666666666,0.84375,0.84375
0.2,3,B2,unseen,harsh,horizontal_new,72,1,1,23,47,0.041666666666666664,0.5,0.07692307692307693,0.020833333333333332,0.6788194444444444,0.6788194444444444
0.2,3,B3,unseen,harsh,horizontal_new,72,0,1,24,47,0.0,0.0,0.0,0.020833333333333332,0.6788194444444444,0.6788194444444444
0.2,3,P1,unseen,harsh,horizontal_new,72,0,1,24,47,0.0,0.0,0.0,0.020833333333333332,0.6788194444444444,0.6631944444444444
0.2,3,B1,unseen,harsh,low_new,72,23,11,1,37,0.9583333333333334,0.6764705882352942,0.7931034482758621,0.22916666666666666,0.8810763888888888,0.8810763888888888
0.2,3,B2,unseen,harsh,low_new,72,13,13,11,35,0.5416666666666666,0.5,0.52,0.2708333333333333,0.6961805555555556,0.6961805555555556
0.2,3,B3,unseen,harsh,low_new,72,12,10,12,38,0.5,0.5454545454545454,0.5217391304347826,0.20833333333333334,0.6961805555555556,0.6961805555555556
0.2,3,P1,unseen,harsh,low_new,72,13,12,11,36,0.5416666666666666,0.52,0.5306122448979592,0.25,0.6961805555555556,0.6961805555555556
0.2,3,B1,unseen,harsh,two_new,72,21,12,3,36,0.875,0.6363636363636364,0.7368421052631579,0.25,0.8645833333333334,0.8645833333333334
0.2,3,B2,unseen,harsh,two_new,72,11,12,13,36,0.4583333333333333,0.4782608695652174,0.46808510638297873,0.25,0.6631944444444444,0.6631944444444444
0.2,3,B3,unseen,harsh,two_new,72,8,8,16,40,0.3333333333333333,0.5,0.4,0.16666666666666666,0.6631944444444444,0.6631944444444444
0.2,3,P1,unseen,harsh,two_new,72,11,11,13,37,0.4583333333333333,0.5,0.4782608695652174,0.22916666666666666,0.6631944444444444,0.6631944444444444
0.2,3,B1,unseen,harsh,vertical_new,72,20,8,4,40,0.8333333333333334,0.7142857142857143,0.7692307692307693,0.16666666666666666,0.8888888888888888,0.8888888888888888
0.2,3,B2,unseen,harsh,vertical_new,72,2,3,22,45,0.08333333333333333,0.4,0.13793103448275862,0.0625,0.7361111111111112,0.7361111111111112
0.2,3,B3,unseen,harsh,vertical_new,72,2,1,22,47,0.08333333333333333,0.6666666666666666,0.14814814814814814,0.020833333333333332,0.7361111111111112,0.7361111111111112
0.2,3,P1,unseen,harsh,vertical_new,72,2,2,22,46,0.08333333333333333,0.5,0.14285714285714285,0.041666666666666664,0.7361111111111112,0.7361111111111112
0.2,3,B1,unseen,harsh,wide_new,72,21,12,3,36,0.875,0.6363636363636364,0.7368421052631579,0.25,0.8394097222222222,0.8394097222222222
0.2,3,B2,unseen,harsh,wide_new,72,12,12,12,36,0.5,0.5,0.5,0.25,0.6840277777777778,0.6840277777777778
0.2,3,B3,unseen,harsh,wide_new,72,7,9,17,39,0.2916666666666667,0.4375,0.35,0.1875,0.6840277777777778,0.6840277777777778
0.2,3,P1,unseen,harsh,wide_new,72,10,11,14,37,0.4166666666666667,0.47619047619047616,0.4444444444444444,0.22916666666666666,0.6840277777777778,0.6840277777777778
0.2,3,B1,unseen,standard,__all__,360,64,27,56,213,0.5333333333333333,0.7032967032967034,0.6066350710900474,0.1125,0.7951041666666666,0.7951041666666666
0.2,3,B2,unseen,standard,__all__,360,2,5,118,235,0.016666666666666666,0.2857142857142857,0.031496062992125984,0.020833333333333332,0.6237847222222223,0.6237847222222223
0.2,3,B3,unseen,standard,__all__,360,3,11,117,229,0.025,0.21428571428571427,0.04477611940298507,0.04583333333333333,0.6237847222222223,0.6237847222222223
0.2,3,P1,unseen,standard,__all__,360,2,6,118,234,0.016666666666666666,0.25,0.03125,0.025,0.6237847222222223,0.5983333333333334
0.2,3,B1,unseen,standard,horizontal_new,72,15,4,9,44,0.625,0.7894736842105263,0.6976744186046512,0.08333333333333333,0.8246527777777778,0.8246527777777778
0.2,3,B2,unseen,standard,horizontal_new,72,0,0,24,48,0.0,,0.0,0.0,0.6640625,0.6640625
0.2,3,B3,unseen,standard,horizontal_new,72,0,0,24,48,0.0,,0.0,0.0,0.6640625,0.6640625
0.2,3,P1,unseen,standard,horizontal_new,72,0,0,24,48,0.0,,0.0,0.0,0.6640625,0.6701388888888888
0.2,3,B1,unseen,standard,low_new,72,18,10,6,38,0.75,0.6428571428571429,0.6923076923076923,0.20833333333333334,0.8446180555555556,0.8446180555555556
0.2,3,B2,unseen,standard,low_new,72,2,2,22,46,0.08333333333333333,0.5,0.14285714285714285,0.041666666666666664,0.6397569444444444,0.6397569444444444
0.2,3,B3,unseen,standard,low_new,72,3,4,21,44,0.125,0.42857142857142855,0.1935483870967742,0.08333333333333333,0.6397569444444444,0.6397569444444444
0.2,3,P1,unseen,standard,low_new,72,2,3,22,45,0.08333333333333333,0.4,0.13793103448275862,0.0625,0.6397569444444444,0.6440972222222222
0.2,3,B1,unseen,standard,two_new,72,11,3,13,45,0.4583333333333333,0.7857142857142857,0.5789473684210527,0.0625,0.8376736111111112,0.8376736111111112
0.2,3,B2,unseen,standard,two_new,72,0,2,24,46,0.0,0.0,0.0,0.041666666666666664,0.5989583333333334,0.5989583333333334
0.2,3,B3,unseen,standard,two_new,72,0,3,24,45,0.0,0.0,0.0,0.0625,0.5989583333333334,0.5989583333333334
0.2,3,P1,unseen,standard,two_new,72,0,1,24,47,0.0,0.0,0.0,0.020833333333333332,0.5989583333333334,0.5998263888888888
0.2,3,B1,unseen,standard,vertical_new,72,8,5,16,43,0.3333333333333333,0.6153846153846154,0.43243243243243246,0.10416666666666667,0.7508680555555556,0.7508680555555556
0.2,3,B2,unseen,standard,vertical_new,72,0,0,24,48,0.0,,0.0,0.0,0.6336805555555556,0.6336805555555556
0.2,3,B3,unseen,standard,vertical_new,72,0,0,24,48,0.0,,0.0,0.0,0.6336805555555556,0.6336805555555556
0.2,3,P1,unseen,standard,vertical_new,72,0,1,24,47,0.0,0.0,0.0,0.020833333333333332,0.6336805555555556,0.5407986111111112
0.2,3,B1,unseen,standard,wide_new,72,12,5,12,43,0.5,0.7058823529411765,0.5853658536585366,0.10416666666666667,0.7326388888888888,0.7326388888888888
0.2,3,B2,unseen,standard,wide_new,72,0,1,24,47,0.0,0.0,0.0,0.020833333333333332,0.5815972222222222,0.5815972222222222
0.2,3,B3,unseen,standard,wide_new,72,0,4,24,44,0.0,0.0,0.0,0.08333333333333333,0.5815972222222222,0.5815972222222222
0.2,3,P1,unseen,standard,wide_new,72,0,1,24,47,0.0,0.0,0.0,0.020833333333333332,0.5815972222222222,0.5486111111111112
0.2,4,B1,all,__all__,__all__,1152,55,97,329,671,0.14322916666666666,0.3618421052631579,0.20522388059701493,0.12630208333333334,0.5311618381076388,0.5311618381076388
0.2,4,B2,all,__all__,__all__,1152,59,93,325,675,0.15364583333333334,0.3881578947368421,0.22014925373134328,0.12109375,0.5406663682725694,0.5406663682725694
0.2,4,B3,all,__all__,__all__,1152,45,73,339,695,0.1171875,0.3813559322033898,0.17928286852589642,0.09505208333333333,0.5406663682725694,0.54046630859375
0.2,4,P1,all,__all__,__all__,1152,53,83,331,685,0.13802083333333334,0.3897058823529412,0.20384615384615384,0.10807291666666667,0.5406663682725694,0.5373094346788194
0.2,4,B1,seen,__all__,__all__,432,26,44,118,244,0.18055555555555555,0.37142857142857144,0.24299065420560748,0.1527777777777778,0.5359278549382716,0.5359278549382716
0.2,4,B2,seen,__all__,__all__,432,30,44,114,244,0.20833333333333334,0.40540540540540543,0.27522935779816515,0.1527777777777778,0.5439332561728395,0.5439332561728395
0.2,4,B3,seen,__all__,__all__,432,25,40,119,248,0.1736111111111111,0.38461538461538464,0.23923444976076555,0.1388888888888889,0.5439332561728395,0.5438368055555556
0.2,4,P1,seen,__all__,__all__,432,27,45,117,243,0.1875,0.375,0.25,0.15625,0.5439332561728395,0.5396894290123457
0.2,4,B1,seen,__all__,central_furniture,144,10,18,38,78,0.20833333333333334,0.35714285714285715,0.2631578947368421,0.1875,0.5275607638888888,0.5275607638888888
0.2,4,B2,seen,__all__,central_furniture,144,9,16,39,80,0.1875,0.36,0.2465753424657534,0.16666666666666666,0.5570746527777778,0.5570746527777778
0.2,4,B3,seen,__all__,central_furniture,144,7,10,41,86,0.14583333333333334,0.4117647058823529,0.2153846153846154,0.10416666666666667,0.5570746527777778,0.5483940972222222
0.2,4,P1,seen,__all__,central_furniture,144,9,15,39,81,0.1875,0.375,0.25,0.15625,0.5570746527777778,0.5360243055555556
0.2,4,B1,seen,__all__,clear,144,13,21,35,75,0.2708333333333333,0.38235294117647056,0.3170731707317073,0.21875,0.5362413194444444,0.5362413194444444
0.2,4,B2,seen,__all__,clear,144,15,23,33,73,0.3125,0.39473684210526316,0.3488372093023256,0.23958333333333334,0.5512152777777778,0.5512152777777778
0.2,4,B3,seen,__all__,clear,144,15,24,33,72,0.3125,0.38461538461538464,0.3448275862068966,0.25,0.5512152777777778,0.5564236111111112
0.2,4,P1,seen,__all__,clear,144,15,24,33,72,0.3125,0.38461538461538464,0.3448275862068966,0.25,0.5512152777777778,0.5568576388888888
0.2,4,B1,seen,__all__,vertical_mid,144,3,5,45,91,0.0625,0.375,0.10714285714285714,0.052083333333333336,0.5735677083333334,0.5735677083333334
0.2,4,B2,seen,__all__,vertical_mid,144,6,5,42,91,0.125,0.5454545454545454,0.2033898305084746,0.052083333333333336,0.5592447916666666,0.5592447916666666
0.2,4,B3,seen,__all__,vertical_mid,144,3,6,45,90,0.0625,0.3333333333333333,0.10526315789473684,0.0625,0.5592447916666666,0.5355902777777778
0.2,4,P1,seen,__all__,vertical_mid,144,3,6,45,90,0.0625,0.3333333333333333,0.10526315789473684,0.0625,0.5592447916666666,0.5416666666666666
0.2,4,B1,seen,harsh,__all__,216,22,34,50,110,0.3055555555555556,0.39285714285714285,0.34375,0.2361111111111111,0.5805362654320988,0.5805362654320988
0.2,4,B2,seen,harsh,__all__,216,24,35,48,109,0.3333333333333333,0.4067796610169492,0.366412213740458,0.24305555555555555,0.6073495370370371,0.6073495370370371
0.2,4,B3,seen,harsh,__all__,216,19,28,53,116,0.2638888888888889,0.40425531914893614,0.31932773109243695,0.19444444444444445,0.6073495370370371,0.6073495370370371
0.2,4,P1,seen,harsh,__all__,216,23,33,49,111,0.3194444444444444,0.4107142857142857,0.359375,0.22916666666666666,0.6073495370370371,0.6067708333333334
0.2,4,B1,seen,harsh,central_furniture,72,9,14,15,34,0.375,0.391304347826087,0.3829787234042553,0.2916666666666667,0.59375,0.59375
0.2,4,B2,seen,harsh,central_furniture,72,9,13,15,35,0.375,0.4090909090909091,0.391304347826087,0.2708333333333333,0.6276041666666666,0.6276041666666666
0.2,4,B3,seen,harsh,central_furniture,72,7,7,17,41,0.2916666666666667,0.5,0.3684210526315789,0.14583333333333334,0.6276041666666666,0.6276041666666666
0.2,4,P1,seen,harsh,central_furniture,72,9,12,15,36,0.375,0.42857142857142855,0.4,0.25,0.6276041666666666,0.6276041666666666
0.2,4,B1,seen,harsh,clear,72,11,15,13,33,0.4583333333333333,0.4230769230769231,0.44,0.3125,0.5980902777777778,0.5980902777777778
0.2,4,B2,seen,harsh,clear,72,11,17,13,31,0.4583333333333333,0.39285714285714285,0.4230769230769231,0.3541666666666667,0.6119791666666666,0.6119791666666666
0.2,4,B3,seen,harsh,clear,72,11,17,13,31,0.4583333333333333,0.39285714285714285,0.4230769230769231,0.3541666666666667,0.6119791666666666,0.6119791666666666
0.2,4,P1,seen,harsh,clear,72,11,17,13,31,0.4583333333333333,0.39285714285714285,0.4230769230769231,0.3541666666666667,0.6119791666666666,0.6111111111111112
0.2,4,B1,seen,harsh,vertical_mid,72,2,5,22,43,0.08333333333333333,0.2857142857142857,0.12903225806451613,0.10416666666666667,0.6223958333333334,0.6223958333333334
0.2,4,B2,seen,harsh,vertical_mid,72,4,5,20,43,0.16666666666666666,0.4444444444444444,0.24242424242424243,0.10416666666666667,0.6519097222222222,0.6519097222222222
0.2,4,B3,seen,harsh,vertical_mid,72,1,4,23,44,0.041666666666666664,0.2,0.06896551724137931,0.08333333333333333,0.6519097222222222,0.6519097222222222
0.2,4,P1,seen,harsh,vertical_mid,72,3,4,21,44,0.125,0.42857142857142855,0.1935483870967742,0.08333333333333333,0.6519097222222222,0.6519097222222222
0.2,4,B1,seen,standard,__all__,216,4,10,68,134,0.05555555555555555,0.2857142857142857,0.09302325581395349,0.06944444444444445,0.4906442901234568,0.4906442901234568
0.2,4,B2,seen,standard,__all__,216,6,9,66,135,0.08333333333333333,0.4,0.13793103448275862,0.0625,0.4613233024691358,0.4613233024691358
0.2,4,B3,seen,standard,__all__,216,6,12,66,132,0.08333333333333333,0.3333333333333333,0.13333333333333333,0.08333333333333333,0.4613233024691358,0.4613233024691358
0.2,4,P1,seen,standard,__all__,216,4,12,68,132,0.05555555555555555,0.25,0.09090909090909091,0.08333333333333333,0.4613233024691358,0.45071373456790126
0.2,4,B1,seen,standard,central_furniture,72,1,4,23,44,0.041666666666666664,0.2,0.06896551724137931,0.08333333333333333,0.4791666666666667,0.4791666666666667
0.2,4,B2,seen,standard,central_furniture,72,0,3,24,45,0.0,0.0,0.0,0.0625,0.4713541666666667,0.4713541666666667
0.2,4,B3,seen,standard,central_furniture,72,0,3,24,45,0.0,0.0,0.0,0.0625,0.4713541666666667,0.4713541666666667
0.2,4,P1,seen,standard,central_furniture,72,0,3,24,45,0.0,0.0,0.0,0.0625,0.4713541666666667,0.4348958333333333
0.2,4,B1,seen,standard,clear,72,2,6,22,42,0.08333333333333333,0.25,0.125,0.125,0.4947916666666667,0.4947916666666667
0.2,4,B2,seen,standard,clear,72,4,6,20,42,0.16666666666666666,0.4,0.23529411764705882,0.125,0.4869791666666667,0.4869791666666667
0.2,4,B3,seen,standard,clear,72,4,7,20,41,0.16666666666666666,0.36363636363636365,0.22857142857142856,0.14583333333333334,0.4869791666666667,0.4869791666666667
0.2,4,P1,seen,standard,clear,72,4,7,20,41,0.16666666666666666,0.36363636363636365,0.22857142857142856,0.14583333333333334,0.4869791666666667,0.4947916666666667
0.2,4,B1,seen,standard,vertical_mid,72,1,0,23,48,0.041666666666666664,1.0,0.08,0.0,0.4991319444444444,0.4991319444444444
0.2,4,B2,seen,standard,vertical_mid,72,2,0,22,48,0.08333333333333333,1.0,0.15384615384615385,0.0,0.4383680555555556,0.4383680555555556
0.2,4,B3,seen,standard,vertical_mid,72,2,2,22,46,0.08333333333333333,0.5,0.14285714285714285,0.041666666666666664,0.4383680555555556,0.4383680555555556
0.2,4,P1,seen,standard,vertical_mid,72,0,2,24,46,0.0,0.0,0.0,0.041666666666666664,0.4383680555555556,0.4053819444444444
0.2,4,B1,unseen,__all__,__all__,720,29,53,211,427,0.12083333333333333,0.35365853658536583,0.18012422360248448,0.11041666666666666,0.5285243055555555,0.5285243055555555
0.2,4,B2,unseen,__all__,__all__,720,29,49,211,431,0.12083333333333333,0.3717948717948718,0.18238993710691823,0.10208333333333333,0.5400173611111111,0.5400173611111111
0.2,4,B3,unseen,__all__,__all__,720,20,33,220,447,0.08333333333333333,0.37735849056603776,0.13651877133105803,0.06875,0.5400173611111111,0.5388715277777778
0.2,4,P1,unseen,__all__,__all__,720,26,38,214,442,0.10833333333333334,0.40625,0.17105263157894737,0.07916666666666666,0.5400173611111111,0.5381336805555555
0.2,4,B1,unseen,__all__,horizontal_new,144,0,2,48,94,0.0,0.0,0.0,0.020833333333333332,0.5436197916666666,0.5436197916666666
0.2,4,B2,unseen,__all__,horizontal_new,144,0,1,48,95,0.0,0.0,0.0,0.010416666666666666,0.5529513888888888,0.5529513888888888
0.2,4,B3,unseen,__all__,horizontal_new,144,0,1,48,95,0.0,0.0,0.0,0.010416666666666666,0.5529513888888888,0.537109375
0.2,4,P1,unseen,__all__,horizontal_new,144,0,1,48,95,0.0,0.0,0.0,0.010416666666666666,0.5529513888888888,0.5805121527777778
0.2,4,B1,unseen,__all__,low_new,144,10,15,38,81,0.20833333333333334,0.4,0.273972602739726,0.15625,0.5368923611111112,0.5368923611111112
0.2,4,B2,unseen,__all__,low_new,144,10,17,38,79,0.20833333333333334,0.37037037037037035,0.26666666666666666,0.17708333333333334,0.5542534722222222,0.5542534722222222
0.2,4,B3,unseen,__all__,low_new,144,8,14,40,82,0.16666666666666666,0.36363636363636365,0.22857142857142856,0.14583333333333334,0.5542534722222222,0.5559895833333334
0.2,4,P1,unseen,__all__,low_new,144,11,15,37,81,0.22916666666666666,0.4230769230769231,0.2972972972972973,0.15625,0.5542534722222222,0.5611979166666666
0.2,4,B1,unseen,__all__,two_new,144,8,16,40,80,0.16666666666666666,0.3333333333333333,0.2222222222222222,0.16666666666666666,0.5288628472222222,0.5288628472222222
0.2,4,B2,unseen,__all__,two_new,144,8,12,40,84,0.16666666666666666,0.4,0.23529411764705882,0.125,0.5457899305555556,0.5457899305555556
0.2,4,B3,unseen,__all__,two_new,144,5,8,43,88,0.10416666666666667,0.38461538461538464,0.16393442622950818,0.08333333333333333,0.5457899305555556,0.5366753472222222
0.2,4,P1,unseen,__all__,two_new,144,7,9,41,87,0.14583333333333334,0.4375,0.21875,0.09375,0.5457899305555556,0.5462239583333334
0.2,4,B1,unseen,__all__,vertical_new,144,2,3,46,93,0.041666666666666664,0.4,0.07547169811320754,0.03125,0.5596788194444444,0.5596788194444444
0.2,4,B2,unseen,__all__,vertical_new,144,2,5,46,91,0.041666666666666664,0.2857142857142857,0.07272727272727272,0.052083333333333336,0.5679253472222222,0.5679253472222222
0.2,4,B3,unseen,__all__,vertical_new,144,1,3,47,93,0.020833333333333332,0.25,0.038461538461538464,0.03125,0.5679253472222222,0.541015625
0.2,4,P1,unseen,__all__,vertical_new,144,1,4,47,92,0.020833333333333332,0.2,0.03773584905660377,0.041666666666666664,0.5679253472222222,0.541015625
0.2,4,B1,unseen,__all__,wide_new,144,9,17,39,79,0.1875,0.34615384615384615,0.24324324324324326,0.17708333333333334,0.5162760416666666,0.5162760416666666
0.2,4,B2,unseen,__all__,wide_new,144,9,14,39,82,0.1875,0.391304347826087,0.2535211267605634,0.14583333333333334,0.5282118055555556,0.5282118055555556
0.2,4,B3,unseen,__all__,wide_new,144,6,7,42,89,0.125,0.46153846153846156,0.19672131147540983,0.07291666666666667,0.5282118055555556,0.5279947916666666
0.2,4,P1,unseen,__all__,wide_new,144,7,9,41,87,0.14583333333333334,0.4375,0.21875,0.09375,0.5282118055555556,0.5125868055555556
0.2,4,B1,unseen,harsh,__all__,360,27,44,93,196,0.225,0.38028169014084506,0.28272251308900526,0.18333333333333332,0.5647222222222222,0.5647222222222222
0.2,4,B2,unseen,harsh,__all__,360,29,43,91,197,0.24166666666666667,0.4027777777777778,0.3020833333333333,0.17916666666666667,0.5944444444444444,0.5944444444444444
0.2,4,B3,unseen,harsh,__all__,360,19,23,101,217,0.15833333333333333,0.4523809523809524,0.2345679012345679,0.09583333333333334,0.5944444444444444,0.5944444444444444
0.2,4,P1,unseen,harsh,__all__,360,24,32,96,208,0.2,0.42857142857142855,0.2727272727272727,0.13333333333333333,0.5944444444444444,0.5926388888888889
0.2,4,B1,unseen,harsh,horizontal_new,72,0,2,24,46,0.0,0.0,0.0,0.041666666666666664,0.5694444444444444,0.5694444444444444
0.2,4,B2,unseen,harsh,horizontal_new,72,0,1,24,47,0.0,0.0,0.0,0.020833333333333332,0.6102430555555556,0.6102430555555556
0.2,4,B3,unseen,harsh,horizontal_new,72,0,1,24,47,0.0,0.0,0.0,0.020833333333333332,0.6102430555555556,0.6102430555555556
0.2,4,P1,unseen,harsh,horizontal_new,72,0,1,24,47,0.0,0.0,0.0,0.020833333333333332,0.6102430555555556,0.5946180555555556
0.2,4,B1,unseen,harsh,low_new,72,10,12,14,36,0.4166666666666667,0.45454545454545453,0.43478260869565216,0.25,0.5920138888888888,0.5920138888888888
0.2,4,B2,unseen,harsh,low_new,72,10,15,14,33,0.4166666666666667,0.4,0.40816326530612246,0.3125,0.5998263888888888,0.5998263888888888
0.2,4,B3,unseen,harsh,low_new,72,7,11,17,37,0.2916666666666667,0.3888888888888889,0.3333333333333333,0.22916666666666666,0.5998263888888888,0.5998263888888888
0.2,4,P1,unseen,harsh,low_new,72,9,14,15,34,0.375,0.391304347826087,0.3829787234042553,0.2916666666666667,0.5998263888888888,0.5998263888888888
0.2,4,B1,unseen,harsh,two_new,72,8,13,16,35,0.3333333333333333,0.38095238095238093,0.35555555555555557,0.2708333333333333,0.5833333333333334,0.5833333333333334
0.2,4,B2,unseen,harsh,two_new,72,8,10,16,38,0.3333333333333333,0.4444444444444444,0.38095238095238093,0.20833333333333334,0.5954861111111112,0.5954861111111112
0.2,4,B3,unseen,harsh,two_new,72,5,5,19,43,0.20833333333333334,0.5,0.29411764705882354,0.10416666666666667,0.5954861111111112,0.5954861111111112
0.2,4,P1,unseen,harsh,two_new,72,7,7,17,41,0.2916666666666667,0.5,0.3684210526315789,0.14583333333333334,0.5954861111111112,0.5954861111111112
0.2,4,B1,unseen,harsh,vertical_new,72,1,3,23,45,0.041666666666666664,0.25,0.07142857142857142,0.0625,0.6032986111111112,0.6032986111111112
0.2,4,B2,unseen,harsh,vertical_new,72,2,5,22,43,0.08333333333333333,0.2857142857142857,0.12903225806451613,0.10416666666666667,0.6614583333333334,0.6614583333333334
0.2,4,B3,unseen,harsh,vertical_new,72,1,2,23,46,0.041666666666666664,0.3333333333333333,0.07407407407407407,0.041666666666666664,0.6614583333333334,0.6614583333333334
0.2,4,P1,unseen,harsh,vertical_new,72,1,2,23,46,0.041666666666666664,0.3333333333333333,0.07407407407407407,0.041666666666666664,0.6614583333333334,0.6614583333333334
0.2,4,B1,unseen,harsh,wide_new,72,8,14,16,34,0.3333333333333333,0.36363636363636365,0.34782608695652173,0.2916666666666667,0.5633680555555556,0.5633680555555556
0.2,4,B2,unseen,harsh,wide_new,72,9,12,15,36,0.375,0.42857142857142855,0.4,0.25,0.5920138888888888,0.5920138888888888
0.2,4,B3,unseen,harsh,wide_new,72,6,4,18,44,0.25,0.6,0.35294117647058826,0.08333333333333333,0.5920138888888888,0.5920138888888888
0.2,4,P1,unseen,harsh,wide_new,72,7,8,17,40,0.2916666666666667,0.4666666666666667,0.358974358974359,0.16666666666666666,0.5920138888888888,0.5920138888888888
0.2,4,B1,unseen,standard,__all__,360,2,9,118,231,0.016666666666666666,0.18181818181818182,0.030534351145038167,0.0375,0.4919791666666667,0.4919791666666667
0.2,4,B2,unseen,standard,__all__,360,0,6,120,234,0.0,0.0,0.0,0.025,0.47034722222222225,0.47034722222222225
0.2,4,B3,unseen,standard,__all__,360,1,10,119,230,0.008333333333333333,0.09090909090909091,0.015267175572519083,0.041666666666666664,0.47034722222222225,0.47034722222222225
0.2,4,P1,unseen,standard,__all__,360,2,6,118,234,0.016666666666666666,0.25,0.03125,0.025,0.47034722222222225,0.4651388888888889
0.2,4,B1,unseen,standard,horizontal_new,72,0,0,24,48,0.0,,0.0,0.0,0.5104166666666666,0.5104166666666666
0.2,4,B2,unseen,standard,horizontal_new,72,0,0,24,48,0.0,,0.0,0.0,0.4765625,0.4765625
0.2,4,B3,unseen,standard,horizontal_new,72,0,0,24,48,0.0,,0.0,0.0,0.4765625,0.4765625
0.2,4,P1,unseen,standard,horizontal_new,72,0,0,24,48,0.0,,0.0,0.0,0.4765625,0.5546875
0.2,4,B1,unseen,standard,low_new,72,0,3,24,45,0.0,0.0,0.0,0.0625,0.5060763888888888,0.5060763888888888
0.2,4,B2,unseen,standard,low_new,72,0,2,24,46,0.0,0.0,0.0,0.041666666666666664,0.4991319444444444,0.4991319444444444
0.2,4,B3,unseen,standard,low_new,72,1,3,23,45,0.041666666666666664,0.25,0.07142857142857142,0.0625,0.4991319444444444,0.4991319444444444
0.2,4,P1,unseen,standard,low_new,72,2,1,22,47,0.08333333333333333,0.6666666666666666,0.14814814814814814,0.020833333333333332,0.4991319444444444,0.5017361111111112
0.2,4,B1,unseen,standard,two_new,72,0,3,24,45,0.0,0.0,0.0,0.0625,0.5043402777777778,0.5043402777777778
0.2,4,B2,unseen,standard,two_new,72,0,2,24,46,0.0,0.0,0.0,0.041666666666666664,0.4835069444444444,0.4835069444444444
0.2,4,B3,unseen,standard,two_new,72,0,3,24,45,0.0,0.0,0.0,0.0625,0.4835069444444444,0.4835069444444444
0.2,4,P1,unseen,standard,two_new,72,0,2,24,46,0.0,0.0,0.0,0.041666666666666664,0.4835069444444444,0.5026041666666666
0.2,4,B1,unseen,standard,vertical_new,72,1,0,23,48,0.041666666666666664,1.0,0.08,0.0,0.5060763888888888,0.5060763888888888
0.2,4,B2,unseen,standard,vertical_new,72,0,0,24,48,0.0,,0.0,0.0,0.4557291666666667,0.4557291666666667
0.2,4,B3,unseen,standard,vertical_new,72,0,1,24,47,0.0,0.0,0.0,0.020833333333333332,0.4557291666666667,0.4557291666666667
0.2,4,P1,unseen,standard,vertical_new,72,0,2,24,46,0.0,0.0,0.0,0.041666666666666664,0.4557291666666667,0.3967013888888889
0.2,4,B1,unseen,standard,wide_new,72,1,3,23,45,0.041666666666666664,0.25,0.07142857142857142,0.0625,0.4696180555555556,0.4696180555555556
0.2,4,B2,unseen,standard,wide_new,72,0,2,24,46,0.0,0.0,0.0,0.041666666666666664,0.4583333333333333,0.4583333333333333
0.2,4,B3,unseen,standard,wide_new,72,0,3,24,45,0.0,0.0,0.0,0.0625,0.4583333333333333,0.4583333333333333
0.2,4,P1,unseen,standard,wide_new,72,0,1,24,47,0.0,0.0,0.0,0.020833333333333332,0.4583333333333333,0.4175347222222222
