budget,seed,scope,facility,geometry,method,recall,precision,f1,auroc,margin_auroc,false_positive_rate
0.01,0,all,__all__,__all__,P1_minus_B3,0.0,0.18461538461538463,0.0003068700533186697,0.0,-0.00013224283854174068,-0.00390625
0.01,0,seen,__all__,__all__,P1_minus_B3,0.0,0.09523809523809523,0.000353200883002211,0.0,-0.0026523919753086433,-0.003472222222222222
0.01,0,seen,__all__,central_furniture,P1_minus_B3,0.0,0.25,0.002262443438914019,0.0,-0.01150173611111105,-0.010416666666666666
0.01,0,seen,__all__,clear,P1_minus_B3,0.0,0.0,0.0,0.0,0.0021701388888888395,0.0
0.01,0,seen,__all__,vertical_mid,P1_minus_B3,0.0,,0.0,0.0,0.01019965277777779,0.0
0.01,0,seen,harsh,__all__,P1_minus_B3,0.0,0.0,0.0,0.0,-0.0015432098765432167,0.0
0.01,0,seen,harsh,central_furniture,P1_minus_B3,0.0,0.0,0.0,0.0,0.0,0.0
0.01,0,seen,harsh,clear,P1_minus_B3,0.0,0.0,0.0,0.0,-0.00520833333333337,0.0
0.01,0,seen,harsh,vertical_mid,P1_minus_B3,0.0,,0.0,0.0,-0.0008680555555555802,0.0
0.01,0,seen,standard,__all__,P1_minus_B3,0.0,0.0,0.0,0.0,-0.019193672839506126,-0.006944444444444444
0.01,0,seen,standard,central_furniture,P1_minus_B3,0.0,,0.0,0.0,-0.03211805555555547,-0.020833333333333332
0.01,0,seen,standard,clear,P1_minus_B3,0.0,0.0,0.0,0.0,0.006076388888888951,0.0
0.01,0,seen,standard,vertical_mid,P1_minus_B3,0.0,,0.0,0.0,-0.05555555555555558,0.0
0.01,0,unseen,__all__,__all__,P1_minus_B3,0.0,0.33333333333333337,0.0002665600426496051,0.0,0.0025260416666667007,-0.004166666666666667
0.01,0,unseen,__all__,horizontal_new,P1_minus_B3,0.0,,0.0,0.0,0.03342013888888884,0.0
0.01,0,unseen,__all__,low_new,P1_minus_B3,0.0,0.5,0.0008163265306122408,0.0,0.01215277777777779,-0.010416666666666666
0.01,0,unseen,__all__,two_new,P1_minus_B3,0.0,0.0,0.0,0.0,0.00737847222222221,0.0
0.01,0,unseen,__all__,vertical_new,P1_minus_B3,0.0,,0.0,0.0,-0.0021701388888888395,0.0
0.01,0,unseen,__all__,wide_new,P1_minus_B3,0.0,0.33333333333333337,0.001568627450980395,0.0,-0.01258680555555547,-0.010416666666666666
0.01,0,unseen,harsh,__all__,P1_minus_B3,0.0,0.0,0.0,0.0,-0.0031249999999999334,0.0
0.01,0,unseen,harsh,horizontal_new,P1_minus_B3,0.0,,0.0,0.0,-0.01909722222222221,0.0
0.01,0,unseen,harsh,low_new,P1_minus_B3,0.0,0.0,0.0,0.0,0.0,0.0
0.01,0,unseen,harsh,two_new,P1_minus_B3,0.0,0.0,0.0,0.0,0.0,0.0
0.01,0,unseen,harsh,vertical_new,P1_minus_B3,0.0,,0.0,0.0,0.0,0.0
0.01,0,unseen,harsh,wide_new,P1_minus_B3,0.0,0.0,0.0,0.0,0.0,0.0
0.01,0,unseen,standard,__all__,P1_minus_B3,0.0,,0.0,0.0,-0.006354166666666661,-0.008333333333333333
0.01,0,unseen,standard,horizontal_new,P1_minus_B3,0.0,,0.0,0.0,0.0703125,0.0
0.01,0,unseen,standard,low_new,P1_minus_B3,0.0,,0.0,0.0,0.015625,-0.020833333333333332
0.01,0,unseen,standard,two_new,P1_minus_B3,0.0,,0.0,0.0,0.0017361111111110494,0.0
0.01,0,unseen,standard,vertical_new,P1_minus_B3,0.0,,0.0,0.0,-0.07638888888888884,0.0
0.01,0,unseen,standard,wide_new,P1_minus_B3,0.0,,0.0,0.0,-0.02864583333333337,-0.020833333333333332
0.01,1,all,__all__,__all__,P1_minus_B3,0.0,0.0,0.0,0.0,0.00521172417534721,0.0
0.01,1,seen,__all__,__all__,P1_minus_B3,0.0,0.0,0.0,0.0,0.0023148148148147696,0.0
0.01,1,seen,__all__,central_furniture,P1_minus_B3,0.0,0.0,0.0,0.0,-0.0021701388888888395,0.0
0.01,1,seen,__all__,clear,P1_minus_B3,0.0,0.0,0.0,0.0,0.00021701388888883955,0.0
0.01,1,seen,__all__,vertical_mid,P1_minus_B3,0.0,0.0,0.0,0.0,0.01475694444444453,0.0
0.01,1,seen,harsh,__all__,P1_minus_B3,0.0,0.0,0.0,0.0,-0.0018325617283950768,0.0
0.01,1,seen,harsh,central_furniture,P1_minus_B3,0.0,0.0,0.0,0.0,0.0,0.0
0.01,1,seen,harsh,clear,P1_minus_B3,0.0,0.0,0.0,0.0,-0.0008680555555555802,0.0
0.01,1,seen,harsh,vertical_mid,P1_minus_B3,0.0,,0.0,0.0,-0.00347222222222221,0.0
0.01,1,seen,standard,__all__,P1_minus_B3,0.0,0.0,0.0,0.0,0.0057870370370369795,0.0
0.01,1,seen,standard,central_furniture,P1_minus_B3,0.0,0.0,0.0,0.0,-0.0078125,0.0
0.01,1,seen,standard,clear,P1_minus_B3,0.0,0.0,0.0,0.0,0.00347222222222221,0.0
0.01,1,seen,standard,vertical_mid,P1_minus_B3,0.0,0.0,0.0,0.0,0.02864583333333337,0.0
0.01,1,unseen,__all__,__all__,P1_minus_B3,0.0,0.0,0.0,0.0,0.007039930555555518,0.0
0.01,1,unseen,__all__,horizontal_new,P1_minus_B3,0.0,,0.0,0.0,0.02777777777777779,0.0
0.01,1,unseen,__all__,low_new,P1_minus_B3,0.0,0.0,0.0,0.0,0.00868055555555558,0.0
0.01,1,unseen,__all__,two_new,P1_minus_B3,0.0,0.0,0.0,0.0,0.0075954861111111605,0.0
0.01,1,unseen,__all__,vertical_new,P1_minus_B3,0.0,0.0,0.0,0.0,0.01019965277777779,0.0
0.01,1,unseen,__all__,wide_new,P1_minus_B3,0.0,0.0,0.0,0.0,-0.004991319444444531,0.0
0.01,1,unseen,harsh,__all__,P1_minus_B3,0.0,0.0,0.0,0.0,-0.000590277777777759,0.0
0.01,1,unseen,harsh,horizontal_new,P1_minus_B3,0.0,,0.0,0.0,-0.003472222222222321,0.0
0.01,1,unseen,harsh,low_new,P1_minus_B3,0.0,0.0,0.0,0.0,0.0,0.0
0.01,1,unseen,harsh,two_new,P1_minus_B3,0.0,0.0,0.0,0.0,0.0,0.0
0.01,1,unseen,harsh,vertical_new,P1_minus_B3,0.0,,0.0,0.0,0.0,0.0
0.01,1,unseen,harsh,wide_new,P1_minus_B3,0.0,0.0,0.0,0.0,0.0,0.0
0.01,1,unseen,standard,__all__,P1_minus_B3,0.0,0.0,0.0,0.0,0.00940972222222225,0.0
0.01,1,unseen,standard,horizontal_new,P1_minus_B3,0.0,,0.0,0.0,0.03645833333333326,0.0
0.01,1,unseen,standard,low_new,P1_minus_B3,0.0,,0.0,0.0,0.00694444444444442,0.0
0.01,1,unseen,standard,two_new,P1_minus_B3,0.0,,0.0,0.0,0.00347222222222221,0.0
0.01,1,unseen,standard,vertical_new,P1_minus_B3,0.0,0.0,0.0,0.0,0.01475694444444442,0.0
0.01,1,unseen,standard,wide_new,P1_minus_B3,0.0,0.0,0.0,0.0,-0.01388888888888884,0.0
0.01,2,all,__all__,__all__,P1_minus_B3,0.0,0.0,0.0,0.0,-0.007232666015625,0.0
0.01,2,seen,__all__,__all__,P1_minus_B3,0.0,0.0,0.0,0.0,-0.017698688271604923,0.0
0.01,2,seen,__all__,central_furniture,P1_minus_B3,0.0,0.0,0.0,0.0,-0.01888020833333337,0.0
0.01,2,seen,__all__,clear,P1_minus_B3,0.0,0.0,0.0,0.0,-0.0032552083333333703,0.0
0.01,2,seen,__all__,vertical_mid,P1_minus_B3,0.0,,0.0,0.0,-0.00434027777777779,0.0
0.01,2,seen,harsh,__all__,P1_minus_B3,0.0,-0.1071428571428571,-0.0018987341772152,0.0,-0.002411265432098797,0.006944444444444444
0.01,2,seen,harsh,central_furniture,P1_minus_B3,0.0,0.0,0.0,0.0,0.0,0.0
0.01,2,seen,harsh,clear,P1_minus_B3,0.0,-0.25,-0.007936507936507936,0.0,-0.0060763888888888395,0.020833333333333332
0.01,2,seen,harsh,vertical_mid,P1_minus_B3,0.0,,0.0,0.0,0.0,0.0
0.01,2,seen,standard,__all__,P1_minus_B3,0.0,0.0,0.0,0.0,-0.042727623456790154,-0.006944444444444444
0.01,2,seen,standard,central_furniture,P1_minus_B3,0.0,,0.0,0.0,-0.07118055555555558,0.0
0.01,2,seen,standard,clear,P1_minus_B3,0.0,0.0,0.0,0.0,0.00347222222222221,-0.020833333333333332
0.01,2,seen,standard,vertical_mid,P1_minus_B3,0.0,,0.0,0.0,-0.06770833333333331,0.0
0.01,2,unseen,__all__,__all__,P1_minus_B3,0.0,0.0,0.0,0.0,0.0003906250000000888,0.0
0.01,2,unseen,__all__,horizontal_new,P1_minus_B3,0.0,,0.0,0.0,0.04058159722222221,0.0
0.01,2,unseen,__all__,low_new,P1_minus_B3,0.0,0.0,0.0,0.0,0.01236979166666674,0.0
0.01,2,unseen,__all__,two_new,P1_minus_B3,0.0,0.0,0.0,0.0,0.006727430555555469,0.0
0.01,2,unseen,__all__,vertical_new,P1_minus_B3,0.0,,0.0,0.0,-0.0026041666666667407,0.0
0.01,2,unseen,__all__,wide_new,P1_minus_B3,0.0,0.0,0.0,0.0,-0.0234375,0.0
0.01,2,unseen,harsh,__all__,P1_minus_B3,0.0,0.0,0.0,0.0,-0.0040972222222221966,0.0
0.01,2,unseen,harsh,horizontal_new,P1_minus_B3,0.0,,0.0,0.0,-0.03211805555555558,0.0
0.01,2,unseen,harsh,low_new,P1_minus_B3,0.0,0.0,0.0,0.0,0.0,0.0
0.01,2,unseen,harsh,two_new,P1_minus_B3,0.0,0.0,0.0,0.0,0.0,0.0
0.01,2,unseen,harsh,vertical_new,P1_minus_B3,0.0,,0.0,0.0,0.0,0.0
0.01,2,unseen,harsh,wide_new,P1_minus_B3,0.0,0.0,0.0,0.0,0.0,0.0
0.01,2,unseen,standard,__all__,P1_minus_B3,0.0,,0.0,0.0,-0.009687500000000071,0.0
0.01,2,unseen,standard,horizontal_new,P1_minus_B3,0.0,,0.0,0.0,0.08159722222222221,0.0
0.01,2,unseen,standard,low_new,P1_minus_B3,0.0,,0.0,0.0,0.02690972222222221,0.0
0.01,2,unseen,standard,two_new,P1_minus_B3,0.0,,0.0,0.0,0.01649305555555558,0.0
0.01,2,unseen,standard,vertical_new,P1_minus_B3,0.0,,0.0,0.0,-0.07725694444444442,0.0
0.01,2,unseen,standard,wide_new,P1_minus_B3,0.0,,0.0,0.0,-0.07291666666666669,0.0
0.01,3,all,__all__,__all__,P1_minus_B3,0.0,-0.047794117647058876,-0.00016209476309227144,0.0,-0.008087158203125,0.001302083333333333
0.01,3,seen,__all__,__all__,P1_minus_B3,0.0,-0.05769230769230771,-0.0007349338559529683,0.0,-0.01649305555555558,0.003472222222222222
0.01,3,seen,__all__,central_furniture,P1_minus_B3,0.0,0.0,0.0,0.0,-0.01627604166666663,0.0
0.01,3,seen,__all__,clear,P1_minus_B3,0.0,-0.06060606060606066,-0.004519774011299438,0.0,0.0,0.010416666666666664
0.01,3,seen,__all__,vertical_mid,P1_minus_B3,0.0,,0.0,0.0,-0.00499131944444442,0.0
0.01,3,seen,harsh,__all__,P1_minus_B3,0.0,-0.08181818181818179,-0.0026447252424331436,0.0,-0.0025077160493827133,0.006944444444444444
0.01,3,seen,harsh,central_furniture,P1_minus_B3,0.0,0.0,0.0,0.0,0.0,0.0
0.01,3,seen,harsh,clear,P1_minus_B3,0.0,-0.0888888888888888,-0.014260249554367221,0.0,-0.006076388888888951,0.020833333333333332
0.01,3,seen,harsh,vertical_mid,P1_minus_B3,0.0,,0.0,0.0,-0.0026041666666666297,0.0
0.01,3,seen,standard,__all__,P1_minus_B3,0.0,0.0,0.0,0.0,-0.05005787037037046,0.0
0.01,3,seen,standard,central_furniture,P1_minus_B3,0.0,,0.0,0.0,-0.04253472222222221,0.0
0.01,3,seen,standard,clear,P1_minus_B3,0.0,0.0,0.0,0.0,0.0026041666666666297,0.0
0.01,3,seen,standard,vertical_mid,P1_minus_B3,0.0,,0.0,0.0,-0.10069444444444442,0.0
0.01,3,unseen,__all__,__all__,P1_minus_B3,0.0,0.0,0.0,0.0,-0.0016319444444444775,0.0
0.01,3,unseen,__all__,horizontal_new,P1_minus_B3,0.0,,0.0,0.0,0.05208333333333326,0.0
0.01,3,unseen,__all__,low_new,P1_minus_B3,0.0,0.0,0.0,0.0,0.00846354166666663,0.0
0.01,3,unseen,__all__,two_new,P1_minus_B3,0.0,0.0,0.0,0.0,0.0032552083333333703,0.0
0.01,3,unseen,__all__,vertical_new,P1_minus_B3,0.0,,0.0,0.0,-0.0015190972222222099,0.0
0.01,3,unseen,__all__,wide_new,P1_minus_B3,0.0,0.0,0.0,0.0,-0.025390625,0.0
0.01,3,unseen,harsh,__all__,P1_minus_B3,0.0,0.0,0.0,0.0,-0.003958333333333286,0.0
0.01,3,unseen,harsh,horizontal_new,P1_minus_B3,0.0,,0.0,0.0,-0.03125,0.0
0.01,3,unseen,harsh,low_new,P1_minus_B3,0.0,0.0,0.0,0.0,0.0,0.0
0.01,3,unseen,harsh,two_new,P1_minus_B3,0.0,0.0,0.0,0.0,0.0,0.0
0.01,3,unseen,harsh,vertical_new,P1_minus_B3,0.0,,0.0,0.0,0.0,0.0
0.01,3,unseen,harsh,wide_new,P1_minus_B3,0.0,0.0,0.0,0.0,0.0,0.0
0.01,3,unseen,standard,__all__,P1_minus_B3,0.0,,0.0,0.0,-0.043923611111111094,0.0
0.01,3,unseen,standard,horizontal_new,P1_minus_B3,0.0,,0.0,0.0,-0.00694444444444442,0.0
0.01,3,unseen,standard,low_new,P1_minus_B3,0.0,,0.0,0.0,0.0008680555555555802,0.0
0.01,3,unseen,standard,two_new,P1_minus_B3,0.0,,0.0,0.0,-0.01736111111111116,0.0
0.01,3,unseen,standard,vertical_new,P1_minus_B3,0.0,,0.0,0.0,-0.11631944444444442,0.0
0.01,3,unseen,standard,wide_new,P1_minus_B3,0.0,,0.0,0.0,-0.05989583333333337,0.0
0.01,4,all,__all__,__all__,P1_minus_B3,0.0,0.0,0.0,0.0,0.00011867947048616045,0.0
0.01,4,seen,__all__,__all__,P1_minus_B3,0.0,0.0,0.0,0.0,-0.0013020833333333703,0.0
0.01,4,seen,__all__,central_furniture,P1_minus_B3,0.0,0.0,0.0,0.0,-0.017578125,0.0
0.01,4,seen,__all__,clear,P1_minus_B3,0.0,0.0,0.0,0.0,0.004557291666666741,0.0
0.01,4,seen,__all__,vertical_mid,P1_minus_B3,0.0,,0.0,0.0,0.02560763888888895,0.0
0.01,4,seen,harsh,__all__,P1_minus_B3,0.0,-0.0636363636363636,-0.0020570085218924727,0.0,-0.0007716049382716639,0.006944444444444444
0.01,4,seen,harsh,central_furniture,P1_minus_B3,0.0,0.0,0.0,0.0,0.0,0.0
0.01,4,seen,harsh,clear,P1_minus_B3,0.0,-0.06666666666666665,-0.010695187165775388,0.0,-0.0008680555555554692,0.02083333333333333
0.01,4,seen,harsh,vertical_mid,P1_minus_B3,0.0,,0.0,0.0,0.0,0.0
0.01,4,seen,standard,__all__,P1_minus_B3,0.0,0.0,0.0,0.0,-0.009066358024691357,-0.006944444444444444
0.01,4,seen,standard,central_furniture,P1_minus_B3,0.0,,0.0,0.0,-0.045138888888888895,0.0
0.01,4,seen,standard,clear,P1_minus_B3,0.0,0.0,0.0,0.0,0.008680555555555525,-0.020833333333333332
0.01,4,seen,standard,vertical_mid,P1_minus_B3,0.0,,0.0,0.0,-0.01215277777777779,0.0
0.01,4,unseen,__all__,__all__,P1_minus_B3,0.0,0.0,0.0,0.0,0.003498263888888853,0.0
0.01,4,unseen,__all__,horizontal_new,P1_minus_B3,0.0,,0.0,0.0,0.0625,0.0
0.01,4,unseen,__all__,low_new,P1_minus_B3,0.0,0.0,0.0,0.0,0.009331597222222321,0.0
0.01,4,unseen,__all__,two_new,P1_minus_B3,0.0,,0.0,0.0,0.00021701388888883955,0.0
0.01,4,unseen,__all__,vertical_new,P1_minus_B3,0.0,,0.0,0.0,0.01605902777777779,0.0
0.01,4,unseen,__all__,wide_new,P1_minus_B3,0.0,,0.0,0.0,-0.02669270833333337,0.0
0.01,4,unseen,harsh,__all__,P1_minus_B3,0.0,0.0,0.0,0.0,-0.002256944444444464,0.0
0.01,4,unseen,harsh,horizontal_new,P1_minus_B3,0.0,,0.0,0.0,-0.01822916666666674,0.0
0.01,4,unseen,harsh,low_new,P1_minus_B3,0.0,0.0,0.0,0.0,0.0,0.0
0.01,4,unseen,harsh,two_new,P1_minus_B3,0.0,,0.0,0.0,0.0,0.0
0.01,4,unseen,harsh,vertical_new,P1_minus_B3,0.0,,0.0,0.0,0.0,0.0
0.01,4,unseen,harsh,wide_new,P1_minus_B3,0.0,,0.0,0.0,0.0,0.0
0.01,4,unseen,standard,__all__,P1_minus_B3,0.0,,0.0,0.0,0.00024305555555553804,0.0
0.01,4,unseen,standard,horizontal_new,P1_minus_B3,0.0,,0.0,0.0,0.09635416666666663,0.0
0.01,4,unseen,standard,low_new,P1_minus_B3,0.0,,0.0,0.0,0.0,0.0
0.01,4,unseen,standard,two_new,P1_minus_B3,0.0,,0.0,0.0,0.01822916666666674,0.0
0.01,4,unseen,standard,vertical_new,P1_minus_B3,0.0,,0.0,0.0,-0.03993055555555558,0.0
0.01,4,unseen,standard,wide_new,P1_minus_B3,0.0,,0.0,0.0,-0.05034722222222221,0.0
0.025,0,all,__all__,__all__,P1_minus_B3,0.010416666666666671,0.14814814814814814,0.019464720194647206,0.0,0.0019293891059027901,-0.005208333333333333
0.025,0,seen,__all__,__all__,P1_minus_B3,0.02083333333333333,0.10769230769230775,0.036293714697752666,0.0,0.0020495756172839164,-0.003472222222222222
0.025,0,seen,__all__,central_furniture,P1_minus_B3,0.04166666666666667,0.2333333333333334,0.07197763801537385,0.0,-0.0036892361111111605,-0.010416666666666666
0.025,0,seen,__all__,clear,P1_minus_B3,0.020833333333333343,0.02777777777777779,0.03132832080200501,0.0,-0.0006510416666666297,0.0
0.025,0,seen,__all__,vertical_mid,P1_minus_B3,0.0,,0.0,0.0,0.01519097222222221,0.0
0.025,0,seen,harsh,__all__,P1_minus_B3,0.04166666666666666,0.023076923076923106,0.06284074605451936,0.0,-0.0006751543209876365,0.0
0.025,0,seen,harsh,central_furniture,P1_minus_B3,0.08333333333333334,0.08333333333333337,0.11904761904761904,0.0,0.0,0.0
0.025,0,seen,harsh,clear,P1_minus_B3,0.041666666666666685,0.0,0.05161290322580642,0.0,-0.0017361111111111605,0.0
0.025,0,seen,harsh,vertical_mid,P1_minus_B3,0.0,,0.0,0.0,-0.0008680555555555802,0.0
0.025,0,seen,standard,__all__,P1_minus_B3,0.0,0.0,0.0,0.0,-0.010223765432098797,-0.006944444444444444
0.025,0,seen,standard,central_furniture,P1_minus_B3,0.0,,0.0,0.0,-0.01996527777777779,-0.020833333333333332
0.025,0,seen,standard,clear,P1_minus_B3,0.0,0.0,0.0,0.0,0.00434027777777779,0.0
0.025,0,seen,standard,vertical_mid,P1_minus_B3,0.0,,0.0,0.0,-0.03385416666666663,0.0
0.025,0,unseen,__all__,__all__,P1_minus_B3,0.004166666666666666,0.20238095238095233,0.008561429821272337,0.0,0.0023697916666666208,-0.00625
0.025,0,unseen,__all__,horizontal_new,P1_minus_B3,0.0,,0.0,0.0,0.01909722222222221,0.0
0.025,0,unseen,__all__,low_new,P1_minus_B3,0.02083333333333333,0.25,0.038461538461538464,0.0,0.0078125,-0.010416666666666666
0.025,0,unseen,__all__,two_new,P1_minus_B3,0.0,0.25,0.002262443438914019,0.0,0.009765625,-0.010416666666666666
0.025,0,unseen,__all__,vertical_new,P1_minus_B3,0.0,,0.0,0.0,0.00737847222222221,0.0
0.025,0,unseen,__all__,wide_new,P1_minus_B3,0.0,0.13333333333333341,0.0027952480782669487,0.0,-0.01063368055555547,-0.010416666666666666
0.025,0,unseen,harsh,__all__,P1_minus_B3,0.008333333333333331,0.007575757575757569,0.013994910941475813,0.0,-0.001979166666666643,0.0
0.025,0,unseen,harsh,horizontal_new,P1_minus_B3,0.0,,0.0,0.0,-0.01388888888888884,0.0
0.025,0,unseen,harsh,low_new,P1_minus_B3,0.04166666666666666,0.0,0.06349206349206349,0.0,0.0,0.0
0.025,0,unseen,harsh,two_new,P1_minus_B3,0.0,0.0,0.0,0.0,0.0,0.0
0.025,0,unseen,harsh,vertical_new,P1_minus_B3,0.0,,0.0,0.0,0.0,0.0
0.025,0,unseen,harsh,wide_new,P1_minus_B3,0.0,0.0,0.0,0.0,0.0,0.0
0.025,0,unseen,standard,__all__,P1_minus_B3,0.0,,0.0,0.0,-0.006354166666666661,-0.0125
0.025,0,unseen,standard,horizontal_new,P1_minus_B3,0.0,,0.0,0.0,0.03559027777777779,0.0
0.025,0,unseen,standard,low_new,P1_minus_B3,0.0,,0.0,0.0,0.00868055555555558,-0.020833333333333332
0.025,0,unseen,standard,two_new,P1_minus_B3,0.0,,0.0,0.0,0.00868055555555558,-0.020833333333333332
0.025,0,unseen,standard,vertical_new,P1_minus_B3,0.0,,0.0,0.0,-0.04340277777777768,0.0
0.025,0,unseen,standard,wide_new,P1_minus_B3,0.0,,0.0,0.0,-0.02430555555555558,-0.020833333333333332
0.025,1,all,__all__,__all__,P1_minus_B3,0.015625,0.04761904761904767,0.0279515761716409,0.0,0.005215115017361049,0.0013020833333333322
0.025,1,seen,__all__,__all__,P1_minus_B3,0.020833333333333343,0.02083333333333337,0.03493589743589745,0.0,0.003592785493827133,0.0034722222222222238
0.025,1,seen,__all__,central_furniture,P1_minus_B3,0.020833333333333336,0.08333333333333337,0.036953242835595784,0.0,0.00672743055555558,0.0
0.025,1,seen,__all__,clear,P1_minus_B3,0.02083333333333333,-0.04761904761904767,0.02870813397129185,0.0,0.0015190972222222099,0.010416666666666668
0.025,1,seen,__all__,vertical_mid,P1_minus_B3,0.020833333333333332,0.16666666666666663,0.038431372549019606,0.0,0.00954861111111116,0.0
0.025,1,seen,harsh,__all__,P1_minus_B3,0.041666666666666685,-0.08333333333333337,0.06190476190476191,0.0,-0.0003858024691357764,0.006944444444444444
0.025,1,seen,harsh,central_furniture,P1_minus_B3,0.04166666666666667,0.0,0.06837606837606836,0.0,0.0,0.0
0.025,1,seen,harsh,clear,P1_minus_B3,0.04166666666666666,-0.1428571428571429,0.0422691879866518,0.0,0.0,0.020833333333333332
0.025,1,seen,harsh,vertical_mid,P1_minus_B3,0.041666666666666664,0.0,0.07384615384615385,0.0,-0.0008680555555554692,0.0
0.025,1,seen,standard,__all__,P1_minus_B3,0.0,0.0,0.0,0.0,-0.0005787037037037202,0.0
0.025,1,seen,standard,central_furniture,P1_minus_B3,0.0,0.0,0.0,0.0,-0.00347222222222221,0.0
0.025,1,seen,standard,clear,P1_minus_B3,0.0,0.0,0.0,0.0,0.0,0.0
0.025,1,seen,standard,vertical_mid,P1_minus_B3,0.0,0.0,0.0,0.0,0.006076388888888951,0.0
0.025,1,unseen,__all__,__all__,P1_minus_B3,0.012499999999999997,0.08333333333333337,0.023235800344234073,0.0,0.00658854166666667,0.0
0.025,1,unseen,__all__,horizontal_new,P1_minus_B3,0.0,,0.0,0.0,0.01888020833333326,0.0
0.025,1,unseen,__all__,low_new,P1_minus_B3,0.041666666666666664,0.13333333333333341,0.07251202367739548,0.0,0.01019965277777779,0.0
0.025,1,unseen,__all__,two_new,P1_minus_B3,0.0,0.0,0.0,0.0,0.00238715277777779,0.0
0.025,1,unseen,__all__,vertical_new,P1_minus_B3,0.020833333333333332,0.5,0.04,0.0,0.005642361111111049,0.0
0.025,1,unseen,__all__,wide_new,P1_minus_B3,0.0,0.0,0.0,0.0,0.00672743055555558,0.0
0.025,1,unseen,harsh,__all__,P1_minus_B3,0.024999999999999994,-0.09999999999999998,0.043223443223443236,0.0,-0.0001388888888889106,0.004166666666666667
0.025,1,unseen,harsh,horizontal_new,P1_minus_B3,0.0,,0.0,0.0,-0.0017361111111111605,0.0
0.025,1,unseen,harsh,low_new,P1_minus_B3,0.08333333333333333,-0.19999999999999996,0.12201591511936338,0.0,0.0,0.020833333333333332
0.025,1,unseen,harsh,two_new,P1_minus_B3,0.0,0.0,0.0,0.0,0.0,0.0
0.025,1,unseen,harsh,vertical_new,P1_minus_B3,0.041666666666666664,,0.08,0.0,0.0,0.0
0.025,1,unseen,harsh,wide_new,P1_minus_B3,0.0,0.0,0.0,0.0,0.0,0.0
0.025,1,unseen,standard,__all__,P1_minus_B3,0.0,0.0,0.0,0.0,0.0010416666666667185,-0.0041666666666666675
0.025,1,unseen,standard,horizontal_new,P1_minus_B3,0.0,,0.0,0.0,0.00694444444444442,0.0
0.025,1,unseen,standard,low_new,P1_minus_B3,0.0,,0.0,0.0,0.004340277777777679,-0.020833333333333332
0.025,1,unseen,standard,two_new,P1_minus_B3,0.0,,0.0,0.0,-0.0017361111111110494,0.0
0.025,1,unseen,standard,vertical_new,P1_minus_B3,0.0,0.0,0.0,0.0,0.0026041666666666297,0.0
0.025,1,unseen,standard,wide_new,P1_minus_B3,0.0,0.0,0.0,0.0,0.0008680555555555802,0.0
0.025,2,all,__all__,__all__,P1_minus_B3,0.0026041666666666644,-0.011363636363636354,0.004563894523326575,0.0,-0.0063510470920138395,0.001302083333333334
0.025,2,seen,__all__,__all__,P1_minus_B3,0.006944444444444441,-0.011904761904761973,0.011522233041220381,0.0,-0.01634837962962965,0.0034722222222222203
0.025,2,seen,__all__,central_furniture,P1_minus_B3,0.02083333333333333,0.050000000000000044,0.0355587808417997,0.0,-0.01801215277777768,0.0
0.025,2,seen,__all__,clear,P1_minus_B3,0.0,0.0,0.0,0.0,-0.0021701388888888395,0.0
0.025,2,seen,__all__,vertical_mid,P1_minus_B3,0.0,,0.0,0.0,-0.00390625,0.010416666666666666
0.025,2,seen,harsh,__all__,P1_minus_B3,0.013888888888888881,-0.11111111111111116,0.01763668430335097,0.0,-0.0023148148148148806,0.013888888888888888
0.025,2,seen,harsh,central_furniture,P1_minus_B3,0.04166666666666666,0.050000000000000044,0.061576354679802964,0.0,0.0,0.0
0.025,2,seen,harsh,clear,P1_minus_B3,0.0,-0.13333333333333341,-0.009195402298850575,0.0,-0.0060763888888888395,0.020833333333333332
0.025,2,seen,harsh,vertical_mid,P1_minus_B3,0.0,,0.0,0.0,0.0,0.020833333333333332
0.025,2,seen,standard,__all__,P1_minus_B3,0.0,0.0,0.0,0.0,-0.043016975308642014,-0.006944444444444444
0.025,2,seen,standard,central_furniture,P1_minus_B3,0.0,,0.0,0.0,-0.07204861111111116,0.0
0.025,2,seen,standard,clear,P1_minus_B3,0.0,0.0,0.0,0.0,0.00347222222222221,-0.020833333333333336
0.025,2,seen,standard,vertical_mid,P1_minus_B3,0.0,,0.0,0.0,-0.06770833333333331,0.0
0.025,2,unseen,__all__,__all__,P1_minus_B3,0.0,0.0,0.0,0.0,0.0010850694444444198,0.0
0.025,2,unseen,__all__,horizontal_new,P1_minus_B3,0.0,,0.0,0.0,0.03819444444444442,0.0
0.025,2,unseen,__all__,low_new,P1_minus_B3,0.0,0.0,0.0,0.0,0.00889756944444453,0.0
0.025,2,unseen,__all__,two_new,P1_minus_B3,0.0,0.0,0.0,0.0,0.00390625,0.0
0.025,2,unseen,__all__,vertical_new,P1_minus_B3,0.0,,0.0,0.0,-0.0021701388888889506,0.0
0.025,2,unseen,__all__,wide_new,P1_minus_B3,0.0,0.0,0.0,0.0,-0.02039930555555558,0.0
0.025,2,unseen,harsh,__all__,P1_minus_B3,0.0,0.0,0.0,0.0,-0.003958333333333286,0.0
0.025,2,unseen,harsh,horizontal_new,P1_minus_B3,0.0,,0.0,0.0,-0.03211805555555558,0.0
0.025,2,unseen,harsh,low_new,P1_minus_B3,0.0,0.0,0.0,0.0,0.0,0.0
0.025,2,unseen,harsh,two_new,P1_minus_B3,0.0,0.0,0.0,0.0,0.0,0.0
0.025,2,unseen,harsh,vertical_new,P1_minus_B3,0.0,,0.0,0.0,0.0,0.0
0.025,2,unseen,harsh,wide_new,P1_minus_B3,0.0,0.0,0.0,0.0,0.0,0.0
0.025,2,unseen,standard,__all__,P1_minus_B3,0.0,,0.0,0.0,-0.01142361111111112,0.0
0.025,2,unseen,standard,horizontal_new,P1_minus_B3,0.0,,0.0,0.0,0.08159722222222221,0.0
0.025,2,unseen,standard,low_new,P1_minus_B3,0.0,,0.0,0.0,0.02083333333333337,0.0
0.025,2,unseen,standard,two_new,P1_minus_B3,0.0,,0.0,0.0,0.01388888888888884,0.0
0.025,2,unseen,standard,vertical_new,P1_minus_B3,0.0,,0.0,0.0,-0.07725694444444442,0.0
0.025,2,unseen,standard,wide_new,P1_minus_B3,0.0,,0.0,0.0,-0.07378472222222227,0.0
0.025,3,all,__all__,__all__,P1_minus_B3,0.0078125,-0.07539682539682546,0.012436430883032826,0.0,0.0030483669704861605,0.006510416666666666
0.025,3,seen,__all__,__all__,P1_minus_B3,0.0,-0.10666666666666658,-0.004016496324188629,0.0,-0.004388503086419804,0.013888888888888892
0.025,3,seen,__all__,central_furniture,P1_minus_B3,0.0,-0.16666666666666663,-0.0034940600978337066,0.0,-0.00868055555555558,0.010416666666666666
0.025,3,seen,__all__,clear,P1_minus_B3,0.0,-0.08881578947368424,-0.012593283582089554,0.0,0.0010850694444444198,0.03125
0.025,3,seen,__all__,vertical_mid,P1_minus_B3,0.0,,0.0,0.0,0.01540798611111116,0.0
0.025,3,seen,harsh,__all__,P1_minus_B3,0.0,-0.1690821256038647,-0.016374269005847986,0.0,-0.0014467592592593004,0.034722222222222224
0.025,3,seen,harsh,central_furniture,P1_minus_B3,0.0,-0.16666666666666663,-0.01149425287356326,0.0,0.0,0.020833333333333332
0.025,3,seen,harsh,clear,P1_minus_B3,0.0,-0.16289592760180993,-0.04746209624258407,0.0,-0.003472222222222321,0.08333333333333333
0.025,3,seen,harsh,vertical_mid,P1_minus_B3,0.0,,0.0,0.0,-0.0026041666666666297,0.0
0.025,3,seen,standard,__all__,P1_minus_B3,0.0,0.0,0.0,0.0,-0.03587962962962965,-0.006944444444444444
0.025,3,seen,standard,central_furniture,P1_minus_B3,0.0,,0.0,0.0,-0.02430555555555558,0.0
0.025,3,seen,standard,clear,P1_minus_B3,0.0,0.0,0.0,0.0,0.0026041666666666297,-0.020833333333333336
0.025,3,seen,standard,vertical_mid,P1_minus_B3,0.0,,0.0,0.0,-0.08940972222222221,0.0
0.025,3,unseen,__all__,__all__,P1_minus_B3,0.012499999999999997,-0.03896103896103886,0.023130151458941567,0.0,0.009505208333333348,0.0020833333333333333
0.025,3,unseen,__all__,horizontal_new,P1_minus_B3,0.0,,0.0,0.0,0.06814236111111116,0.0
0.025,3,unseen,__all__,low_new,P1_minus_B3,0.0,0.0,0.0,0.0,0.007595486111111049,0.0
0.025,3,unseen,__all__,two_new,P1_minus_B3,0.020833333333333332,-0.33333333333333337,0.037615046018407365,0.0,0.00911458333333337,0.010416666666666666
0.025,3,unseen,__all__,vertical_new,P1_minus_B3,0.0,,0.0,0.0,0.01280381944444442,0.0
0.025,3,unseen,__all__,wide_new,P1_minus_B3,0.04166666666666667,0.0,0.07683073229291718,0.0,-0.01041666666666674,0.0
0.025,3,unseen,harsh,__all__,P1_minus_B3,0.024999999999999994,-0.18181818181818177,0.04216648491457653,0.0,-0.002361111111111036,0.008333333333333333
0.025,3,unseen,harsh,horizontal_new,P1_minus_B3,0.0,,0.0,0.0,-0.01822916666666663,0.0
0.025,3,unseen,harsh,low_new,P1_minus_B3,0.0,-0.19999999999999996,-0.009852216748768461,0.0,0.0,0.020833333333333332
0.025,3,unseen,harsh,two_new,P1_minus_B3,0.041666666666666664,-0.33333333333333337,0.06814814814814814,0.0,0.0,0.020833333333333332
0.025,3,unseen,harsh,vertical_new,P1_minus_B3,0.0,,0.0,0.0,0.0,0.0
0.025,3,unseen,harsh,wide_new,P1_minus_B3,0.08333333333333334,0.0,0.1422222222222222,0.0,0.0,0.0
0.025,3,unseen,standard,__all__,P1_minus_B3,0.0,,0.0,0.0,-0.031493055555555594,-0.004166666666666667
0.025,3,unseen,standard,horizontal_new,P1_minus_B3,0.0,,0.0,0.0,0.00434027777777779,0.0
0.025,3,unseen,standard,low_new,P1_minus_B3,0.0,,0.0,0.0,0.00520833333333337,-0.020833333333333332
0.025,3,unseen,standard,two_new,P1_minus_B3,0.0,,0.0,0.0,-0.00520833333333337,0.0
0.025,3,unseen,standard,vertical_new,P1_minus_B3,0.0,,0.0,0.0,-0.109375,0.0
0.025,3,unseen,standard,wide_new,P1_minus_B3,0.0,,0.0,0.0,-0.04079861111111105,0.0
0.025,4,all,__all__,__all__,P1_minus_B3,0.010416666666666668,-0.07013574660633493,0.018307888814548992,0.0,-0.00032212999131941977,0.006510416666666666
0.025,4,seen,__all__,__all__,P1_minus_B3,0.0069444444444444475,-0.12142857142857139,0.008490274776165485,0.0,-0.0013261959876542662,0.017361111111111115
0.025,4,seen,__all__,central_furniture,P1_minus_B3,0.0,0.0,0.0,0.0,-0.01497395833333326,0.0
0.025,4,seen,__all__,clear,P1_minus_B3,0.020833333333333343,-0.1111111111111111,0.012121212121212116,0.0,0.001953125,0.05208333333333333
0.025,4,seen,__all__,vertical_mid,P1_minus_B3,0.0,,0.0,0.0,0.02387152777777779,0.0
0.025,4,seen,harsh,__all__,P1_minus_B3,0.013888888888888895,-0.16666666666666663,0.009523809523809545,0.0,-0.0004822530864198038,0.034722222222222224
0.025,4,seen,harsh,central_furniture,P1_minus_B3,0.0,0.0,0.0,0.0,0.0,0.0
0.025,4,seen,harsh,clear,P1_minus_B3,0.041666666666666685,-0.16249999999999998,-0.0029411764705882804,0.0,0.0,0.10416666666666667
0.025,4,seen,harsh,vertical_mid,P1_minus_B3,0.0,,0.0,0.0,0.0,0.0
0.025,4,seen,standard,__all__,P1_minus_B3,0.0,0.0,0.0,0.0,-0.01070601851851849,0.0
0.025,4,seen,standard,central_furniture,P1_minus_B3,0.0,,0.0,0.0,-0.03559027777777779,0.0
0.025,4,seen,standard,clear,P1_minus_B3,0.0,0.0,0.0,0.0,0.0078125,0.0
0.025,4,seen,standard,vertical_mid,P1_minus_B3,0.0,,0.0,0.0,-0.034722222222222265,0.0
0.025,4,unseen,__all__,__all__,P1_minus_B3,0.0125,0.0,0.024089129780186694,0.0,0.0024739583333334147,0.0
0.025,4,unseen,__all__,horizontal_new,P1_minus_B3,0.0,,0.0,0.0,0.05056423611111105,0.0
0.025,4,unseen,__all__,low_new,P1_minus_B3,0.04166666666666667,0.0,0.07683073229291718,0.0,0.00911458333333337,0.0
0.025,4,unseen,__all__,two_new,P1_minus_B3,0.0,0.0,0.0,0.0,0.0013020833333333703,0.0
0.025,4,unseen,__all__,vertical_new,P1_minus_B3,0.0,,0.0,0.0,0.01280381944444442,0.0
0.025,4,unseen,__all__,wide_new,P1_minus_B3,0.020833333333333332,0.0,0.03918367346938776,0.0,-0.02365451388888884,0.0
0.025,4,unseen,harsh,__all__,P1_minus_B3,0.025,0.0,0.04645760743321718,0.0,-0.0016666666666667052,0.0
0.025,4,unseen,harsh,horizontal_new,P1_minus_B3,0.0,,0.0,0.0,-0.01302083333333337,0.0
0.025,4,unseen,harsh,low_new,P1_minus_B3,0.08333333333333334,0.0,0.1422222222222222,0.0,0.0,0.0
0.025,4,unseen,harsh,two_new,P1_minus_B3,0.0,0.0,0.0,0.0,0.0,0.0
0.025,4,unseen,harsh,vertical_new,P1_minus_B3,0.0,,0.0,0.0,0.0,0.0
0.025,4,unseen,harsh,wide_new,P1_minus_B3,0.041666666666666664,0.0,0.07384615384615385,0.0,0.0,0.0
0.025,4,unseen,standard,__all__,P1_minus_B3,0.0,,0.0,0.0,-0.005416666666666681,0.0
0.025,4,unseen,standard,horizontal_new,P1_minus_B3,0.0,,0.0,0.0,0.05555555555555558,0.0
0.025,4,unseen,standard,low_new,P1_minus_B3,0.0,,0.0,0.0,0.00347222222222221,0.0
0.025,4,unseen,standard,two_new,P1_minus_B3,0.0,,0.0,0.0,0.02083333333333337,0.0
0.025,4,unseen,standard,vertical_new,P1_minus_B3,0.0,,0.0,0.0,-0.06336805555555558,0.0
0.025,4,unseen,standard,wide_new,P1_minus_B3,0.0,,0.0,0.0,-0.035590277777777735,0.0
0.05,0,all,__all__,__all__,P1_minus_B3,0.0026041666666666574,0.06167706167706166,0.005312129737257337,0.0,0.003814697265625,-0.003906250000000002
0.05,0,seen,__all__,__all__,P1_minus_B3,0.0,0.053830227743271286,0.0018871348212665395,0.0,0.004026813271604923,-0.0069444444444444475
0.05,0,seen,__all__,central_furniture,P1_minus_B3,0.02083333333333333,0.2321428571428571,0.039610389610389596,0.0,-0.0028211805555555802,-0.020833333333333336
0.05,0,seen,__all__,clear,P1_minus_B3,-0.020833333333333315,-0.033333333333333326,-0.028161802355350735,0.0,0.0015190972222222099,0.0
0.05,0,seen,__all__,vertical_mid,P1_minus_B3,0.0,,0.0,0.0,0.02712673611111116,0.0
0.05,0,seen,harsh,__all__,P1_minus_B3,0.013888888888888895,-0.021671826625387025,0.0160513643659711,0.0,-0.0006751543209876365,0.006944444444444441
0.05,0,seen,harsh,central_furniture,P1_minus_B3,0.04166666666666666,0.023809523809523725,0.05376344086021506,0.0,0.0,0.0
0.05,0,seen,harsh,clear,P1_minus_B3,0.0,-0.05303030303030298,-0.011111111111111127,0.0,-0.0017361111111111605,0.020833333333333343
0.05,0,seen,harsh,vertical_mid,P1_minus_B3,0.0,,0.0,0.0,-0.0008680555555555802,0.0
0.05,0,seen,standard,__all__,P1_minus_B3,-0.013888888888888888,-0.16666666666666666,-0.02564102564102564,0.0,-0.012056327160493874,-0.020833333333333336
0.05,0,seen,standard,central_furniture,P1_minus_B3,0.0,,0.0,0.0,-0.01909722222222221,-0.041666666666666664
0.05,0,seen,standard,clear,P1_minus_B3,-0.041666666666666664,-0.25,-0.07142857142857142,0.0,0.00434027777777779,-0.020833333333333336
0.05,0,seen,standard,vertical_mid,P1_minus_B3,0.0,,0.0,0.0,-0.03819444444444442,0.0
0.05,0,unseen,__all__,__all__,P1_minus_B3,0.004166666666666666,0.0625,0.0078125,0.0,0.004678819444444371,-0.002083333333333333
0.05,0,unseen,__all__,horizontal_new,P1_minus_B3,0.0,,0.0,0.0,0.02734375,0.0
0.05,0,unseen,__all__,low_new,P1_minus_B3,0.0,0.19999999999999996,0.002902757619738766,0.0,0.0078125,-0.010416666666666666
0.05,0,unseen,__all__,two_new,P1_minus_B3,0.0,0.0,0.0,0.0,0.0078125,0.0
0.05,0,unseen,__all__,vertical_new,P1_minus_B3,0.0,,0.0,0.0,0.01822916666666663,0.0
0.05,0,unseen,__all__,wide_new,P1_minus_B3,0.020833333333333343,0.04761904761904767,0.03367003367003368,0.0,-0.01150173611111116,0.0
0.05,0,unseen,harsh,__all__,P1_minus_B3,0.008333333333333331,-0.11057692307692313,0.010725342768686419,0.0,-0.0020486111111110983,0.008333333333333335
0.05,0,unseen,harsh,horizontal_new,P1_minus_B3,0.0,,0.0,0.0,-0.01475694444444442,0.0
0.05,0,unseen,harsh,low_new,P1_minus_B3,0.0,0.0,0.0,0.0,0.0,0.0
0.05,0,unseen,harsh,two_new,P1_minus_B3,0.0,-0.19999999999999996,-0.009852216748768461,0.0,0.0,0.020833333333333332
0.05,0,unseen,harsh,vertical_new,P1_minus_B3,0.0,,0.0,0.0,0.0,0.0
0.05,0,unseen,harsh,wide_new,P1_minus_B3,0.041666666666666685,-0.08571428571428574,0.046718576195773076,0.0,0.0,0.020833333333333332
0.05,0,unseen,standard,__all__,P1_minus_B3,0.0,,0.0,0.0,-0.00708333333333333,-0.0125
0.05,0,unseen,standard,horizontal_new,P1_minus_B3,0.0,,0.0,0.0,0.03819444444444442,0.0
0.05,0,unseen,standard,low_new,P1_minus_B3,0.0,,0.0,0.0,0.00954861111111116,-0.020833333333333332
0.05,0,unseen,standard,two_new,P1_minus_B3,0.0,,0.0,0.0,0.0060763888888888395,-0.020833333333333332
0.05,0,unseen,standard,vertical_new,P1_minus_B3,0.0,,0.0,0.0,-0.04861111111111105,0.0
0.05,0,unseen,standard,wide_new,P1_minus_B3,0.0,,0.0,0.0,-0.02690972222222221,-0.020833333333333332
0.05,1,all,__all__,__all__,P1_minus_B3,-0.010416666666666671,-0.0014842300556586752,-0.016203106998374434,0.0,0.00274658203125,-0.0026041666666666644
0.05,1,seen,__all__,__all__,P1_minus_B3,0.0,0.0,0.0,0.0,0.000892168209876476,0.0
0.05,1,seen,__all__,central_furniture,P1_minus_B3,0.0,0.0,0.0,0.0,0.0008680555555555802,0.0
0.05,1,seen,__all__,clear,P1_minus_B3,0.0,0.0,0.0,0.0,0.0,0.0
0.05,1,seen,__all__,vertical_mid,P1_minus_B3,0.0,0.0,0.0,0.0,0.00477430555555558,0.0
0.05,1,seen,harsh,__all__,P1_minus_B3,0.0,0.0,0.0,0.0,-0.0006751543209876365,0.0
0.05,1,seen,harsh,central_furniture,P1_minus_B3,0.0,0.0,0.0,0.0,0.0,0.0
0.05,1,seen,harsh,clear,P1_minus_B3,0.0,0.0,0.0,0.0,-0.0008680555555555802,0.0
0.05,1,seen,harsh,vertical_mid,P1_minus_B3,0.0,0.0,0.0,0.0,-0.0008680555555554692,0.0
0.05,1,seen,standard,__all__,P1_minus_B3,0.0,0.0,0.0,0.0,0.0003858024691357764,0.0
0.05,1,seen,standard,central_furniture,P1_minus_B3,0.0,0.0,0.0,0.0,-0.00347222222222221,0.0
0.05,1,seen,standard,clear,P1_minus_B3,0.0,0.0,0.0,0.0,0.0017361111111111605,0.0
0.05,1,seen,standard,vertical_mid,P1_minus_B3,0.0,0.0,0.0,0.0,0.0078125,0.0
0.05,1,unseen,__all__,__all__,P1_minus_B3,-0.016666666666666663,0.0,-0.026936026936026924,0.0,0.0037413194444444464,-0.004166666666666666
0.05,1,unseen,__all__,horizontal_new,P1_minus_B3,-0.041666666666666664,-0.13333333333333341,-0.07251202367739548,0.0,0.01736111111111105,0.0
0.05,1,unseen,__all__,low_new,P1_minus_B3,-0.02083333333333333,0.04761904761904767,-0.02870813397129185,0.0,0.00520833333333337,-0.010416666666666668
0.05,1,unseen,__all__,two_new,P1_minus_B3,0.0,0.0,0.0,0.0,0.0028211805555555802,0.0
0.05,1,unseen,__all__,vertical_new,P1_minus_B3,0.0,0.0,0.0,0.0,0.0026041666666667407,0.0
0.05,1,unseen,__all__,wide_new,P1_minus_B3,-0.020833333333333343,0.015873015873015817,-0.029984051036682613,0.0,0.0013020833333333703,-0.010416666666666664
0.05,1,unseen,harsh,__all__,P1_minus_B3,0.0,0.0,0.0,0.0,-0.0002083333333333659,0.0
0.05,1,unseen,harsh,horizontal_new,P1_minus_B3,0.0,0.0,0.0,0.0,-0.0017361111111111605,0.0
0.05,1,unseen,harsh,low_new,P1_minus_B3,0.0,0.0,0.0,0.0,0.0,0.0
0.05,1,unseen,harsh,two_new,P1_minus_B3,0.0,0.0,0.0,0.0,0.0,0.0
0.05,1,unseen,harsh,vertical_new,P1_minus_B3,0.0,0.0,0.0,0.0,0.0,0.0
0.05,1,unseen,harsh,wide_new,P1_minus_B3,0.0,0.0,0.0,0.0,0.0,0.0
0.05,1,unseen,standard,__all__,P1_minus_B3,-0.03333333333333333,-0.23214285714285715,-0.059001865671641784,0.0,0.003159722222222272,-0.008333333333333331
0.05,1,unseen,standard,horizontal_new,P1_minus_B3,-0.08333333333333334,-0.25,-0.13736263736263735,0.0,0.01302083333333326,0.0
0.05,1,unseen,standard,low_new,P1_minus_B3,-0.041666666666666664,-0.3333333333333333,-0.07407407407407407,0.0,0.0060763888888888395,-0.020833333333333332
0.05,1,unseen,standard,two_new,P1_minus_B3,0.0,,0.0,0.0,0.0008680555555555802,0.0
0.05,1,unseen,standard,vertical_new,P1_minus_B3,0.0,0.0,0.0,0.0,0.00868055555555558,0.0
0.05,1,unseen,standard,wide_new,P1_minus_B3,-0.041666666666666664,-0.2,-0.06896551724137931,0.0,-0.00347222222222221,-0.02083333333333333
0.05,2,all,__all__,__all__,P1_minus_B3,-0.0026041666666666644,0.06436170212765957,-0.0028783434750251635,0.0,-0.0015224880642361605,-0.0078125
0.05,2,seen,__all__,__all__,P1_minus_B3,-0.013888888888888881,0.013975155279503104,-0.019426263751566614,0.0,-0.011188271604938294,-0.010416666666666671
0.05,2,seen,__all__,central_furniture,P1_minus_B3,0.0,0.2666666666666666,0.010217113665389521,0.0,-0.01388888888888895,-0.04166666666666667
0.05,2,seen,__all__,clear,P1_minus_B3,-0.04166666666666666,-0.0625,-0.05397727272727271,0.0,0.0015190972222222099,0.0
0.05,2,seen,__all__,vertical_mid,P1_minus_B3,0.0,,0.0,0.0,0.0010850694444444198,0.010416666666666666
0.05,2,seen,harsh,__all__,P1_minus_B3,0.0,-0.061111111111111116,-0.0053140096618357335,0.0,-0.002411265432098797,0.013888888888888888
0.05,2,seen,harsh,central_furniture,P1_minus_B3,0.0,0.0,0.0,0.0,0.0,0.0
0.05,2,seen,harsh,clear,P1_minus_B3,0.0,-0.044871794871794934,-0.010510510510510496,0.0,-0.0060763888888888395,0.02083333333333333
0.05,2,seen,harsh,vertical_mid,P1_minus_B3,0.0,,0.0,0.0,0.0,0.020833333333333332
0.05,2,seen,standard,__all__,P1_minus_B3,-0.027777777777777776,-0.2,-0.04878048780487805,0.0,-0.0419560185185186,-0.034722222222222224
0.05,2,seen,standard,central_furniture,P1_minus_B3,0.0,,0.0,0.0,-0.07031250000000006,-0.08333333333333333
0.05,2,seen,standard,clear,P1_minus_B3,-0.08333333333333333,-0.3333333333333333,-0.13333333333333333,0.0,0.00347222222222221,-0.02083333333333333
0.05,2,seen,standard,vertical_mid,P1_minus_B3,0.0,,0.0,0.0,-0.06770833333333331,0.0
0.05,2,unseen,__all__,__all__,P1_minus_B3,0.004166666666666673,0.12693498452012386,0.008443129065697164,0.0,0.005685763888888862,-0.00625
0.05,2,unseen,__all__,horizontal_new,P1_minus_B3,0.0,,0.0,0.0,0.03884548611111105,0.0
0.05,2,unseen,__all__,low_new,P1_minus_B3,0.0,0.12698412698412698,0.005103668261562999,0.0,0.02126736111111105,-0.020833333333333336
0.05,2,unseen,__all__,two_new,P1_minus_B3,0.0,0.13333333333333341,0.0027952480782669487,0.0,0.01649305555555547,-0.010416666666666666
0.05,2,unseen,__all__,vertical_new,P1_minus_B3,0.0,,0.0,0.0,-0.0036892361111111605,0.0
0.05,2,unseen,__all__,wide_new,P1_minus_B3,0.02083333333333333,0.050000000000000044,0.0355587808417997,0.0,-0.01866319444444453,0.0
0.05,2,unseen,harsh,__all__,P1_minus_B3,0.008333333333333345,0.018382352941176516,0.013417775869471876,0.0,-0.0040972222222221966,0.0
0.05,2,unseen,harsh,horizontal_new,P1_minus_B3,0.0,,0.0,0.0,-0.03211805555555558,0.0
0.05,2,unseen,harsh,low_new,P1_minus_B3,0.0,0.0,0.0,0.0,0.0,0.0
0.05,2,unseen,harsh,two_new,P1_minus_B3,0.0,0.0,0.0,0.0,0.0,0.0
0.05,2,unseen,harsh,vertical_new,P1_minus_B3,0.0,,0.0,0.0,0.0,0.0
0.05,2,unseen,harsh,wide_new,P1_minus_B3,0.04166666666666666,0.050000000000000044,0.061576354679802964,0.0,0.0,0.0
0.05,2,unseen,standard,__all__,P1_minus_B3,0.0,,0.0,0.0,-0.008958333333333401,-0.0125
0.05,2,unseen,standard,horizontal_new,P1_minus_B3,0.0,,0.0,0.0,0.08159722222222221,0.0
0.05,2,unseen,standard,low_new,P1_minus_B3,0.0,,0.0,0.0,0.02951388888888884,-0.041666666666666664
0.05,2,unseen,standard,two_new,P1_minus_B3,0.0,,0.0,0.0,0.01909722222222221,-0.020833333333333332
0.05,2,unseen,standard,vertical_new,P1_minus_B3,0.0,,0.0,0.0,-0.07725694444444442,0.0
0.05,2,unseen,standard,wide_new,P1_minus_B3,0.0,,0.0,0.0,-0.07291666666666669,0.0
0.05,3,all,__all__,__all__,P1_minus_B3,-0.0026041666666666574,0.0025006946373993255,-0.0038044994546884148,0.0,0.003373887803819531,-0.0013020833333333287
0.05,3,seen,__all__,__all__,P1_minus_B3,-0.013888888888888895,-0.041269841269841345,-0.02110490378646801,0.0,-0.0030623070987654266,0.0034722222222222238
0.05,3,seen,__all__,central_furniture,P1_minus_B3,0.0,0.0,0.0,0.0,-0.00694444444444442,0.0
0.05,3,seen,__all__,clear,P1_minus_B3,-0.041666666666666685,-0.06000000000000005,-0.0502283105022831,0.0,-0.00021701388888883955,0.010416666666666671
0.05,3,seen,__all__,vertical_mid,P1_minus_B3,0.0,0.0,0.0,0.0,0.01909722222222221,0.0
0.05,3,seen,harsh,__all__,P1_minus_B3,0.0,-0.05818965517241381,-0.010281797410510274,0.0,-0.001060956790123524,0.02083333333333333
0.05,3,seen,harsh,central_furniture,P1_minus_B3,0.0,-0.06666666666666665,-0.010695187165775388,0.0,0.0,0.02083333333333333
0.05,3,seen,harsh,clear,P1_minus_B3,0.0,-0.06015037593984962,-0.024806201550387597,0.0,-0.003472222222222321,0.04166666666666666
0.05,3,seen,harsh,vertical_mid,P1_minus_B3,0.0,0.0,0.0,0.0,-0.0026041666666666297,0.0
0.05,3,seen,standard,__all__,P1_minus_B3,-0.027777777777777776,-0.2857142857142857,-0.05063291139240506,0.0,-0.03067129629629639,-0.013888888888888892
0.05,3,seen,standard,central_furniture,P1_minus_B3,0.0,,0.0,0.0,-0.02083333333333337,-0.020833333333333332
0.05,3,seen,standard,clear,P1_minus_B3,-0.08333333333333333,-0.3333333333333333,-0.13333333333333333,0.0,0.0017361111111111605,-0.02083333333333333
0.05,3,seen,standard,vertical_mid,P1_minus_B3,0.0,,0.0,0.0,-0.07291666666666663,0.0
0.05,3,unseen,__all__,__all__,P1_minus_B3,0.004166666666666666,0.06666666666666665,0.008004574042309892,0.0,0.008888888888888835,-0.004166666666666666
0.05,3,unseen,__all__,horizontal_new,P1_minus_B3,0.0,,0.0,0.0,0.06076388888888884,0.0
0.05,3,unseen,__all__,low_new,P1_minus_B3,0.02083333333333333,0.16666666666666663,0.038112522686025385,0.0,0.00434027777777779,-0.020833333333333336
0.05,3,unseen,__all__,two_new,P1_minus_B3,0.0,0.0892857142857143,0.003246753246753248,0.0,0.007161458333333259,-0.010416666666666668
0.05,3,unseen,__all__,vertical_new,P1_minus_B3,0.0,0.0,0.0,0.0,0.01736111111111105,0.0
0.05,3,unseen,__all__,wide_new,P1_minus_B3,0.0,-0.11904761904761907,-0.0033670033670033517,0.0,-0.00846354166666663,0.010416666666666666
0.05,3,unseen,harsh,__all__,P1_minus_B3,0.008333333333333331,-0.04761904761904767,0.009456264775413697,0.0,-0.0020138888888888706,0.008333333333333331
0.05,3,unseen,harsh,horizontal_new,P1_minus_B3,0.0,,0.0,0.0,-0.015625,0.0
0.05,3,unseen,harsh,low_new,P1_minus_B3,0.04166666666666666,0.04166666666666663,0.051136363636363646,0.0,0.0,0.0
0.05,3,unseen,harsh,two_new,P1_minus_B3,0.0,-0.11904761904761907,-0.010752688172043001,0.0,0.0,0.020833333333333332
0.05,3,unseen,harsh,vertical_new,P1_minus_B3,0.0,0.0,0.0,0.0,0.0,0.0
0.05,3,unseen,harsh,wide_new,P1_minus_B3,0.0,-0.11904761904761907,-0.010752688172043001,0.0,0.0,0.020833333333333332
0.05,3,unseen,standard,__all__,P1_minus_B3,0.0,,0.0,0.0,-0.025659722222222237,-0.016666666666666666
0.05,3,unseen,standard,horizontal_new,P1_minus_B3,0.0,,0.0,0.0,0.0060763888888888395,0.0
0.05,3,unseen,standard,low_new,P1_minus_B3,0.0,,0.0,0.0,0.00520833333333337,-0.041666666666666664
0.05,3,unseen,standard,two_new,P1_minus_B3,0.0,,0.0,0.0,0.0,-0.041666666666666664
0.05,3,unseen,standard,vertical_new,P1_minus_B3,0.0,,0.0,0.0,-0.09375,0.0
0.05,3,unseen,standard,wide_new,P1_minus_B3,0.0,,0.0,0.0,-0.03298611111111105,0.0
0.05,4,all,__all__,__all__,P1_minus_B3,0.0,0.06597222222222221,0.0008699633699633669,0.0,-0.0013597276475694198,-0.005208333333333336
0.05,4,seen,__all__,__all__,P1_minus_B3,0.0,0.038260869565217404,0.001559012153208389,0.0,-0.001953125,-0.0069444444444444475
0.05,4,seen,__all__,central_furniture,P1_minus_B3,0.020833333333333336,0.5,0.04072398190045248,0.0,-0.01410590277777779,-0.020833333333333332
0.05,4,seen,__all__,clear,P1_minus_B3,-0.020833333333333343,-0.028571428571428525,-0.025575447570332477,0.0,0.00347222222222221,0.0
0.05,4,seen,__all__,vertical_mid,P1_minus_B3,0.0,,0.0,0.0,0.02690972222222221,0.0
0.05,4,seen,harsh,__all__,P1_minus_B3,0.013888888888888895,0.023684210526315863,0.019350215002388926,0.0,-0.00038580246913588745,0.0
0.05,4,seen,harsh,central_furniture,P1_minus_B3,0.04166666666666667,0.0,0.06837606837606836,0.0,0.0,0.0
0.05,4,seen,harsh,clear,P1_minus_B3,0.0,0.0,0.0,0.0,0.0,0.0
0.05,4,seen,harsh,vertical_mid,P1_minus_B3,0.0,,0.0,0.0,0.0,0.0
0.05,4,seen,standard,__all__,P1_minus_B3,-0.013888888888888888,-0.16666666666666666,-0.02564102564102564,0.0,-0.010898919753086378,-0.013888888888888892
0.05,4,seen,standard,central_furniture,P1_minus_B3,0.0,,0.0,0.0,-0.037326388888888895,-0.041666666666666664
0.05,4,seen,standard,clear,P1_minus_B3,-0.041666666666666664,-0.25,-0.07142857142857142,0.0,0.0078125,0.0
0.05,4,seen,standard,vertical_mid,P1_minus_B3,0.0,,0.0,0.0,-0.026909722222222265,0.0
0.05,4,unseen,__all__,__all__,P1_minus_B3,0.0,0.16161616161616155,0.0005120081921310693,0.0,0.0011458333333332904,-0.0041666666666666675
0.05,4,unseen,__all__,horizontal_new,P1_minus_B3,0.0,,0.0,0.0,0.04383680555555558,0.0
0.05,4,unseen,__all__,low_new,P1_minus_B3,0.0,0.13333333333333341,0.0027952480782669487,0.0,0.0078125,-0.010416666666666666
0.05,4,unseen,__all__,two_new,P1_minus_B3,0.0,0.33333333333333337,0.001568627450980395,0.0,0.0030381944444444198,-0.010416666666666666
0.05,4,unseen,__all__,vertical_new,P1_minus_B3,0.0,,0.0,0.0,0.01041666666666674,0.0
0.05,4,unseen,__all__,wide_new,P1_minus_B3,0.0,0.0,0.0,0.0,-0.01866319444444453,0.0
0.05,4,unseen,harsh,__all__,P1_minus_B3,0.0,0.0,0.0,0.0,-0.0015625000000000222,0.0
0.05,4,unseen,harsh,horizontal_new,P1_minus_B3,0.0,,0.0,0.0,-0.01215277777777779,0.0
0.05,4,unseen,harsh,low_new,P1_minus_B3,0.0,0.0,0.0,0.0,0.0,0.0
0.05,4,unseen,harsh,two_new,P1_minus_B3,0.0,0.0,0.0,0.0,0.0,0.0
0.05,4,unseen,harsh,vertical_new,P1_minus_B3,0.0,,0.0,0.0,0.0,0.0
0.05,4,unseen,harsh,wide_new,P1_minus_B3,0.0,0.0,0.0,0.0,0.0,0.0
0.05,4,unseen,standard,__all__,P1_minus_B3,0.0,,0.0,0.0,-0.005520833333333364,-0.008333333333333333
0.05,4,unseen,standard,horizontal_new,P1_minus_B3,0.0,,0.0,0.0,0.04947916666666663,0.0
0.05,4,unseen,standard,low_new,P1_minus_B3,0.0,,0.0,0.0,0.00520833333333337,-0.020833333333333332
0.05,4,unseen,standard,two_new,P1_minus_B3,0.0,,0.0,0.0,0.02170138888888895,-0.020833333333333332
0.05,4,unseen,standard,vertical_new,P1_minus_B3,0.0,,0.0,0.0,-0.0625,0.0
0.05,4,unseen,standard,wide_new,P1_minus_B3,0.0,,0.0,0.0,-0.032986111111111105,0.0
0.1,0,all,__all__,__all__,P1_minus_B3,0.005208333333333329,-0.02155576382380503,0.00514464921244584,0.0,0.00030517578125,0.009114583333333329
0.1,0,seen,__all__,__all__,P1_minus_B3,0.0,-0.018912529550827395,-0.0022161278705781218,0.0,0.00014467592592593004,0.0069444444444444475
0.1,0,seen,__all__,central_furniture,P1_minus_B3,0.0,0.0,0.0,0.0,-0.00499131944444442,0.0
0.1,0,seen,__all__,clear,P1_minus_B3,0.0,-0.03555555555555556,-0.008767123287671208,0.0,0.001953125,0.020833333333333343
0.1,0,seen,__all__,vertical_mid,P1_minus_B3,0.0,0.0,0.0,0.0,0.0075954861111111605,0.0
0.1,0,seen,harsh,__all__,P1_minus_B3,0.0,-0.049816849816849806,-0.011450703039488086,0.0,-0.0006751543209876365,0.02777777777777779
0.1,0,seen,harsh,central_furniture,P1_minus_B3,0.0,-0.05555555555555558,-0.01904761904761909,0.0,0.0,0.041666666666666685
0.1,0,seen,harsh,clear,P1_minus_B3,0.0,-0.04999999999999999,-0.01948051948051943,0.0,-0.0017361111111111605,0.04166666666666666
0.1,0,seen,harsh,vertical_mid,P1_minus_B3,0.0,0.0,0.0,0.0,-0.0008680555555555802,0.0
0.1,0,seen,standard,__all__,P1_minus_B3,0.0,0.07500000000000001,0.0018292682926829285,0.0,-0.009934413580246937,-0.013888888888888888
0.1,0,seen,standard,central_furniture,P1_minus_B3,0.0,0.0,0.0,0.0,-0.01649305555555547,-0.04166666666666667
0.1,0,seen,standard,clear,P1_minus_B3,0.0,0.0,0.0,0.0,0.00434027777777779,0.0
0.1,0,seen,standard,vertical_mid,P1_minus_B3,0.0,,0.0,0.0,-0.03298611111111105,0.0
0.1,0,unseen,__all__,__all__,P1_minus_B3,0.008333333333333331,-0.025116279069767433,0.010381381747288893,0.0,0.0010850694444445308,0.010416666666666664
0.1,0,unseen,__all__,horizontal_new,P1_minus_B3,0.0,,0.0,0.0,0.01258680555555547,0.010416666666666666
0.1,0,unseen,__all__,low_new,P1_minus_B3,0.020833333333333315,0.03308823529411764,0.027403846153846168,0.0,0.005859375,0.0
0.1,0,unseen,__all__,two_new,P1_minus_B3,0.0,-0.08391608391608385,-0.006668519033064757,0.0,0.01041666666666663,0.020833333333333336
0.1,0,unseen,__all__,vertical_new,P1_minus_B3,0.0,0.0,0.0,0.0,-0.0015190972222222099,0.0
0.1,0,unseen,__all__,wide_new,P1_minus_B3,0.020833333333333315,-0.022222222222222254,0.02020202020202022,0.0,-0.008246527777777679,0.020833333333333343
0.1,0,unseen,harsh,__all__,P1_minus_B3,0.016666666666666663,-0.05823068309070545,0.010308496930190258,0.0,-0.0019444444444444153,0.029166666666666674
0.1,0,unseen,harsh,horizontal_new,P1_minus_B3,0.0,,0.0,0.0,-0.01388888888888884,0.020833333333333332
0.1,0,unseen,harsh,low_new,P1_minus_B3,0.04166666666666663,-0.038461538461538436,0.021621621621621623,0.0,0.0,0.04166666666666666
0.1,0,unseen,harsh,two_new,P1_minus_B3,0.0,-0.09999999999999998,-0.019607843137254943,0.0,0.0,0.04166666666666667
0.1,0,unseen,harsh,vertical_new,P1_minus_B3,0.0,0.0,0.0,0.0,0.0,0.0
0.1,0,unseen,harsh,wide_new,P1_minus_B3,0.04166666666666663,-0.02941176470588236,0.021822849807445477,0.0,0.0,0.04166666666666666
0.1,0,unseen,standard,__all__,P1_minus_B3,0.0,0.0,0.0,0.0,-0.006493055555555571,-0.008333333333333331
0.1,0,unseen,standard,horizontal_new,P1_minus_B3,0.0,,0.0,0.0,0.03298611111111116,0.0
0.1,0,unseen,standard,low_new,P1_minus_B3,0.0,0.0,0.0,0.0,0.00694444444444442,-0.04166666666666667
0.1,0,unseen,standard,two_new,P1_minus_B3,0.0,0.0,0.0,0.0,0.00868055555555558,0.0
0.1,0,unseen,standard,vertical_new,P1_minus_B3,0.0,,0.0,0.0,-0.04427083333333326,0.0
0.1,0,unseen,standard,wide_new,P1_minus_B3,0.0,0.0,0.0,0.0,-0.0234375,0.0
0.1,1,all,__all__,__all__,P1_minus_B3,0.0026041666666666574,-0.017039825638993422,0.0018062998969045618,0.0,0.0007425944010416297,0.005208333333333336
0.1,1,seen,__all__,__all__,P1_minus_B3,0.0069444444444444475,0.009595959595959491,0.009174828323764483,0.0,9.645061728402737e-05,0.0
0.1,1,seen,__all__,central_furniture,P1_minus_B3,0.0,0.0,0.0,0.0,0.0026041666666666297,0.0
0.1,1,seen,__all__,clear,P1_minus_B3,0.0,0.02857142857142858,0.005115089514066529,0.0,-0.0008680555555555802,-0.010416666666666671
0.1,1,seen,__all__,vertical_mid,P1_minus_B3,0.020833333333333315,-0.020979020979020935,0.025006946373992783,0.0,0.0006510416666666297,0.010416666666666671
0.1,1,seen,harsh,__all__,P1_minus_B3,0.013888888888888895,-0.033333333333333326,0.007282913165266136,0.0,9.645061728402737e-05,0.013888888888888895
0.1,1,seen,harsh,central_furniture,P1_minus_B3,0.0,-0.08333333333333337,-0.011363636363636354,0.0,0.0,0.020833333333333336
0.1,1,seen,harsh,clear,P1_minus_B3,0.0,0.0,0.0,0.0,0.0008680555555554692,0.0
0.1,1,seen,harsh,vertical_mid,P1_minus_B3,0.041666666666666685,-0.050000000000000044,0.03676470588235292,0.0,0.0,0.020833333333333336
0.1,1,seen,standard,__all__,P1_minus_B3,0.0,0.047619047619047616,0.0022148394241417457,0.0,-0.0019290123456791042,-0.013888888888888895
0.1,1,seen,standard,central_furniture,P1_minus_B3,0.0,0.0,0.0,0.0,0.0,-0.02083333333333333
0.1,1,seen,standard,clear,P1_minus_B3,0.0,0.07142857142857145,0.006451612903225823,0.0,0.0,-0.02083333333333333
0.1,1,seen,standard,vertical_mid,P1_minus_B3,0.0,0.0,0.0,0.0,-0.0017361111111110494,0.0
0.1,1,unseen,__all__,__all__,P1_minus_B3,0.0,-0.03703703703703709,-0.002648039081404374,0.0,0.001414930555555527,0.008333333333333331
0.1,1,unseen,__all__,horizontal_new,P1_minus_B3,0.0,-0.023809523809523836,-0.0025601638504864355,0.0,0.00390625,0.010416666666666671
0.1,1,unseen,__all__,low_new,P1_minus_B3,0.0,0.0,0.0,0.0,0.004123263888888951,0.0
0.1,1,unseen,__all__,two_new,P1_minus_B3,0.0,-0.13333333333333341,-0.0027952480782669487,0.0,-0.0004340277777777901,0.010416666666666666
0.1,1,unseen,__all__,vertical_new,P1_minus_B3,0.0,-0.06666666666666665,-0.0036297640653357444,0.0,-0.0015190972222222099,0.010416666666666664
0.1,1,unseen,__all__,wide_new,P1_minus_B3,0.0,-0.038461538461538436,-0.0032786885245901787,0.0,0.001953125,0.010416666666666671
0.1,1,unseen,harsh,__all__,P1_minus_B3,0.008333333333333331,-0.06666666666666665,0.004301075268817234,0.0,0.00010416666666668295,0.01666666666666667
0.1,1,unseen,harsh,horizontal_new,P1_minus_B3,0.0,-0.06666666666666671,-0.004597701149425287,0.0,0.0,0.02083333333333333
0.1,1,unseen,harsh,low_new,P1_minus_B3,0.04166666666666666,0.0444444444444444,0.04991087344028522,0.0,0.0,0.0
0.1,1,unseen,harsh,two_new,P1_minus_B3,0.0,-0.19999999999999996,-0.009852216748768461,0.0,0.0,0.020833333333333332
0.1,1,unseen,harsh,vertical_new,P1_minus_B3,0.0,-0.13333333333333341,-0.009195402298850575,0.0,0.0,0.020833333333333332
0.1,1,unseen,harsh,wide_new,P1_minus_B3,0.0,-0.0892857142857143,-0.010080645161290314,0.0,0.0,0.020833333333333336
0.1,1,unseen,standard,__all__,P1_minus_B3,-0.008333333333333331,-0.02717391304347827,-0.013111888111888112,0.0,0.0007986111111111249,0.0
0.1,1,unseen,standard,horizontal_new,P1_minus_B3,0.0,0.0,0.0,0.0,-0.00434027777777779,0.0
0.1,1,unseen,standard,low_new,P1_minus_B3,-0.04166666666666667,-0.09999999999999998,-0.06403940886699508,0.0,0.0,0.0
0.1,1,unseen,standard,two_new,P1_minus_B3,0.0,0.0,0.0,0.0,-0.00694444444444442,0.0
0.1,1,unseen,standard,vertical_new,P1_minus_B3,0.0,0.0,0.0,0.0,0.0,0.0
0.1,1,unseen,standard,wide_new,P1_minus_B3,0.0,0.0,0.0,0.0,-0.0026041666666666297,0.0
0.1,2,all,__all__,__all__,P1_minus_B3,-0.005208333333333329,0.02844873859366609,-0.005023945061895713,0.0,-0.0019395616319444198,-0.011718750000000007
0.1,2,seen,__all__,__all__,P1_minus_B3,0.0,0.025288376220053255,0.003108808290155446,0.0,-0.011622299382716084,-0.010416666666666671
0.1,2,seen,__all__,central_furniture,P1_minus_B3,0.0,0.061764705882352944,0.009502262443438936,0.0,-0.013671875,-0.031249999999999986
0.1,2,seen,__all__,clear,P1_minus_B3,0.0,0.014778325123152691,0.004101161995898828,0.0,0.00238715277777779,-0.010416666666666685
0.1,2,seen,__all__,vertical_mid,P1_minus_B3,0.0,,0.0,0.0,0.0010850694444444198,0.010416666666666666
0.1,2,seen,harsh,__all__,P1_minus_B3,0.05555555555555555,0.0186393289841566,0.05595421927513855,0.0,-0.002411265432098797,0.02777777777777779
0.1,2,seen,harsh,central_furniture,P1_minus_B3,0.08333333333333334,0.020833333333333315,0.07222222222222219,0.0,0.0,0.04166666666666666
0.1,2,seen,harsh,clear,P1_minus_B3,0.08333333333333331,0.03823529411764709,0.06762749445676275,0.0,-0.0060763888888888395,0.020833333333333315
0.1,2,seen,harsh,vertical_mid,P1_minus_B3,0.0,,0.0,0.0,0.0,0.020833333333333332
0.1,2,seen,standard,__all__,P1_minus_B3,-0.05555555555555556,-0.016666666666666663,-0.0780998389694042,0.0,-0.04176311728395066,-0.04861111111111111
0.1,2,seen,standard,central_furniture,P1_minus_B3,-0.08333333333333333,-0.25,-0.125,0.0,-0.06944444444444448,-0.10416666666666667
0.1,2,seen,standard,clear,P1_minus_B3,-0.08333333333333334,-0.041666666666666685,-0.09027777777777779,0.0,0.00347222222222221,-0.04166666666666667
0.1,2,seen,standard,vertical_mid,P1_minus_B3,0.0,,0.0,0.0,-0.06770833333333331,0.0
0.1,2,unseen,__all__,__all__,P1_minus_B3,-0.008333333333333331,0.03322259136212624,-0.011050433665274653,0.0,0.005295138888888884,-0.012500000000000004
0.1,2,unseen,__all__,horizontal_new,P1_minus_B3,0.0,,0.0,0.0,0.03927951388888895,0.0
0.1,2,unseen,__all__,low_new,P1_minus_B3,-0.020833333333333315,0.08571428571428574,-0.009661835748792286,0.0,0.02213541666666663,-0.05208333333333333
0.1,2,unseen,__all__,two_new,P1_minus_B3,-0.020833333333333343,-0.016666666666666663,-0.02873563218390804,0.0,0.01519097222222221,-0.010416666666666671
0.1,2,unseen,__all__,vertical_new,P1_minus_B3,0.0,,0.0,0.0,-0.00347222222222221,0.0
0.1,2,unseen,__all__,wide_new,P1_minus_B3,0.0,0.0,0.0,0.0,-0.02018229166666663,0.0
0.1,2,unseen,harsh,__all__,P1_minus_B3,0.016666666666666663,-0.05291005291005291,0.016677638797454458,0.0,-0.0040972222222221966,0.024999999999999994
0.1,2,unseen,harsh,horizontal_new,P1_minus_B3,0.0,,0.0,0.0,-0.03211805555555558,0.0
0.1,2,unseen,harsh,low_new,P1_minus_B3,0.08333333333333334,0.012121212121212144,0.07326007326007328,0.0,0.0,0.04166666666666666
0.1,2,unseen,harsh,two_new,P1_minus_B3,0.0,-0.09999999999999998,-0.01470588235294118,0.0,0.0,0.04166666666666667
0.1,2,unseen,harsh,vertical_new,P1_minus_B3,0.0,,0.0,0.0,0.0,0.0
0.1,2,unseen,harsh,wide_new,P1_minus_B3,0.0,-0.09999999999999998,-0.01470588235294118,0.0,0.0,0.04166666666666667
0.1,2,unseen,standard,__all__,P1_minus_B3,-0.03333333333333333,,-0.058823529411764705,0.0,-0.00868055555555558,-0.05
0.1,2,unseen,standard,horizontal_new,P1_minus_B3,0.0,,0.0,0.0,0.08159722222222221,0.0
0.1,2,unseen,standard,low_new,P1_minus_B3,-0.125,,-0.17647058823529413,0.0,0.03125,-0.14583333333333334
0.1,2,unseen,standard,two_new,P1_minus_B3,-0.041666666666666664,,-0.07142857142857142,0.0,0.01909722222222221,-0.0625
0.1,2,unseen,standard,vertical_new,P1_minus_B3,0.0,,0.0,0.0,-0.07725694444444442,0.0
0.1,2,unseen,standard,wide_new,P1_minus_B3,0.0,,0.0,0.0,-0.07204861111111116,-0.041666666666666664
0.1,3,all,__all__,__all__,P1_minus_B3,0.0026041666666666574,0.03679653679653683,0.005939446617412719,0.0,-0.00535753038194442,-0.006510416666666664
0.1,3,seen,__all__,__all__,P1_minus_B3,0.013888888888888895,0.029387755102040836,0.019229742000961447,0.0,-0.011091820987654266,-0.00347222222222221
0.1,3,seen,__all__,central_furniture,P1_minus_B3,0.020833333333333343,0.09999999999999998,0.0357142857142857,0.0,-0.0078125,-0.02083333333333333
0.1,3,seen,__all__,clear,P1_minus_B3,0.0,0.0,0.0,0.0,-0.00021701388888883955,0.0
0.1,3,seen,__all__,vertical_mid,P1_minus_B3,0.020833333333333332,0.3333333333333333,0.0392156862745098,0.0,-0.0041232638888888395,0.010416666666666666
0.1,3,seen,harsh,__all__,P1_minus_B3,0.027777777777777735,-0.009228740936058077,0.021109036291304673,0.0,-0.0014467592592593004,0.013888888888888881
0.1,3,seen,harsh,central_furniture,P1_minus_B3,0.041666666666666685,-0.015384615384615441,0.029106029106029108,0.0,0.0,0.02083333333333333
0.1,3,seen,harsh,clear,P1_minus_B3,0.0,0.0,0.0,0.0,-0.003472222222222321,0.0
0.1,3,seen,harsh,vertical_mid,P1_minus_B3,0.041666666666666664,0.3333333333333333,0.07407407407407407,0.0,-0.0026041666666666297,0.020833333333333332
0.1,3,seen,standard,__all__,P1_minus_B3,0.0,0.1111111111111111,0.003527336860670194,0.0,-0.039544753086419804,-0.02083333333333333
0.1,3,seen,standard,central_furniture,P1_minus_B3,0.0,,0.0,0.0,-0.02517361111111116,-0.0625
0.1,3,seen,standard,clear,P1_minus_B3,0.0,0.0,0.0,0.0,0.0026041666666666297,0.0
0.1,3,seen,standard,vertical_mid,P1_minus_B3,0.0,,0.0,0.0,-0.09635416666666663,0.0
0.1,3,unseen,__all__,__all__,P1_minus_B3,-0.004166666666666666,0.046003016591251944,-0.004683044240378825,0.0,-0.0007031250000000266,-0.008333333333333331
0.1,3,unseen,__all__,horizontal_new,P1_minus_B3,0.0,,0.0,0.0,0.04448784722222221,0.0
0.1,3,unseen,__all__,low_new,P1_minus_B3,-0.020833333333333343,0.003095975232198178,-0.0215843857634902,0.0,0.0032552083333333703,-0.010416666666666671
0.1,3,unseen,__all__,two_new,P1_minus_B3,0.0,0.125,0.006157635467980288,0.0,0.001953125,-0.020833333333333336
0.1,3,unseen,__all__,vertical_new,P1_minus_B3,0.0,0.0,0.0,0.0,-0.005208333333333259,0.0
0.1,3,unseen,__all__,wide_new,P1_minus_B3,0.0,0.06944444444444442,0.003132832080200515,0.0,-0.01540798611111105,-0.010416666666666664
0.1,3,unseen,harsh,__all__,P1_minus_B3,0.0,-0.017045454545454586,-0.0015479876160990613,0.0,-0.0027083333333333126,0.004166666666666666
0.1,3,unseen,harsh,horizontal_new,P1_minus_B3,0.0,,0.0,0.0,-0.0234375,0.0
0.1,3,unseen,harsh,low_new,P1_minus_B3,0.0,-0.033333333333333326,-0.01025641025641022,0.0,0.0,0.020833333333333315
0.1,3,unseen,harsh,two_new,P1_minus_B3,0.0,0.0,0.0,0.0,0.0,0.0
0.1,3,unseen,harsh,vertical_new,P1_minus_B3,0.0,0.0,0.0,0.0,0.0,0.0
0.1,3,unseen,harsh,wide_new,P1_minus_B3,0.0,0.0,0.0,0.0,0.0,0.0
0.1,3,unseen,standard,__all__,P1_minus_B3,-0.008333333333333333,0.7142857142857143,-0.014967137372291273,0.0,-0.03489583333333335,-0.020833333333333332
0.1,3,unseen,standard,horizontal_new,P1_minus_B3,0.0,,0.0,0.0,0.0,0.0
0.1,3,unseen,standard,low_new,P1_minus_B3,-0.041666666666666664,0.5,-0.06285714285714285,0.0,0.00434027777777779,-0.041666666666666664
0.1,3,unseen,standard,two_new,P1_minus_B3,0.0,,0.0,0.0,-0.00954861111111116,-0.041666666666666664
0.1,3,unseen,standard,vertical_new,P1_minus_B3,0.0,,0.0,0.0,-0.11111111111111116,0.0
0.1,3,unseen,standard,wide_new,P1_minus_B3,0.0,,0.0,0.0,-0.05034722222222221,-0.020833333333333332
0.1,4,all,__all__,__all__,P1_minus_B3,-0.005208333333333329,0.020860495436766657,-0.007289746722720397,0.0,0.0014580620659722099,-0.006510416666666664
0.1,4,seen,__all__,__all__,P1_minus_B3,-0.027777777777777776,-0.050135501355013545,-0.03903903903903905,0.0,-0.002073688271604923,-0.00347222222222221
0.1,4,seen,__all__,central_furniture,P1_minus_B3,0.0,0.16666666666666663,0.005291005291005291,0.0,-0.02126736111111105,-0.020833333333333332
0.1,4,seen,__all__,clear,P1_minus_B3,-0.04166666666666666,-0.04285714285714287,-0.04453441295546562,0.0,0.004557291666666741,0.0
0.1,4,seen,__all__,vertical_mid,P1_minus_B3,-0.041666666666666664,-0.6666666666666666,-0.0784313725490196,0.0,0.02582465277777779,0.010416666666666666
0.1,4,seen,harsh,__all__,P1_minus_B3,0.0,-0.032967032967033016,-0.004897959183673473,0.0,-0.0012538580246913567,0.013888888888888881
0.1,4,seen,harsh,central_furniture,P1_minus_B3,0.0,-0.13333333333333341,-0.009195402298850575,0.0,0.0,0.020833333333333332
0.1,4,seen,harsh,clear,P1_minus_B3,0.0,0.0,0.0,0.0,-0.00434027777777779,0.0
0.1,4,seen,harsh,vertical_mid,P1_minus_B3,0.0,0.0,0.0,0.0,0.0,0.020833333333333332
0.1,4,seen,standard,__all__,P1_minus_B3,-0.05555555555555555,-0.15000000000000002,-0.08793103448275862,0.0,-0.006558641975308643,-0.020833333333333336
0.1,4,seen,standard,central_furniture,P1_minus_B3,0.0,,0.0,0.0,-0.060763888888888895,-0.0625
0.1,4,seen,standard,clear,P1_minus_B3,-0.08333333333333333,-0.15000000000000002,-0.11029411764705882,0.0,0.01128472222222221,0.0
0.1,4,seen,standard,vertical_mid,P1_minus_B3,-0.08333333333333333,,-0.15384615384615385,0.0,-0.0008680555555555802,0.0
0.1,4,unseen,__all__,__all__,P1_minus_B3,0.008333333333333331,0.18055555555555558,0.01610949612403101,0.0,0.006041666666666612,-0.008333333333333331
0.1,4,unseen,__all__,horizontal_new,P1_minus_B3,0.0,,0.0,0.0,0.05859375,0.0
0.1,4,unseen,__all__,low_new,P1_minus_B3,0.020833333333333343,0.05555555555555558,0.03206291591046584,0.0,0.00933159722222221,0.0
0.1,4,unseen,__all__,two_new,P1_minus_B3,0.0,0.5,0.0030769230769230743,0.0,0.00824652777777779,-0.020833333333333332
0.1,4,unseen,__all__,vertical_new,P1_minus_B3,0.0,0.0,0.0,0.0,0.01193576388888895,0.0
0.1,4,unseen,__all__,wide_new,P1_minus_B3,0.020833333333333336,0.5,0.04072398190045248,0.0,-0.02842881944444442,-0.020833333333333332
0.1,4,unseen,harsh,__all__,P1_minus_B3,0.016666666666666663,-0.04166666666666663,0.025846702317290554,0.0,-0.0032986111111110716,0.008333333333333335
0.1,4,unseen,harsh,horizontal_new,P1_minus_B3,0.0,,0.0,0.0,-0.0234375,0.0
0.1,4,unseen,harsh,low_new,P1_minus_B3,0.041666666666666685,-0.0714285714285714,0.03605313092979129,0.0,0.0,0.04166666666666667
0.1,4,unseen,harsh,two_new,P1_minus_B3,0.0,0.0,0.0,0.0,0.0,0.0
0.1,4,unseen,harsh,vertical_new,P1_minus_B3,0.0,0.0,0.0,0.0,0.0,0.0
0.1,4,unseen,harsh,wide_new,P1_minus_B3,0.04166666666666667,0.0,0.06837606837606836,0.0,0.0,0.0
0.1,4,unseen,standard,__all__,P1_minus_B3,0.0,,0.0,0.0,0.00874999999999998,-0.025
0.1,4,unseen,standard,horizontal_new,P1_minus_B3,0.0,,0.0,0.0,0.10069444444444442,0.0
0.1,4,unseen,standard,low_new,P1_minus_B3,0.0,,0.0,0.0,0.0017361111111111605,-0.041666666666666664
0.1,4,unseen,standard,two_new,P1_minus_B3,0.0,,0.0,0.0,0.01909722222222221,-0.041666666666666664
0.1,4,unseen,standard,vertical_new,P1_minus_B3,0.0,,0.0,0.0,-0.03125,0.0
0.1,4,unseen,standard,wide_new,P1_minus_B3,0.0,,0.0,0.0,-0.05729166666666663,-0.041666666666666664
0.15,0,all,__all__,__all__,P1_minus_B3,-0.005208333333333343,-0.015503875968992276,-0.007797270955165692,0.0,0.0007154676649305802,0.0026041666666666713
0.15,0,seen,__all__,__all__,P1_minus_B3,-0.020833333333333343,-0.048387096774193505,-0.029126213592232997,0.0,-0.0011091820987654266,0.010416666666666671
0.15,0,seen,__all__,central_furniture,P1_minus_B3,-0.020833333333333343,-0.0032051282051282493,-0.018768768768768762,0.0,-0.00802951388888884,-0.010416666666666685
0.15,0,seen,__all__,clear,P1_minus_B3,0.0,-0.037878787878787845,-0.013227513227513199,0.0,0.0017361111111110494,0.03125
0.15,0,seen,__all__,vertical_mid,P1_minus_B3,-0.041666666666666664,-0.6666666666666666,-0.0784313725490196,0.0,0.01671006944444442,0.010416666666666666
0.15,0,seen,harsh,__all__,P1_minus_B3,0.013888888888888895,-0.03788271925272446,-0.0001487320591953556,0.0,-0.0012538580246913567,0.03472222222222221
0.15,0,seen,harsh,central_furniture,P1_minus_B3,0.041666666666666685,0.002506265664160401,0.0258397932816537,0.0,0.0,0.020833333333333315
0.15,0,seen,harsh,clear,P1_minus_B3,0.0,-0.05952380952380948,-0.027777777777777735,0.0,-0.003472222222222321,0.06250000000000003
0.15,0,seen,harsh,vertical_mid,P1_minus_B3,0.0,0.0,0.0,0.0,-0.0008680555555555802,0.020833333333333332
0.15,0,seen,standard,__all__,P1_minus_B3,-0.055555555555555566,-0.07619047619047614,-0.0771227289581016,0.0,-0.018422067901234573,-0.013888888888888895
0.15,0,seen,standard,central_furniture,P1_minus_B3,-0.08333333333333334,-0.09523809523809523,-0.11947431302270012,0.0,-0.02604166666666663,-0.041666666666666664
0.15,0,seen,standard,clear,P1_minus_B3,0.0,0.0,0.0,0.0,0.006076388888888951,0.0
0.15,0,seen,standard,vertical_mid,P1_minus_B3,-0.08333333333333333,,-0.15384615384615385,0.0,-0.04947916666666663,0.0
0.15,0,unseen,__all__,__all__,P1_minus_B3,0.004166666666666666,0.014925373134328346,0.006514657980456029,0.0,0.002621527777777799,-0.00208333333333334
0.15,0,unseen,__all__,horizontal_new,P1_minus_B3,0.0,0.0,0.0,0.0,0.02821180555555558,0.0
0.15,0,unseen,__all__,low_new,P1_minus_B3,0.0,0.0,0.0,0.0,0.00868055555555558,0.0
0.15,0,unseen,__all__,two_new,P1_minus_B3,0.020833333333333343,0.029239766081871343,0.026232473993668015,0.0,0.01171875,0.0
0.15,0,unseen,__all__,vertical_new,P1_minus_B3,0.0,0.0,0.0,0.0,0.00737847222222221,0.0
0.15,0,unseen,__all__,wide_new,P1_minus_B3,0.0,0.017786561264822143,0.003621730382293742,0.0,-0.01258680555555558,-0.010416666666666685
0.15,0,unseen,harsh,__all__,P1_minus_B3,0.016666666666666663,-0.03814627994955866,0.007644867017859436,0.0,-0.0028124999999999956,0.02916666666666666
0.15,0,unseen,harsh,horizontal_new,P1_minus_B3,0.0,0.0,0.0,0.0,-0.01736111111111105,0.0
0.15,0,unseen,harsh,low_new,P1_minus_B3,0.0,-0.04999999999999999,-0.01948051948051943,0.0,0.0,0.04166666666666666
0.15,0,unseen,harsh,two_new,P1_minus_B3,0.041666666666666685,-0.0714285714285714,0.007518796992481203,0.0,0.0,0.0625
0.15,0,unseen,harsh,vertical_new,P1_minus_B3,0.0,0.0,0.0,0.0,0.0,0.0
0.15,0,unseen,harsh,wide_new,P1_minus_B3,0.041666666666666685,-0.015873015873015872,0.01904761904761909,0.0,0.0,0.04166666666666666
0.15,0,unseen,standard,__all__,P1_minus_B3,-0.008333333333333335,0.1333333333333333,-0.012698412698412702,0.0,-0.007326388888888924,-0.03333333333333334
0.15,0,unseen,standard,horizontal_new,P1_minus_B3,0.0,,0.0,0.0,0.04947916666666663,0.0
0.15,0,unseen,standard,low_new,P1_minus_B3,0.0,0.16666666666666669,0.009523809523809518,0.0,0.0078125,-0.041666666666666664
0.15,0,unseen,standard,two_new,P1_minus_B3,0.0,0.0,0.0,0.0,0.015625,-0.0625
0.15,0,unseen,standard,vertical_new,P1_minus_B3,0.0,,0.0,0.0,-0.06423611111111105,0.0
0.15,0,unseen,standard,wide_new,P1_minus_B3,-0.041666666666666664,-0.2,-0.06896551724137931,0.0,-0.03038194444444442,-0.0625
0.15,1,all,__all__,__all__,P1_minus_B3,0.01041666666666663,0.006786289394985046,0.010889069144360053,0.0,0.0002814398871527901,0.0013020833333333287
0.15,1,seen,__all__,__all__,P1_minus_B3,0.006944444444444475,0.005639097744360888,0.007280954339777823,0.0,9.645061728402737e-05,0.0
0.15,1,seen,__all__,central_furniture,P1_minus_B3,0.0,0.0,0.0,0.0,0.0013020833333333703,0.0
0.15,1,seen,__all__,clear,P1_minus_B3,0.02083333333333337,0.014942528735632177,0.02031302031302029,0.0,-0.0006510416666666297,0.0
0.15,1,seen,__all__,vertical_mid,P1_minus_B3,0.0,0.0,0.0,0.0,0.0004340277777777901,0.0
0.15,1,seen,harsh,__all__,P1_minus_B3,0.013888888888888895,0.007928118393234596,0.013043478260869545,0.0,9.645061728402737e-05,0.0
0.15,1,seen,harsh,central_furniture,P1_minus_B3,0.0,0.0,0.0,0.0,0.0,0.0
0.15,1,seen,harsh,clear,P1_minus_B3,0.041666666666666685,0.020467836257309857,0.034330011074197087,0.0,0.0008680555555554692,0.0
0.15,1,seen,harsh,vertical_mid,P1_minus_B3,0.0,0.0,0.0,0.0,0.0,0.0
0.15,1,seen,standard,__all__,P1_minus_B3,0.0,0.0,0.0,0.0,-9.645061728402737e-05,0.0
0.15,1,seen,standard,central_furniture,P1_minus_B3,0.0,0.0,0.0,0.0,0.0017361111111110494,0.0
0.15,1,seen,standard,clear,P1_minus_B3,0.0,0.0,0.0,0.0,0.0,0.0
0.15,1,seen,standard,vertical_mid,P1_minus_B3,0.0,0.0,0.0,0.0,0.0008680555555555802,0.0
0.15,1,unseen,__all__,__all__,P1_minus_B3,0.012500000000000011,0.007936507936507908,0.013322884012539171,0.0,0.0004861111111111871,0.00208333333333334
0.15,1,unseen,__all__,horizontal_new,P1_minus_B3,0.0,0.0,0.0,0.0,0.00390625,0.0
0.15,1,unseen,__all__,low_new,P1_minus_B3,0.041666666666666685,0.03826086956521746,0.045533474821531916,0.0,0.00347222222222221,0.0
0.15,1,unseen,__all__,two_new,P1_minus_B3,-0.020833333333333315,-0.01754385964912286,-0.024423337856173677,0.0,0.0008680555555555802,0.0
0.15,1,unseen,__all__,vertical_new,P1_minus_B3,0.020833333333333315,0.013833992094861691,0.02213279678068414,0.0,-0.0015190972222222099,0.0
0.15,1,unseen,__all__,wide_new,P1_minus_B3,0.020833333333333343,0.010351966873706042,0.02163706878954888,0.0,0.0021701388888888395,0.010416666666666685
0.15,1,unseen,harsh,__all__,P1_minus_B3,0.033333333333333326,0.014507422402159298,0.03435816581263956,0.0,3.472222222222765e-05,0.004166666666666666
0.15,1,unseen,harsh,horizontal_new,P1_minus_B3,0.0,0.0,0.0,0.0,0.0,0.0
0.15,1,unseen,harsh,low_new,P1_minus_B3,0.08333333333333331,0.05594405594405594,0.08648648648648649,0.0,0.0,0.0
0.15,1,unseen,harsh,two_new,P1_minus_B3,0.0,0.0,0.0,0.0,0.0,0.0
0.15,1,unseen,harsh,vertical_new,P1_minus_B3,0.04166666666666663,0.012820512820512775,0.03903903903903905,0.0,0.0,0.0
0.15,1,unseen,harsh,wide_new,P1_minus_B3,0.04166666666666666,0.0,0.039215686274509776,0.0,0.0,0.02083333333333333
0.15,1,unseen,standard,__all__,P1_minus_B3,-0.008333333333333331,-0.010389610389610393,-0.009870129870129862,0.0,0.0004166666666666208,0.0
0.15,1,unseen,standard,horizontal_new,P1_minus_B3,0.0,0.0,0.0,0.0,-0.0008680555555555802,0.0
0.15,1,unseen,standard,low_new,P1_minus_B3,0.0,0.0,0.0,0.0,0.0017361111111110494,0.0
0.15,1,unseen,standard,two_new,P1_minus_B3,-0.041666666666666685,-0.0535714285714286,-0.05443548387096775,0.0,-0.0008680555555554692,0.0
0.15,1,unseen,standard,vertical_new,P1_minus_B3,0.0,0.0,0.0,0.0,0.0,0.0
0.15,1,unseen,standard,wide_new,P1_minus_B3,0.0,0.0,0.0,0.0,-0.0008680555555555802,0.0
0.15,2,all,__all__,__all__,P1_minus_B3,0.0,-0.012155038759689929,-0.0015012427379297588,0.0,-0.0018378363715277901,0.005208333333333343
0.15,2,seen,__all__,__all__,P1_minus_B3,-0.0069444444444444475,-0.02322404371584702,-0.010951697752271616,0.0,-0.011815200617283916,0.006944444444444434
0.15,2,seen,__all__,central_furniture,P1_minus_B3,-0.020833333333333343,-0.009615384615384637,-0.020270270270270285,0.0,-0.01323784722222221,-0.010416666666666657
0.15,2,seen,__all__,clear,P1_minus_B3,0.020833333333333315,-0.007575757575757569,0.011463844797178158,0.0,0.0006510416666667407,0.020833333333333343
0.15,2,seen,__all__,vertical_mid,P1_minus_B3,-0.020833333333333332,-1.0,-0.04081632653061224,0.0,0.0008680555555555802,0.010416666666666666
0.15,2,seen,harsh,__all__,P1_minus_B3,0.013888888888888895,-0.06438969764837627,-0.006569900687547758,0.0,-0.002411265432098797,0.05555555555555555
0.15,2,seen,harsh,central_furniture,P1_minus_B3,0.0,-0.106951871657754,-0.042417815482502674,0.0,0.0,0.10416666666666669
0.15,2,seen,harsh,clear,P1_minus_B3,0.041666666666666685,-0.011904761904761862,0.016666666666666663,0.0,-0.0060763888888888395,0.041666666666666685
0.15,2,seen,harsh,vertical_mid,P1_minus_B3,0.0,,0.0,0.0,0.0,0.020833333333333332
0.15,2,seen,standard,__all__,P1_minus_B3,-0.027777777777777776,0.0649350649350649,-0.030677882236516574,0.0,-0.04263117283950624,-0.04166666666666667
0.15,2,seen,standard,central_furniture,P1_minus_B3,-0.041666666666666664,0.2777777777777778,-0.04428904428904429,0.0,-0.07118055555555558,-0.125
0.15,2,seen,standard,clear,P1_minus_B3,0.0,0.0,0.0,0.0,0.00347222222222221,0.0
0.15,2,seen,standard,vertical_mid,P1_minus_B3,-0.041666666666666664,,-0.08,0.0,-0.06770833333333331,0.0
0.15,2,unseen,__all__,__all__,P1_minus_B3,0.004166666666666666,-0.0015837104072398134,0.004960613157334454,0.0,0.005416666666666736,0.004166666666666666
0.15,2,unseen,__all__,horizontal_new,P1_minus_B3,0.0,,0.0,0.0,0.0390625,0.0
0.15,2,unseen,__all__,low_new,P1_minus_B3,0.0,-0.05641025641025643,-0.015246015246015265,0.0,0.01953125,0.04166666666666666
0.15,2,unseen,__all__,two_new,P1_minus_B3,0.0,0.03508771929824561,0.0060566731559593134,0.0,0.01475694444444442,-0.020833333333333343
0.15,2,unseen,__all__,vertical_new,P1_minus_B3,0.0,,0.0,0.0,-0.00347222222222221,0.0
0.15,2,unseen,__all__,wide_new,P1_minus_B3,0.020833333333333343,0.03508771929824561,0.027137042062415184,0.0,-0.017578125,0.0
0.15,2,unseen,harsh,__all__,P1_minus_B3,0.04166666666666666,-0.08105872622001653,0.027921763770820368,0.0,-0.0040972222222221966,0.075
0.15,2,unseen,harsh,horizontal_new,P1_minus_B3,0.0,,0.0,0.0,-0.03211805555555558,0.0
0.15,2,unseen,harsh,low_new,P1_minus_B3,0.04166666666666663,-0.13333333333333336,-0.02564102564102566,0.0,0.0,0.16666666666666666
0.15,2,unseen,harsh,two_new,P1_minus_B3,0.08333333333333334,-0.04824561403508776,0.04780361757105944,0.0,0.0,0.10416666666666666
0.15,2,unseen,harsh,vertical_new,P1_minus_B3,0.0,,0.0,0.0,0.0,0.0
0.15,2,unseen,harsh,wide_new,P1_minus_B3,0.08333333333333334,-0.04824561403508776,0.04780361757105944,0.0,0.0,0.10416666666666666
0.15,2,unseen,standard,__all__,P1_minus_B3,-0.03333333333333333,0.23076923076923078,-0.04827136333985649,0.0,-0.009444444444444478,-0.06666666666666667
0.15,2,unseen,standard,horizontal_new,P1_minus_B3,0.0,,0.0,0.0,0.08159722222222221,0.0
0.15,2,unseen,standard,low_new,P1_minus_B3,-0.04166666666666666,0.13636363636363635,-0.028571428571428553,0.0,0.02777777777777779,-0.08333333333333334
0.15,2,unseen,standard,two_new,P1_minus_B3,-0.08333333333333333,,-0.12121212121212122,0.0,0.01649305555555558,-0.14583333333333334
0.15,2,unseen,standard,vertical_new,P1_minus_B3,0.0,,0.0,0.0,-0.07725694444444442,0.0
0.15,2,unseen,standard,wide_new,P1_minus_B3,-0.041666666666666664,,-0.06666666666666667,0.0,-0.07291666666666669,-0.10416666666666667
0.15,3,all,__all__,__all__,P1_minus_B3,0.0078125,0.016878546290310936,0.011007805462633358,0.0,-0.00347222222222221,-0.0013020833333333426
0.15,3,seen,__all__,__all__,P1_minus_B3,-0.00694444444444442,-0.016393442622950838,-0.009756097560975618,0.0,-0.008367091049382713,0.0034722222222222238
0.15,3,seen,__all__,central_furniture,P1_minus_B3,-0.020833333333333315,0.0025062656641603454,-0.020333117023577763,0.0,-0.00911458333333326,-0.010416666666666671
0.15,3,seen,__all__,clear,P1_minus_B3,0.0,0.0,0.0,0.0,-0.0006510416666667407,0.0
0.15,3,seen,__all__,vertical_mid,P1_minus_B3,0.0,-0.2666666666666666,-0.0029596744358120625,0.0,0.005208333333333259,0.020833333333333336
0.15,3,seen,harsh,__all__,P1_minus_B3,0.013888888888888895,-0.037569573283859015,-0.0012824166429181716,0.0,-0.001350308641975384,0.027777777777777762
0.15,3,seen,harsh,central_furniture,P1_minus_B3,0.0,-0.0619195046439629,-0.02268859897901304,0.0,0.0,0.04166666666666666
0.15,3,seen,harsh,clear,P1_minus_B3,0.0,0.0,0.0,0.0,-0.003472222222222321,0.0
0.15,3,seen,harsh,vertical_mid,P1_minus_B3,0.041666666666666664,-0.09999999999999998,0.06100795755968169,0.0,-0.0026041666666666297,0.04166666666666667
0.15,3,seen,standard,__all__,P1_minus_B3,-0.027777777777777776,0.004901960784313764,-0.03825575173889781,0.0,-0.03298611111111116,-0.020833333333333336
0.15,3,seen,standard,central_furniture,P1_minus_B3,-0.041666666666666664,,-0.07142857142857142,0.0,-0.02170138888888884,-0.0625
0.15,3,seen,standard,clear,P1_minus_B3,0.0,0.0,0.0,0.0,0.0017361111111111605,0.0
0.15,3,seen,standard,vertical_mid,P1_minus_B3,-0.041666666666666664,,-0.08,0.0,-0.07986111111111105,0.0
0.15,3,unseen,__all__,__all__,P1_minus_B3,0.016666666666666663,0.05295566502463056,0.025666606203518932,0.0,0.0005989583333333437,-0.004166666666666666
0.15,3,unseen,__all__,horizontal_new,P1_minus_B3,0.0,0.0,0.0,0.0,0.04535590277777779,0.0
0.15,3,unseen,__all__,low_new,P1_minus_B3,0.041666666666666685,0.08333333333333337,0.05555555555555558,0.0,0.0078125,-0.02083333333333333
0.15,3,unseen,__all__,two_new,P1_minus_B3,0.020833333333333315,0.0625,0.03125,0.0,0.0032552083333333703,-0.010416666666666671
0.15,3,unseen,__all__,vertical_new,P1_minus_B3,0.0,0.0,0.0,0.0,0.001953125,0.0
0.15,3,unseen,__all__,wide_new,P1_minus_B3,0.020833333333333343,0.00512820512820511,0.025500910746812377,0.0,-0.01497395833333337,0.010416666666666657
0.15,3,unseen,harsh,__all__,P1_minus_B3,0.033333333333333326,-0.001547388781431347,0.032574850299401215,0.0,-0.002187500000000009,0.016666666666666663
0.15,3,unseen,harsh,horizontal_new,P1_minus_B3,0.0,0.0,0.0,0.0,-0.01736111111111105,0.0
0.15,3,unseen,harsh,low_new,P1_minus_B3,0.08333333333333331,0.045112781954887216,0.06821705426356589,0.0,0.0,0.0
0.15,3,unseen,harsh,two_new,P1_minus_B3,0.04166666666666663,0.0,0.031578947368421095,0.0,0.0,0.020833333333333315
0.15,3,unseen,harsh,vertical_new,P1_minus_B3,0.0,0.0,0.0,0.0,0.0,0.0
0.15,3,unseen,harsh,wide_new,P1_minus_B3,0.041666666666666685,-0.07878787878787874,0.016117216117216115,0.0,0.0,0.062499999999999986
0.15,3,unseen,standard,__all__,P1_minus_B3,0.0,0.4444444444444444,0.0015125732652675403,0.0,-0.02809027777777784,-0.025
0.15,3,unseen,standard,horizontal_new,P1_minus_B3,0.0,,0.0,0.0,0.0060763888888888395,0.0
0.15,3,unseen,standard,low_new,P1_minus_B3,0.0,0.2666666666666666,0.010217113665389521,0.0,0.006076388888888951,-0.04166666666666667
0.15,3,unseen,standard,two_new,P1_minus_B3,0.0,,0.0,0.0,-0.0026041666666667407,-0.041666666666666664
0.15,3,unseen,standard,vertical_new,P1_minus_B3,0.0,,0.0,0.0,-0.10416666666666674,0.0
0.15,3,unseen,standard,wide_new,P1_minus_B3,0.0,,0.0,0.0,-0.03559027777777779,-0.041666666666666664
0.15,4,all,__all__,__all__,P1_minus_B3,0.02083333333333333,-0.03560371517027866,0.02501341921631775,0.0,-0.0016276041666666297,0.0234375
0.15,4,seen,__all__,__all__,P1_minus_B3,0.020833333333333315,-0.03823088455772111,0.017196456487754058,0.0,-0.003014081790123413,0.03125
0.15,4,seen,__all__,central_furniture,P1_minus_B3,0.04166666666666667,-0.033333333333333326,0.04980842911877392,0.0,-0.015625,0.031249999999999993
0.15,4,seen,__all__,clear,P1_minus_B3,0.041666666666666685,0.0007974481658692412,0.027849554981337954,0.0,0.001953125,0.03125
0.15,4,seen,__all__,vertical_mid,P1_minus_B3,-0.020833333333333332,-0.4666666666666666,-0.040695523492415835,0.0,0.02213541666666663,0.03125
0.15,4,seen,harsh,__all__,P1_minus_B3,0.06944444444444445,-0.053623188405797106,0.04752409438351607,0.0,-0.0004822530864198038,0.0763888888888889
0.15,4,seen,harsh,central_furniture,P1_minus_B3,0.08333333333333334,-0.2142857142857143,0.04584040747028861,0.0,0.0,0.10416666666666669
0.15,4,seen,harsh,clear,P1_minus_B3,0.08333333333333331,-0.0016835016835017313,0.04006820119352089,0.0,0.0,0.0625
0.15,4,seen,harsh,vertical_mid,P1_minus_B3,0.041666666666666664,0.2,0.06896551724137931,0.0,0.0,0.0625
0.15,4,seen,standard,__all__,P1_minus_B3,-0.027777777777777776,-0.041666666666666685,-0.04112554112554112,0.0,-0.01070601851851849,-0.013888888888888895
0.15,4,seen,standard,central_furniture,P1_minus_B3,0.0,0.0,0.0,0.0,-0.03559027777777779,-0.04166666666666667
0.15,4,seen,standard,clear,P1_minus_B3,0.0,0.0,0.0,0.0,0.0078125,0.0
0.15,4,seen,standard,vertical_mid,P1_minus_B3,-0.08333333333333333,,-0.15384615384615385,0.0,-0.033854166666666685,0.0
0.15,4,unseen,__all__,__all__,P1_minus_B3,0.02083333333333333,-0.03484848484848485,0.030099113197704738,0.0,0.0009201388888888662,0.018750000000000003
0.15,4,unseen,__all__,horizontal_new,P1_minus_B3,0.0,,0.0,0.0,0.04296875,0.010416666666666666
0.15,4,unseen,__all__,low_new,P1_minus_B3,0.020833333333333343,-0.031578947368421095,0.018479033404406542,0.0,0.005859375,0.03125
0.15,4,unseen,__all__,two_new,P1_minus_B3,0.020833333333333343,-0.11688311688311687,0.02403697996918336,0.0,0.002821180555555469,0.03125
0.15,4,unseen,__all__,vertical_new,P1_minus_B3,0.020833333333333332,0.3333333333333333,0.0392156862745098,0.0,0.00802951388888884,0.010416666666666666
0.15,4,unseen,__all__,wide_new,P1_minus_B3,0.04166666666666667,0.02857142857142858,0.06144200626959248,0.0,-0.02061631944444442,0.010416666666666664
0.15,4,unseen,harsh,__all__,P1_minus_B3,0.04999999999999999,-0.16666666666666669,0.050170738114000524,0.0,-0.0016319444444444775,0.0625
0.15,4,unseen,harsh,horizontal_new,P1_minus_B3,0.0,,0.0,0.0,-0.01302083333333337,0.020833333333333332
0.15,4,unseen,harsh,low_new,P1_minus_B3,0.08333333333333334,-0.02777777777777779,0.055555555555555525,0.0,0.0,0.08333333333333331
0.15,4,unseen,harsh,two_new,P1_minus_B3,0.041666666666666685,-0.5,0.00840336134453784,0.0,0.0,0.10416666666666667
0.15,4,unseen,harsh,vertical_new,P1_minus_B3,0.041666666666666664,0.3333333333333333,0.07407407407407407,0.0,0.0,0.020833333333333332
0.15,4,unseen,harsh,wide_new,P1_minus_B3,0.08333333333333334,-0.4,0.06722689075630256,0.0,0.0,0.08333333333333333
0.15,4,unseen,standard,__all__,P1_minus_B3,-0.008333333333333333,-0.1111111111111111,-0.015503875968992248,0.0,-0.005694444444444446,-0.025
0.15,4,unseen,standard,horizontal_new,P1_minus_B3,0.0,,0.0,0.0,0.05295138888888884,0.0
0.15,4,unseen,standard,low_new,P1_minus_B3,-0.041666666666666664,-0.3333333333333333,-0.07407407407407407,0.0,0.00434027777777779,-0.020833333333333332
0.15,4,unseen,standard,two_new,P1_minus_B3,0.0,0.0,0.0,0.0,0.01909722222222221,-0.04166666666666667
0.15,4,unseen,standard,vertical_new,P1_minus_B3,0.0,,0.0,0.0,-0.0642361111111111,0.0
0.15,4,unseen,standard,wide_new,P1_minus_B3,0.0,,0.0,0.0,-0.03385416666666663,-0.0625
0.2,0,all,__all__,__all__,P1_minus_B3,-0.028645833333333343,-0.04623589901005298,-0.03649134599227022,0.0,8.477105034720989e-05,0.0026041666666666574
0.2,0,seen,__all__,__all__,P1_minus_B3,-0.03472222222222221,-0.05618776671408249,-0.04320266889074226,0.0,-0.0021460262345678327,0.010416666666666657
0.2,0,seen,__all__,central_furniture,P1_minus_B3,-0.06250000000000003,-0.0435897435897436,-0.06167706167706166,0.0,-0.00868055555555558,-0.010416666666666657
0.2,0,seen,__all__,clear,P1_minus_B3,0.0,-0.018150879183210455,-0.007902210149401123,0.0,0.0010850694444444198,0.020833333333333315
0.2,0,seen,__all__,vertical_mid,P1_minus_B3,-0.041666666666666664,-0.4,-0.07547169811320754,0.0,0.01236979166666663,0.020833333333333336
0.2,0,seen,harsh,__all__,P1_minus_B3,0.0,-0.04262574595055413,-0.013779798814937294,0.0,-0.0014467592592593004,0.03472222222222224
0.2,0,seen,harsh,central_furniture,P1_minus_B3,0.0,-0.021645021645021634,-0.009661835748792258,0.0,0.0,0.020833333333333343
0.2,0,seen,harsh,clear,P1_minus_B3,0.0,-0.03205128205128205,-0.016666666666666663,0.0,-0.00520833333333337,0.04166666666666663
0.2,0,seen,harsh,vertical_mid,P1_minus_B3,0.0,0.0,0.0,0.0,-0.0008680555555555802,0.04166666666666667
0.2,0,seen,standard,__all__,P1_minus_B3,-0.06944444444444443,-0.09565217391304348,-0.08792569659442726,0.0,-0.018036265432098797,-0.013888888888888895
0.2,0,seen,standard,central_furniture,P1_minus_B3,-0.125,-0.19444444444444442,-0.170995670995671,0.0,-0.02690972222222221,-0.04166666666666667
0.2,0,seen,standard,clear,P1_minus_B3,0.0,0.0,0.0,0.0,0.006076388888888951,0.0
0.2,0,seen,standard,vertical_mid,P1_minus_B3,-0.08333333333333333,-0.5,-0.14285714285714285,0.0,-0.05034722222222221,0.0
0.2,0,unseen,__all__,__all__,P1_minus_B3,-0.024999999999999994,-0.037617135207496655,-0.03229195984613942,0.0,0.0024045138888888484,-0.002083333333333326
0.2,0,unseen,__all__,horizontal_new,P1_minus_B3,0.0,0.0,0.0,0.0,0.02756076388888895,0.0
0.2,0,unseen,__all__,low_new,P1_minus_B3,-0.02083333333333337,-0.033333333333333326,-0.02564102564102566,0.0,0.00933159722222221,0.010416666666666685
0.2,0,unseen,__all__,two_new,P1_minus_B3,-0.020833333333333343,-0.007575757575757569,-0.020634920634920673,0.0,0.01410590277777779,-0.010416666666666685
0.2,0,unseen,__all__,vertical_new,P1_minus_B3,-0.020833333333333332,-0.25,-0.038461538461538464,0.0,0.0013020833333333703,0.0
0.2,0,unseen,__all__,wide_new,P1_minus_B3,-0.0625,-0.05384615384615388,-0.06444906444906445,0.0,-0.01128472222222221,-0.010416666666666657
0.2,0,unseen,harsh,__all__,P1_minus_B3,0.0,-0.043133802816901434,-0.011154108809469654,0.0,-0.00288194444444434,0.029166666666666674
0.2,0,unseen,harsh,horizontal_new,P1_minus_B3,0.0,0.0,0.0,0.0,-0.01822916666666663,0.0
0.2,0,unseen,harsh,low_new,P1_minus_B3,0.0,-0.041407867494824,-0.018912529550827395,0.0,0.0,0.04166666666666666
0.2,0,unseen,harsh,two_new,P1_minus_B3,0.0,-0.045112781954887216,-0.018604651162790697,0.0,0.0,0.04166666666666666
0.2,0,unseen,harsh,vertical_new,P1_minus_B3,0.0,0.0,0.0,0.0,0.0,0.0
0.2,0,unseen,harsh,wide_new,P1_minus_B3,0.0,-0.05357142857142855,-0.025000000000000022,0.0,0.0,0.0625
0.2,0,unseen,standard,__all__,P1_minus_B3,-0.049999999999999996,-0.09615384615384615,-0.07783312577833125,0.0,-0.006631944444444482,-0.03333333333333333
0.2,0,unseen,standard,horizontal_new,P1_minus_B3,0.0,0.0,0.0,0.0,0.05295138888888895,0.0
0.2,0,unseen,standard,low_new,P1_minus_B3,-0.04166666666666666,-0.015873015873015872,-0.04887585532746824,0.0,0.01128472222222221,-0.020833333333333343
0.2,0,unseen,standard,two_new,P1_minus_B3,-0.041666666666666664,-0.2,-0.06896551724137931,0.0,0.01475694444444442,-0.0625
0.2,0,unseen,standard,vertical_new,P1_minus_B3,-0.041666666666666664,-0.5,-0.07692307692307693,0.0,-0.06597222222222221,0.0
0.2,0,unseen,standard,wide_new,P1_minus_B3,-0.125,-0.3333333333333333,-0.18181818181818182,0.0,-0.02864583333333337,-0.08333333333333334
0.2,1,all,__all__,__all__,P1_minus_B3,-0.00520833333333337,-0.0016761448668063395,-0.004263524578250244,0.0,-0.000152587890625,-0.0013020833333333426
0.2,1,seen,__all__,__all__,P1_minus_B3,-0.006944444444444475,0.0008010680907877266,-0.0043200691211059405,0.0,-0.0005304783950617065,-0.0034722222222222376
0.2,1,seen,__all__,central_furniture,P1_minus_B3,0.0,-0.021666666666666612,-0.004946727549467289,0.0,-0.00737847222222221,0.010416666666666671
0.2,1,seen,__all__,clear,P1_minus_B3,0.041666666666666685,-0.012383900928792602,0.022688598979012986,0.0,0.0006510416666667407,0.020833333333333343
0.2,1,seen,__all__,vertical_mid,P1_minus_B3,-0.0625,0.010204081632653073,-0.028178694158075612,0.0,0.0021701388888889506,-0.041666666666666685
0.2,1,seen,harsh,__all__,P1_minus_B3,-0.06944444444444442,-0.0022321428571429047,-0.04227941176470584,0.0,-0.0008680555555555802,-0.020833333333333315
0.2,1,seen,harsh,central_furniture,P1_minus_B3,-0.08333333333333337,-0.05128205128205121,-0.08038808038808032,0.0,0.0,0.0
0.2,1,seen,harsh,clear,P1_minus_B3,0.0,0.0,0.0,0.0,-0.0008680555555555802,0.0
0.2,1,seen,harsh,vertical_mid,P1_minus_B3,-0.125,0.009740259740259716,-0.05518394648829428,0.0,-0.0008680555555554692,-0.06249999999999997
0.2,1,seen,standard,__all__,P1_minus_B3,0.055555555555555525,0.02752728998576176,0.049730506647502726,0.0,0.001350308641975273,0.013888888888888895
0.2,1,seen,standard,central_furniture,P1_minus_B3,0.08333333333333334,0.08333333333333337,0.09595959595959597,0.0,-0.00694444444444442,0.020833333333333343
0.2,1,seen,standard,clear,P1_minus_B3,0.08333333333333331,-0.009049773755656076,0.06064601186552404,0.0,0.0017361111111111605,0.04166666666666666
0.2,1,seen,standard,vertical_mid,P1_minus_B3,0.0,0.021428571428571463,0.009090909090909094,0.0,0.00868055555555558,-0.020833333333333343
0.2,1,unseen,__all__,__all__,P1_minus_B3,-0.004166666666666652,-0.0032249742002063986,-0.004089422028353329,0.0,0.0006510416666666297,0.0
0.2,1,unseen,__all__,horizontal_new,P1_minus_B3,-0.041666666666666685,-0.006191950464396301,-0.02949517867271695,0.0,0.005859375,-0.020833333333333343
0.2,1,unseen,__all__,low_new,P1_minus_B3,0.041666666666666685,-0.004464285714285698,0.030263157894736825,0.0,-0.0028211805555555802,0.020833333333333343
0.2,1,unseen,__all__,two_new,P1_minus_B3,0.0,-0.045217391304347765,-0.010032799536947745,0.0,0.0008680555555555802,0.02083333333333333
0.2,1,unseen,__all__,vertical_new,P1_minus_B3,-0.041666666666666685,0.041118421052631526,-0.013372093023255816,0.0,0.005859375,-0.041666666666666685
0.2,1,unseen,__all__,wide_new,P1_minus_B3,0.020833333333333315,-0.01326259946949604,0.013338013338013321,0.0,-0.007161458333333259,0.020833333333333315
0.2,1,unseen,harsh,__all__,P1_minus_B3,-0.03333333333333338,0.012383900928792602,-0.022579244463742987,0.0,-0.0003472222222222765,-0.016666666666666663
0.2,1,unseen,harsh,horizontal_new,P1_minus_B3,-0.125,-0.08653846153846156,-0.1216216216216216,0.0,-0.0026041666666667407,0.0
0.2,1,unseen,harsh,low_new,P1_minus_B3,0.0,0.04285714285714293,0.012145748987854199,0.0,0.0,-0.02083333333333333
0.2,1,unseen,harsh,two_new,P1_minus_B3,0.0,0.0,0.0,0.0,0.0,0.0
0.2,1,unseen,harsh,vertical_new,P1_minus_B3,-0.041666666666666685,0.0756302521008404,0.003252032520325243,0.0,0.0,-0.0625
0.2,1,unseen,harsh,wide_new,P1_minus_B3,0.0,0.0,0.0,0.0,0.0,0.0
0.2,1,unseen,standard,__all__,P1_minus_B3,0.025000000000000022,0.0010822510822510734,0.018264158455260304,0.0,0.005694444444444446,0.016666666666666663
0.2,1,unseen,standard,horizontal_new,P1_minus_B3,0.04166666666666663,0.06277056277056275,0.05120772946859903,0.0,0.01909722222222221,-0.041666666666666685
0.2,1,unseen,standard,low_new,P1_minus_B3,0.08333333333333331,-0.017094017094017144,0.05662805662805659,0.0,0.0026041666666666297,0.0625
0.2,1,unseen,standard,two_new,P1_minus_B3,0.0,-0.059523809523809534,-0.0146198830409357,0.0,0.0026041666666667407,0.04166666666666666
0.2,1,unseen,standard,vertical_new,P1_minus_B3,-0.041666666666666685,0.0039215686274509665,-0.028767979987492198,0.0,0.01736111111111105,-0.020833333333333315
0.2,1,unseen,standard,wide_new,P1_minus_B3,0.04166666666666666,-0.009615384615384637,0.029729729729729704,0.0,-0.0008680555555555802,0.041666666666666685
0.2,2,all,__all__,__all__,P1_minus_B3,-0.018229166666666657,-0.010737628384687226,-0.019998380697919177,0.0,-0.00645277235243058,-0.010416666666666657
0.2,2,seen,__all__,__all__,P1_minus_B3,-0.02777777777777779,-0.02946627131208307,-0.031078224101479895,0.0,-0.01663773148148151,-0.0034722222222222376
0.2,2,seen,__all__,central_furniture,P1_minus_B3,-0.04166666666666666,0.01149425287356326,-0.025974025974025983,0.0,-0.01779513888888895,-0.05208333333333334
0.2,2,seen,__all__,clear,P1_minus_B3,-0.020833333333333315,-0.025641025641025605,-0.02298850574712641,0.0,-0.002821180555555469,0.010416666666666657
0.2,2,seen,__all__,vertical_mid,P1_minus_B3,-0.020833333333333332,-1.0,-0.04081632653061224,0.0,-0.004123263888888951,0.03125
0.2,2,seen,harsh,__all__,P1_minus_B3,0.013888888888888895,-0.014545454545454528,0.004130631212082125,0.0,-0.002411265432098797,0.02777777777777779
0.2,2,seen,harsh,central_furniture,P1_minus_B3,0.041666666666666685,0.02615384615384614,0.033469387755102054,0.0,0.0,0.0
0.2,2,seen,harsh,clear,P1_minus_B3,0.0,-0.015384615384615385,-0.008163265306122436,0.0,-0.0060763888888888395,0.020833333333333315
0.2,2,seen,harsh,vertical_mid,P1_minus_B3,0.0,,0.0,0.0,0.0,0.0625
0.2,2,seen,standard,__all__,P1_minus_B3,-0.06944444444444446,-0.04807692307692307,-0.08812615955473099,0.0,-0.04263117283950624,-0.034722222222222224
0.2,2,seen,standard,central_furniture,P1_minus_B3,-0.125,-0.03030303030303033,-0.1544973544973545,0.0,-0.07118055555555558,-0.10416666666666669
0.2,2,seen,standard,clear,P1_minus_B3,-0.04166666666666666,-0.04395604395604391,-0.045519203413940224,0.0,0.00347222222222221,0.0
0.2,2,seen,standard,vertical_mid,P1_minus_B3,-0.041666666666666664,,-0.08,0.0,-0.06770833333333331,0.0
0.2,2,unseen,__all__,__all__,P1_minus_B3,-0.012500000000000011,0.004506892895015935,-0.012833944473546355,0.0,0.0011371527777778168,-0.014583333333333323
0.2,2,unseen,__all__,horizontal_new,P1_minus_B3,0.0,,0.0,0.0,0.04058159722222221,0.0
0.2,2,unseen,__all__,low_new,P1_minus_B3,-0.020833333333333343,0.011981566820276512,-0.01067561384779625,0.0,0.01280381944444453,-0.03125
0.2,2,unseen,__all__,two_new,P1_minus_B3,0.0,0.011904761904761862,0.0031578947368421095,0.0,0.00737847222222221,-0.010416666666666657
0.2,2,unseen,__all__,vertical_new,P1_minus_B3,0.0,,0.0,0.0,-0.00347222222222221,0.010416666666666666
0.2,2,unseen,__all__,wide_new,P1_minus_B3,-0.041666666666666685,0.0029985007496251548,-0.03438814706420337,0.0,-0.02278645833333337,-0.04166666666666666
0.2,2,unseen,harsh,__all__,P1_minus_B3,0.008333333333333331,-0.04075504075504072,-0.003943439806208093,0.0,-0.0040972222222221966,0.041666666666666685
0.2,2,unseen,harsh,horizontal_new,P1_minus_B3,0.0,,0.0,0.0,-0.03211805555555558,0.0
0.2,2,unseen,harsh,low_new,P1_minus_B3,0.0,-0.013333333333333308,-0.006802721088435382,0.0,0.0,0.02083333333333337
0.2,2,unseen,harsh,two_new,P1_minus_B3,0.04166666666666663,-0.04842105263157892,0.0009492168960607006,0.0,0.0,0.10416666666666669
0.2,2,unseen,harsh,vertical_new,P1_minus_B3,0.0,,0.0,0.0,0.0,0.020833333333333332
0.2,2,unseen,harsh,wide_new,P1_minus_B3,0.0,-0.05217391304347829,-0.023210831721470038,0.0,0.0,0.0625
0.2,2,unseen,standard,__all__,P1_minus_B3,-0.03333333333333333,0.22413793103448276,-0.04488255033557047,0.0,-0.009444444444444478,-0.07083333333333333
0.2,2,unseen,standard,horizontal_new,P1_minus_B3,0.0,,0.0,0.0,0.08159722222222221,0.0
0.2,2,unseen,standard,low_new,P1_minus_B3,-0.04166666666666666,0.13636363636363635,-0.028571428571428553,0.0,0.02777777777777779,-0.08333333333333334
0.2,2,unseen,standard,two_new,P1_minus_B3,-0.041666666666666664,0.2777777777777778,-0.04428904428904429,0.0,0.01649305555555558,-0.125
0.2,2,unseen,standard,vertical_new,P1_minus_B3,0.0,,0.0,0.0,-0.07725694444444442,0.0
0.2,2,unseen,standard,wide_new,P1_minus_B3,-0.08333333333333333,,-0.12121212121212122,0.0,-0.07291666666666669,-0.14583333333333334
0.2,3,all,__all__,__all__,P1_minus_B3,0.015625,0.008884866932664215,0.01728543256452031,0.0,-0.002105712890625,0.005208333333333343
0.2,3,seen,__all__,__all__,P1_minus_B3,0.0,-0.005854430379746811,-0.0014814221652786896,0.0,-0.00701678240740744,0.00347222222222221
0.2,3,seen,__all__,central_furniture,P1_minus_B3,0.0,0.017195767195767153,0.004561403508771933,0.0,-0.0078125,-0.010416666666666657
0.2,3,seen,__all__,clear,P1_minus_B3,0.0,0.0,0.0,0.0,-0.0010850694444444198,0.0
0.2,3,seen,__all__,vertical_mid,P1_minus_B3,0.0,-0.125,-0.003968253968253968,0.0,0.01041666666666663,0.020833333333333336
0.2,3,seen,harsh,__all__,P1_minus_B3,0.02777777777777779,-0.002139037433155133,0.017668523141924353,0.0,-0.001060956790123524,0.013888888888888895
0.2,3,seen,harsh,central_furniture,P1_minus_B3,0.041666666666666685,-0.0020703933747412417,0.021749408983451513,0.0,0.0,0.020833333333333315
0.2,3,seen,harsh,clear,P1_minus_B3,0.0,0.0,0.0,0.0,-0.003472222222222321,0.0
0.2,3,seen,harsh,vertical_mid,P1_minus_B3,0.04166666666666667,0.0,0.05714285714285716,0.0,-0.0026041666666666297,0.020833333333333336
0.2,3,seen,standard,__all__,P1_minus_B3,-0.02777777777777779,-0.037142857142857144,-0.03505154639175259,0.0,-0.03067129629629639,-0.0069444444444444475
0.2,3,seen,standard,central_furniture,P1_minus_B3,-0.041666666666666664,-0.0357142857142857,-0.0576036866359447,0.0,-0.02083333333333337,-0.04166666666666667
0.2,3,seen,standard,clear,P1_minus_B3,0.0,0.0,0.0,0.0,0.0017361111111111605,0.0
0.2,3,seen,standard,vertical_mid,P1_minus_B3,-0.041666666666666664,-0.5,-0.07692307692307693,0.0,-0.07291666666666663,0.020833333333333332
0.2,3,unseen,__all__,__all__,P1_minus_B3,0.024999999999999994,0.024691358024691357,0.03163191948238678,0.0,0.0018402777777778434,0.0062500000000000056
0.2,3,unseen,__all__,horizontal_new,P1_minus_B3,0.0,0.0,0.0,0.0,0.04600694444444453,0.0
0.2,3,unseen,__all__,low_new,P1_minus_B3,0.0,-0.017241379310344862,-0.004995004995004992,0.0,0.006944444444444531,0.010416666666666657
0.2,3,unseen,__all__,two_new,P1_minus_B3,0.0625,0.05720823798627006,0.07105318478032371,0.0,0.00434027777777779,0.010416666666666671
0.2,3,unseen,__all__,vertical_new,P1_minus_B3,0.0,-0.2666666666666666,-0.0029596744358120625,0.0,0.00846354166666674,0.020833333333333336
0.2,3,unseen,__all__,wide_new,P1_minus_B3,0.0625,0.10454545454545455,0.07983193277310924,0.0,-0.01519097222222221,-0.010416666666666657
0.2,3,unseen,harsh,__all__,P1_minus_B3,0.05833333333333332,-0.006849315068493178,0.04721429818943934,0.0,-0.0020138888888888706,0.03333333333333334
0.2,3,unseen,harsh,horizontal_new,P1_minus_B3,0.0,0.0,0.0,0.0,-0.015625,0.0
0.2,3,unseen,harsh,low_new,P1_minus_B3,0.04166666666666663,-0.025454545454545396,0.008873114463176623,0.0,0.0,0.04166666666666666
0.2,3,unseen,harsh,two_new,P1_minus_B3,0.125,0.0,0.07826086956521738,0.0,0.0,0.0625
0.2,3,unseen,harsh,vertical_new,P1_minus_B3,0.0,-0.16666666666666663,-0.005291005291005291,0.0,0.0,0.020833333333333332
0.2,3,unseen,harsh,wide_new,P1_minus_B3,0.125,0.038690476190476164,0.09444444444444444,0.0,0.0,0.04166666666666666
0.2,3,unseen,standard,__all__,P1_minus_B3,-0.008333333333333335,0.035714285714285726,-0.013526119402985072,0.0,-0.02545138888888887,-0.02083333333333333
0.2,3,unseen,standard,horizontal_new,P1_minus_B3,0.0,,0.0,0.0,0.0060763888888888395,0.0
0.2,3,unseen,standard,low_new,P1_minus_B3,-0.04166666666666667,-0.028571428571428525,-0.05561735261401557,0.0,0.00434027777777779,-0.02083333333333333
0.2,3,unseen,standard,two_new,P1_minus_B3,0.0,0.0,0.0,0.0,0.0008680555555554692,-0.04166666666666667
0.2,3,unseen,standard,vertical_new,P1_minus_B3,0.0,,0.0,0.0,-0.09288194444444442,0.020833333333333332
0.2,3,unseen,standard,wide_new,P1_minus_B3,0.0,0.0,0.0,0.0,-0.03298611111111105,-0.0625
0.2,4,all,__all__,__all__,P1_minus_B3,0.020833333333333343,0.008349950149551366,0.024563285320257422,0.0,-0.0031568739149305802,0.013020833333333343
0.2,4,seen,__all__,__all__,P1_minus_B3,0.013888888888888895,-0.009615384615384637,0.01076555023923445,0.0,-0.004147376543209846,0.017361111111111105
0.2,4,seen,__all__,central_furniture,P1_minus_B3,0.04166666666666666,-0.03676470588235292,0.0346153846153846,0.0,-0.01236979166666663,0.05208333333333333
0.2,4,seen,__all__,clear,P1_minus_B3,0.0,0.0,0.0,0.0,0.0004340277777776791,0.0
0.2,4,seen,__all__,vertical_mid,P1_minus_B3,0.0,0.0,0.0,0.0,0.0060763888888888395,0.0
0.2,4,seen,harsh,__all__,P1_minus_B3,0.055555555555555525,0.006458966565349555,0.04004726890756305,0.0,-0.0005787037037037202,0.03472222222222221
0.2,4,seen,harsh,central_furniture,P1_minus_B3,0.08333333333333331,-0.07142857142857145,0.031578947368421095,0.0,0.0,0.10416666666666666
0.2,4,seen,harsh,clear,P1_minus_B3,0.0,0.0,0.0,0.0,-0.0008680555555554692,0.0
0.2,4,seen,harsh,vertical_mid,P1_minus_B3,0.08333333333333334,0.22857142857142854,0.12458286985539488,0.0,0.0,0.0
0.2,4,seen,standard,__all__,P1_minus_B3,-0.027777777777777776,-0.08333333333333331,-0.04242424242424242,0.0,-0.010609567901234518,0.0
0.2,4,seen,standard,central_furniture,P1_minus_B3,0.0,0.0,0.0,0.0,-0.03645833333333337,0.0
0.2,4,seen,standard,clear,P1_minus_B3,0.0,0.0,0.0,0.0,0.0078125,0.0
0.2,4,seen,standard,vertical_mid,P1_minus_B3,-0.08333333333333333,-0.5,-0.14285714285714285,0.0,-0.03298611111111116,0.0
0.2,4,unseen,__all__,__all__,P1_minus_B3,0.02500000000000001,0.028891509433962237,0.03453386024788935,0.0,-0.0007378472222222543,0.010416666666666657
0.2,4,unseen,__all__,horizontal_new,P1_minus_B3,0.0,0.0,0.0,0.0,0.04340277777777779,0.0
0.2,4,unseen,__all__,low_new,P1_minus_B3,0.0625,0.059440559440559426,0.06872586872586875,0.0,0.005208333333333259,0.010416666666666657
0.2,4,unseen,__all__,two_new,P1_minus_B3,0.04166666666666667,0.05288461538461536,0.054815573770491816,0.0,0.00954861111111116,0.010416666666666671
0.2,4,unseen,__all__,vertical_new,P1_minus_B3,0.0,-0.04999999999999999,-0.0007256894049346915,0.0,0.0,0.010416666666666664
0.2,4,unseen,__all__,wide_new,P1_minus_B3,0.020833333333333343,-0.024038461538461564,0.022028688524590168,0.0,-0.01540798611111105,0.02083333333333333
0.2,4,unseen,harsh,__all__,P1_minus_B3,0.041666666666666685,-0.023809523809523836,0.03815937149270482,0.0,-0.0018055555555555047,0.03749999999999999
0.2,4,unseen,harsh,horizontal_new,P1_minus_B3,0.0,0.0,0.0,0.0,-0.015625,0.0
0.2,4,unseen,harsh,low_new,P1_minus_B3,0.08333333333333331,0.0024154589371980784,0.049645390070922,0.0,0.0,0.06250000000000003
0.2,4,unseen,harsh,two_new,P1_minus_B3,0.08333333333333334,0.0,0.07430340557275539,0.0,0.0,0.04166666666666667
0.2,4,unseen,harsh,vertical_new,P1_minus_B3,0.0,0.0,0.0,0.0,0.0,0.0
0.2,4,unseen,harsh,wide_new,P1_minus_B3,0.041666666666666685,-0.1333333333333333,0.006033182503770718,0.0,0.0,0.08333333333333333
0.2,4,unseen,standard,__all__,P1_minus_B3,0.008333333333333333,0.1590909090909091,0.01598282442748092,0.0,-0.00520833333333337,-0.016666666666666663
0.2,4,unseen,standard,horizontal_new,P1_minus_B3,0.0,,0.0,0.0,0.078125,0.0
0.2,4,unseen,standard,low_new,P1_minus_B3,0.041666666666666664,0.41666666666666663,0.07671957671957672,0.0,0.0026041666666667407,-0.04166666666666667
0.2,4,unseen,standard,two_new,P1_minus_B3,0.0,0.0,0.0,0.0,0.01909722222222221,-0.020833333333333336
0.2,4,unseen,standard,vertical_new,P1_minus_B3,0.0,0.0,0.0,0.0,-0.05902777777777779,0.020833333333333332
0.2,4,unseen,standard,wide_new,P1_minus_B3,0.0,0.0,0.0,0.0,-0.040798611111111105,-0.04166666666666667
