budget,method,scope,facility,geometry,n_seeds,recall_n_defined,recall_mean,recall_std,precision_n_defined,precision_mean,precision_std,f1_n_defined,f1_mean,f1_std,auroc_n_defined,auroc_mean,auroc_std,margin_auroc_n_defined,margin_auroc_mean,margin_auroc_std,false_positive_rate_n_defined,false_positive_rate_mean,false_positive_rate_std
0.01,B1,all,__all__,__all__,5,5,0.03177083333333334,0.008518451684268817,5,0.7984126984126985,0.1876107214868874,5,0.060792254075962913,0.015149527902285537,5,0.6471110026041667,0.1313430760123502,5,0.6471110026041667,0.1313430760123502,5,0.005208333333333333,0.005289087503018203
0.01,B1,seen,__all__,__all__,5,5,0.061111111111111116,0.013357905598382881,5,0.7928733031674209,0.19063032783215844,5,0.1123117604312637,0.021519429360199807,5,0.6628713348765432,0.13398304112954346,5,0.6628713348765432,0.13398304112954346,5,0.01111111111111111,0.010531771450071597
0.01,B1,seen,__all__,central_furniture,5,5,0.05416666666666666,0.018633899812498245,5,0.8833333333333332,0.16244657241348273,5,0.10153242835595777,0.033126872329517776,5,0.6614149305555556,0.1429363424772005,5,0.6614149305555556,0.1429363424772005,5,0.004166666666666667,0.00570544330734548
0.01,B1,seen,__all__,clear,5,5,0.12916666666666668,0.042695628191498324,5,0.7734265734265734,0.2070095438489724,5,0.21391412144399088,0.055776564707807966,5,0.6712239583333333,0.13726287157350192,5,0.6712239583333333,0.13726287157350192,5,0.029166666666666667,0.026962873136551636
0.01,B1,seen,__all__,vertical_mid,5,5,0.0,0.0,0,,,5,0.0,0.0,5,0.6819010416666667,0.10863820186102864,5,0.6819010416666667,0.10863820186102864,5,0.0,0.0
0.01,B1,seen,harsh,__all__,5,5,0.12222222222222223,0.026715811196765762,5,0.7928733031674209,0.19063032783215844,5,0.20801491964743785,0.035064883890016454,5,0.69477237654321,0.13268256782300983,5,0.69477237654321,0.13268256782300983,5,0.02222222222222222,0.021063542900143194
0.01,B1,seen,harsh,central_furniture,5,5,0.10833333333333332,0.03726779962499649,5,0.8833333333333332,0.16244657241348273,5,0.19116809116809116,0.05939271190588056,5,0.7005208333333334,0.12807276487158323,5,0.7005208333333334,0.12807276487158323,5,0.008333333333333333,0.01141088661469096
0.01,B1,seen,harsh,clear,5,5,0.25833333333333336,0.08539125638299665,5,0.7734265734265734,0.2070095438489724,5,0.36725868725868727,0.07560788075068332,5,0.7152777777777778,0.12932279896811522,5,0.7152777777777778,0.12932279896811522,5,0.058333333333333334,0.05392574627310327
0.01,B1,seen,harsh,vertical_mid,5,5,0.0,0.0,0,,,5,0.0,0.0,5,0.7190972222222223,0.11052566575814354,5,0.7190972222222223,0.11052566575814354,5,0.0,0.0
0.01,B1,seen,standard,__all__,5,5,0.0,0.0,0,,,5,0.0,0.0,5,0.6339699074074074,0.13204200469711136,5,0.6339699074074074,0.13204200469711136,5,0.0,0.0
0.01,B1,seen,standard,central_furniture,5,5,0.0,0.0,0,,,5,0.0,0.0,5,0.6373263888888888,0.15053494983785387,5,0.6373263888888888,0.15053494983785387,5,0.0,0.0
0.01,B1,seen,standard,clear,5,5,0.0,0.0,0,,,5,0.0,0.0,5,0.640798611111111,0.13617050017057752,5,0.640798611111111,0.13617050017057752,5,0.0,0.0
0.01,B1,seen,standard,vertical_mid,5,5,0.0,0.0,0,,,5,0.0,0.0,5,0.640451388888889,0.1117440738478934,5,0.640451388888889,0.1117440738478934,5,0.0,0.0
0.01,B1,unseen,__all__,__all__,5,5,0.014166666666666666,0.010865337342004415,5,0.8400000000000001,0.23021728866442676,5,0.027614180510388588,0.020833215842981843,5,0.6380399305555555,0.129426601768284,5,0.6380399305555555,0.129426601768284,5,0.0016666666666666666,0.002716334335501104
0.01,B1,unseen,__all__,horizontal_new,5,5,0.0,0.0,0,,,5,0.0,0.0,5,0.6492621527777778,0.1335348372692153,5,0.6492621527777778,0.1335348372692153,5,0.0,0.0
0.01,B1,unseen,__all__,low_new,5,5,0.03333333333333334,0.027950849718747367,5,0.8142857142857143,0.25555062599997597,5,0.061580705009276426,0.0468882346131508,5,0.6623697916666667,0.1389126566577416,5,0.6623697916666667,0.1389126566577416,5,0.008333333333333333,0.01358167167750552
0.01,B1,unseen,__all__,two_new,5,5,0.016666666666666666,0.01743041721945991,3,,,5,0.0323265306122449,0.03356680695190224,5,0.6346788194444445,0.13277691133678435,5,0.6346788194444445,0.13277691133678435,5,0.0,0.0
0.01,B1,unseen,__all__,vertical_new,5,5,0.0,0.0,0,,,5,0.0,0.0,5,0.666796875,0.10814594897507186,5,0.666796875,0.10814594897507186,5,0.0,0.0
0.01,B1,unseen,__all__,wide_new,5,5,0.020833333333333332,0.020833333333333332,3,,,5,0.04016326530612245,0.0400016659378196,5,0.6137586805555555,0.11498238789565274,5,0.6137586805555555,0.11498238789565274,5,0.0,0.0
0.01,B1,unseen,harsh,__all__,5,5,0.028333333333333332,0.02173067468400883,5,0.8400000000000001,0.23021728866442676,5,0.05387903274799425,0.04001364961003105,5,0.6593194444444445,0.13165667998636024,5,0.6593194444444445,0.13165667998636024,5,0.003333333333333333,0.005432668671002208
0.01,B1,unseen,harsh,horizontal_new,5,5,0.0,0.0,0,,,5,0.0,0.0,5,0.6498263888888889,0.12996447071320047,5,0.6498263888888889,0.12996447071320047,5,0.0,0.0
0.01,B1,unseen,harsh,low_new,5,5,0.06666666666666668,0.055901699437494734,5,0.8142857142857143,0.25555062599997597,5,0.11499751861042184,0.07998798005865253,5,0.6866319444444444,0.12944364577498604,5,0.6866319444444444,0.12944364577498604,5,0.016666666666666666,0.02716334335501104
0.01,B1,unseen,harsh,two_new,5,5,0.03333333333333333,0.03486083443891982,3,,,5,0.06276923076923077,0.06474711846184683,5,0.6618055555555556,0.12464776036404805,5,0.6618055555555556,0.12464776036404805,5,0.0,0.0
0.01,B1,unseen,harsh,vertical_new,5,5,0.0,0.0,0,,,5,0.0,0.0,5,0.7149305555555555,0.11612266989997717,5,0.7149305555555555,0.11612266989997717,5,0.0,0.0
0.01,B1,unseen,harsh,wide_new,5,5,0.041666666666666664,0.041666666666666664,3,,,5,0.07753846153846154,0.07693538363092674,5,0.6505208333333334,0.11552250837879875,5,0.6505208333333334,0.11552250837879875,5,0.0,0.0
0.01,B1,unseen,standard,__all__,5,5,0.0,0.0,0,,,5,0.0,0.0,5,0.6205208333333333,0.12210467980722775,5,0.6205208333333333,0.12210467980722775,5,0.0,0.0
0.01,B1,unseen,standard,horizontal_new,5,5,0.0,0.0,0,,,5,0.0,0.0,5,0.6527777777777778,0.13162424597933936,5,0.6527777777777778,0.13162424597933936,5,0.0,0.0
0.01,B1,unseen,standard,low_new,5,5,0.0,0.0,0,,,5,0.0,0.0,5,0.6527777777777778,0.13724888949577727,5,0.6527777777777778,0.13724888949577727,5,0.0,0.0
0.01,B1,unseen,standard,two_new,5,5,0.0,0.0,0,,,5,0.0,0.0,5,0.6333333333333333,0.13415404736705272,5,0.6333333333333333,0.13415404736705272,5,0.0,0.0
0.01,B1,unseen,standard,vertical_new,5,5,0.0,0.0,0,,,5,0.0,0.0,5,0.6163194444444444,0.09709037438701694,5,0.6163194444444444,0.09709037438701694,5,0.0,0.0
0.01,B1,unseen,standard,wide_new,5,5,0.0,0.0,0,,,5,0.0,0.0,5,0.5819444444444445,0.10510392864653882,5,0.5819444444444445,0.10510392864653882,5,0.0,0.0
0.01,B2,all,__all__,__all__,5,5,0.034374999999999996,0.005645698799135103,5,0.8140800719748089,0.1137614378835005,5,0.06588580184749819,0.010461592053256282,5,0.5878421359592014,0.06284760740462442,5,0.5878421359592014,0.06284760740462442,5,0.0041666666666666675,0.0026684767619686457
0.01,B2,seen,__all__,__all__,5,5,0.05416666666666666,0.010300275676521756,5,0.8003108003108004,0.11403793462610615,5,0.10106868318178583,0.01758854415611331,5,0.5989631558641976,0.07185078481948656,5,0.5989631558641976,0.07185078481948656,5,0.007638888888888888,0.004527223892501839
0.01,B2,seen,__all__,central_furniture,5,5,0.049999999999999996,0.011410886614690962,5,0.8833333333333332,0.16244657241348273,5,0.09429260935143288,0.02031279907900484,5,0.5996961805555555,0.07260608224821333,5,0.5996961805555555,0.07260608224821333,5,0.004166666666666667,0.00570544330734548
0.01,B2,seen,__all__,clear,5,5,0.10833333333333332,0.04007371679514863,5,0.8054545454545456,0.12652014143670712,5,0.18709767934051386,0.058638722915636744,5,0.6095486111111111,0.08334878848834244,5,0.6095486111111111,0.08334878848834244,5,0.016666666666666666,0.013975424859373685
0.01,B2,seen,__all__,vertical_mid,5,5,0.004166666666666667,0.009316949906249124,1,,,5,0.008,0.01788854381999832,5,0.6259114583333333,0.055169651387412484,5,0.6259114583333333,0.055169651387412484,5,0.0020833333333333333,0.004658474953124562
0.01,B2,seen,harsh,__all__,5,5,0.10833333333333332,0.020600551353043513,5,0.8548562548562548,0.1338691389349121,5,0.1909501724006803,0.030644351045434236,5,0.6441743827160493,0.09170479346877043,5,0.6441743827160493,0.09170479346877043,5,0.01111111111111111,0.010531771450071597
0.01,B2,seen,harsh,central_furniture,5,5,0.09999999999999999,0.022821773229381923,5,0.95,0.11180339887498948,5,0.1796092796092796,0.0353890306001128,5,0.656423611111111,0.09018048643729061,5,0.656423611111111,0.09018048643729061,5,0.004166666666666667,0.009316949906249124
0.01,B2,seen,harsh,clear,5,5,0.21666666666666665,0.08014743359029726,5,0.8387878787878789,0.1545513962018857,5,0.33273821963477135,0.08947910946055906,5,0.6739583333333334,0.09990297484900316,5,0.6739583333333334,0.09990297484900316,5,0.029166666666666664,0.031595314350214794
0.01,B2,seen,harsh,vertical_mid,5,5,0.008333333333333333,0.018633899812498248,1,,,5,0.016,0.03577708763999664,5,0.6796875,0.057021405902482586,5,0.6796875,0.057021405902482586,5,0.0,0.0
0.01,B2,seen,standard,__all__,5,5,0.0,0.0,1,,,5,0.0,0.0,5,0.5566358024691358,0.0617957757608842,5,0.5566358024691358,0.0617957757608842,5,0.004166666666666667,0.009316949906249124
0.01,B2,seen,standard,central_furniture,5,5,0.0,0.0,1,,,5,0.0,0.0,5,0.5545138888888889,0.05277463669380946,5,0.5545138888888889,0.05277463669380946,5,0.004166666666666667,0.009316949906249124
0.01,B2,seen,standard,clear,5,5,0.0,0.0,1,,,5,0.0,0.0,5,0.5614583333333333,0.058241935052414685,5,0.5614583333333333,0.058241935052414685,5,0.004166666666666667,0.009316949906249124
0.01,B2,seen,standard,vertical_mid,5,5,0.0,0.0,1,,,5,0.0,0.0,5,0.5682291666666666,0.08451090378070622,5,0.5682291666666666,0.08451090378070622,5,0.004166666666666667,0.009316949906249124
0.01,B2,unseen,__all__,__all__,5,5,0.0225,0.008640183897219884,5,0.8828571428571429,0.16048396194266992,5,0.04369508106550936,0.016539226186950008,5,0.5821805555555556,0.057575333295492935,5,0.5821805555555556,0.057575333295492935,5,0.0020833333333333337,0.002946278254943948
0.01,B2,unseen,__all__,horizontal_new,5,5,0.0,0.0,0,,,5,0.0,0.0,5,0.5832899305555556,0.054849246173238955,5,0.5832899305555556,0.054849246173238955,5,0.0,0.0
0.01,B2,unseen,__all__,low_new,5,5,0.04583333333333333,0.027163343355011037,5,0.95,0.11180339887498948,5,0.08617268445839875,0.048952874812883566,5,0.6006510416666668,0.07355000580810055,5,0.6006510416666668,0.07355000580810055,5,0.0020833333333333333,0.004658474953124562
0.01,B2,unseen,__all__,two_new,5,5,0.029166666666666667,0.018633899812498245,4,,,5,0.05584953981592637,0.03543161449582471,5,0.5809461805555556,0.05507900570338252,5,0.5809461805555556,0.05507900570338252,5,0.0020833333333333333,0.004658474953124562
0.01,B2,unseen,__all__,vertical_new,5,5,0.0,0.0,1,,,5,0.0,0.0,5,0.6202690972222222,0.04860587924474473,5,0.6202690972222222,0.04860587924474473,5,0.0020833333333333333,0.004658474953124562
0.01,B2,unseen,__all__,wide_new,5,5,0.0375,0.01743041721945991,5,0.8666666666666666,0.18257418583505539,5,0.07122849139655862,0.032047800000281595,5,0.5714409722222223,0.05720063758171348,5,0.5714409722222223,0.05720063758171348,5,0.004166666666666667,0.00570544330734548
0.01,B2,unseen,harsh,__all__,5,5,0.045,0.01728036779443977,5,0.9400000000000001,0.1341640786499874,5,0.0851907017297491,0.03165301629709371,5,0.6141666666666666,0.07458925753680605,5,0.6141666666666666,0.07458925753680605,5,0.0025,0.005590169943749474
0.01,B2,unseen,harsh,horizontal_new,5,5,0.0,0.0,0,,,5,0.0,0.0,5,0.609548611111111,0.06656180718210122,5,0.609548611111111,0.06656180718210122,5,0.0,0.0
0.01,B2,unseen,harsh,low_new,5,5,0.09166666666666666,0.054326686710022075,5,0.95,0.11180339887498948,5,0.16276923076923075,0.0888123682763023,5,0.6421875000000001,0.08372439708499174,5,0.6421875000000001,0.08372439708499174,5,0.004166666666666667,0.009316949906249124
0.01,B2,unseen,harsh,two_new,5,5,0.058333333333333334,0.03726779962499649,4,,,5,0.10716809116809116,0.0675650669413807,5,0.6220486111111111,0.07095683847460882,5,0.6220486111111111,0.07095683847460882,5,0.004166666666666667,0.009316949906249124
0.01,B2,unseen,harsh,vertical_new,5,5,0.0,0.0,0,,,5,0.0,0.0,5,0.6753472222222222,0.05141351699639184,5,0.6753472222222222,0.05141351699639184,5,0.0,0.0
0.01,B2,unseen,harsh,wide_new,5,5,0.075,0.03486083443891982,5,0.9333333333333332,0.149071198499986,5,0.1368433048433048,0.05951633914349594,5,0.6222222222222221,0.07251096211426318,5,0.6222222222222221,0.07251096211426318,5,0.004166666666666667,0.009316949906249124
0.01,B2,unseen,standard,__all__,5,5,0.0,0.0,1,,,5,0.0,0.0,5,0.5536805555555555,0.05471059917806457,5,0.5536805555555555,0.05471059917806457,5,0.0016666666666666666,0.003726779962499649
0.01,B2,unseen,standard,horizontal_new,5,5,0.0,0.0,0,,,5,0.0,0.0,5,0.5614583333333334,0.06859671376017941,5,0.5614583333333334,0.06859671376017941,5,0.0,0.0
0.01,B2,unseen,standard,low_new,5,5,0.0,0.0,0,,,5,0.0,0.0,5,0.5727430555555555,0.05678768756779801,5,0.5727430555555555,0.05678768756779801,5,0.0,0.0
0.01,B2,unseen,standard,two_new,5,5,0.0,0.0,0,,,5,0.0,0.0,5,0.5539930555555556,0.04250548172935763,5,0.5539930555555556,0.04250548172935763,5,0.0,0.0
0.01,B2,unseen,standard,vertical_new,5,5,0.0,0.0,1,,,5,0.0,0.0,5,0.5612847222222223,0.07136187525946777,5,0.5612847222222223,0.07136187525946777,5,0.004166666666666667,0.009316949906249124
0.01,B2,unseen,standard,wide_new,5,5,0.0,0.0,1,,,5,0.0,0.0,5,0.5338541666666667,0.045438376139938896,5,0.5338541666666667,0.045438376139938896,5,0.004166666666666667,0.009316949906249124
0.01,B3,all,__all__,__all__,5,5,0.02760416666666667,0.006536406457297465,5,0.7086538461538462,0.09926458502525803,5,0.05312090680100756,0.012393463542105491,5,0.5878421359592014,0.06284760740462442,5,0.5833279079861111,0.05637221586633899,5,0.0054687500000000005,0.0014263608268363704
0.01,B3,seen,__all__,__all__,5,5,0.04444444444444444,0.01261520980873955,5,0.6476190476190476,0.07270681659334509,5,0.0829942165353151,0.02256754478376172,5,0.5989631558641976,0.07185078481948656,5,0.5967110339506172,0.0667941054951723,5,0.011805555555555555,0.0031056499687497087
0.01,B3,seen,__all__,central_furniture,5,5,0.04166666666666667,0.020833333333333336,5,0.8333333333333333,0.1559023911155809,5,0.07816665127589498,0.03728443810527593,5,0.5996961805555555,0.07260608224821333,5,0.6035156249999999,0.06634789301071528,5,0.00625,0.00570544330734548
0.01,B3,seen,__all__,clear,5,5,0.09166666666666666,0.056288567025442895,5,0.6012121212121213,0.18046974721608816,5,0.15558858017143537,0.08804573387391428,5,0.6095486111111111,0.08334878848834244,5,0.61796875,0.07534189669319667,5,0.02708333333333333,0.015797657175107397
0.01,B3,seen,__all__,vertical_mid,5,5,0.0,0.0,1,,,5,0.0,0.0,5,0.6259114583333333,0.055169651387412484,5,0.5874565972222222,0.060669453216510655,5,0.0020833333333333333,0.004658474953124562
0.01,B3,seen,harsh,__all__,5,5,0.08888888888888888,0.0252304196174791,5,0.8914285714285715,0.12396510371380938,5,0.16025038967142607,0.041097991585075884,5,0.6441743827160493,0.09170479346877043,5,0.6441743827160493,0.09170479346877043,5,0.006944444444444445,0.008505172717997146
0.01,B3,seen,harsh,central_furniture,5,5,0.08333333333333334,0.04166666666666667,5,0.95,0.11180339887498948,5,0.15007081807081807,0.06921609326477667,5,0.656423611111111,0.09018048643729061,5,0.656423611111111,0.09018048643729061,5,0.004166666666666667,0.009316949906249124
0.01,B3,seen,harsh,clear,5,5,0.18333333333333332,0.11257713405088579,5,0.9111111111111111,0.14487116456005888,5,0.2872842712842713,0.15170989148081485,5,0.6739583333333334,0.09990297484900316,5,0.6739583333333334,0.09990297484900316,5,0.016666666666666666,0.027163343355011037
0.01,B3,seen,harsh,vertical_mid,5,5,0.0,0.0,0,,,5,0.0,0.0,5,0.6796875,0.057021405902482586,5,0.6796875,0.057021405902482586,5,0.0,0.0
0.01,B3,seen,standard,__all__,5,5,0.0,0.0,5,0.0,0.0,5,0.0,0.0,5,0.5566358024691358,0.0617957757608842,5,0.5566358024691358,0.0617957757608842,5,0.01666666666666667,0.0038036288715636536
0.01,B3,seen,standard,central_furniture,5,5,0.0,0.0,2,,,5,0.0,0.0,5,0.5545138888888889,0.05277463669380946,5,0.5545138888888889,0.05277463669380946,5,0.008333333333333333,0.01141088661469096
0.01,B3,seen,standard,clear,5,5,0.0,0.0,5,0.0,0.0,5,0.0,0.0,5,0.5614583333333333,0.058241935052414685,5,0.5614583333333333,0.058241935052414685,5,0.03749999999999999,0.009316949906249124
0.01,B3,seen,standard,vertical_mid,5,5,0.0,0.0,1,,,5,0.0,0.0,5,0.5682291666666666,0.08451090378070622,5,0.5682291666666666,0.08451090378070622,5,0.004166666666666667,0.009316949906249124
0.01,B3,unseen,__all__,__all__,5,5,0.017499999999999998,0.009033118078616167,5,0.8761904761904763,0.170367083999984,5,0.03415439150774194,0.017468196974884265,5,0.5821805555555556,0.057575333295492935,5,0.5755,0.050109293075554645,5,0.0016666666666666666,0.002282177322938192
0.01,B3,unseen,__all__,horizontal_new,5,5,0.0,0.0,0,,,5,0.0,0.0,5,0.5832899305555556,0.054849246173238955,5,0.5520833333333334,0.03554823959105776,5,0.0,0.0
0.01,B3,unseen,__all__,low_new,5,5,0.03333333333333333,0.018633899812498248,5,0.9,0.22360679774997902,5,0.06385594237695078,0.03458637227468291,5,0.6006510416666668,0.07355000580810055,5,0.6037326388888888,0.0650200194044721,5,0.0020833333333333333,0.004658474953124562
0.01,B3,unseen,__all__,two_new,5,5,0.024999999999999998,0.01743041721945991,4,,,5,0.0483265306122449,0.03337168417171175,5,0.5809461805555556,0.05507900570338252,5,0.5827256944444446,0.04824824456995581,5,0.0,0.0
0.01,B3,unseen,__all__,vertical_new,5,5,0.0,0.0,1,,,5,0.0,0.0,5,0.6202690972222222,0.04860587924474473,5,0.581640625,0.05170885885926037,5,0.0020833333333333333,0.004658474953124562
0.01,B3,unseen,__all__,wide_new,5,5,0.029166666666666667,0.018633899812498245,4,,,5,0.05553581432573029,0.03517029836093882,5,0.5714409722222223,0.05720063758171348,5,0.5762586805555555,0.047825991333043265,5,0.004166666666666667,0.00570544330734548
0.01,B3,unseen,harsh,__all__,5,5,0.034999999999999996,0.018066236157232334,5,1.0,0.0,5,0.06715948083135836,0.03390395319546316,5,0.6141666666666666,0.07458925753680605,5,0.6141666666666666,0.07458925753680605,5,0.0,0.0
0.01,B3,unseen,harsh,horizontal_new,5,5,0.0,0.0,0,,,5,0.0,0.0,5,0.609548611111111,0.06656180718210122,5,0.609548611111111,0.06656180718210122,5,0.0,0.0
0.01,B3,unseen,harsh,low_new,5,5,0.06666666666666667,0.037267799624996496,5,1.0,0.0,5,0.12321367521367521,0.06392047071230769,5,0.6421875000000001,0.08372439708499174,5,0.6421875000000001,0.08372439708499174,5,0.0,0.0
0.01,B3,unseen,harsh,two_new,5,5,0.049999999999999996,0.03486083443891982,4,,,5,0.09353846153846154,0.06401183322557955,5,0.6220486111111111,0.07095683847460882,5,0.6220486111111111,0.07095683847460882,5,0.0,0.0
0.01,B3,unseen,harsh,vertical_new,5,5,0.0,0.0,0,,,5,0.0,0.0,5,0.6753472222222222,0.05141351699639184,5,0.6753472222222222,0.05141351699639184,5,0.0,0.0
0.01,B3,unseen,harsh,wide_new,5,5,0.058333333333333334,0.03726779962499649,4,,,5,0.1083076923076923,0.06847104514806707,5,0.6222222222222221,0.07251096211426318,5,0.6222222222222221,0.07251096211426318,5,0.0,0.0
0.01,B3,unseen,standard,__all__,5,5,0.0,0.0,2,,,5,0.0,0.0,5,0.5536805555555555,0.05471059917806457,5,0.5536805555555555,0.05471059917806457,5,0.003333333333333333,0.004564354645876384
0.01,B3,unseen,standard,horizontal_new,5,5,0.0,0.0,0,,,5,0.0,0.0,5,0.5614583333333334,0.06859671376017941,5,0.5614583333333334,0.06859671376017941,5,0.0,0.0
0.01,B3,unseen,standard,low_new,5,5,0.0,0.0,1,,,5,0.0,0.0,5,0.5727430555555555,0.05678768756779801,5,0.5727430555555555,0.05678768756779801,5,0.004166666666666667,0.009316949906249124
0.01,B3,unseen,standard,two_new,5,5,0.0,0.0,0,,,5,0.0,0.0,5,0.5539930555555556,0.04250548172935763,5,0.5539930555555556,0.04250548172935763,5,0.0,0.0
0.01,B3,unseen,standard,vertical_new,5,5,0.0,0.0,1,,,5,0.0,0.0,5,0.5612847222222223,0.07136187525946777,5,0.5612847222222223,0.07136187525946777,5,0.004166666666666667,0.009316949906249124
0.01,B3,unseen,standard,wide_new,5,5,0.0,0.0,2,,,5,0.0,0.0,5,0.5338541666666667,0.045438376139938896,5,0.5338541666666667,0.045438376139938896,5,0.008333333333333333,0.01141088661469096
0.01,P1,all,__all__,__all__,5,5,0.02760416666666667,0.006536406457297465,5,0.7360180995475113,0.08317541260734741,5,0.053149861859052835,0.012275887089028966,5,0.5878421359592014,0.06284760740462442,5,0.5813035753038195,0.05794370012827513,5,0.004947916666666667,0.00169770895968819
0.01,P1,seen,__all__,__all__,5,5,0.04444444444444444,0.01261520980873955,5,0.6551282051282052,0.04164200453567103,5,0.08291786994072495,0.022186710219437872,5,0.5989631558641976,0.07185078481948656,5,0.5895447530864197,0.0689367895628594,5,0.011805555555555555,0.003958942448260896
0.01,P1,seen,__all__,central_furniture,5,5,0.04166666666666667,0.020833333333333336,5,0.8833333333333332,0.16244657241348273,5,0.07861913996367778,0.03785835210680418,5,0.5996961805555555,0.07260608224821333,5,0.590234375,0.07114786363928316,5,0.004166666666666667,0.00570544330734548
0.01,P1,seen,__all__,clear,5,5,0.09166666666666666,0.056288567025442895,5,0.5890909090909091,0.1717088530367696,5,0.1546846253691755,0.08657308370376536,5,0.6095486111111111,0.08334878848834244,5,0.6187065972222221,0.07489463406292704,5,0.029166666666666667,0.017116329922036443
0.01,P1,seen,__all__,vertical_mid,5,5,0.0,0.0,1,,,5,0.0,0.0,5,0.6259114583333333,0.055169651387412484,5,0.595703125,0.058714590541718646,5,0.0020833333333333333,0.004658474953124562
0.01,P1,seen,harsh,__all__,5,5,0.08888888888888888,0.0252304196174791,5,0.840909090909091,0.1590909090909091,5,0.1589302960831179,0.04011679792642278,5,0.6441743827160493,0.09170479346877043,5,0.6423611111111112,0.09161836469706404,5,0.01111111111111111,0.011620278146306605
0.01,P1,seen,harsh,central_furniture,5,5,0.08333333333333334,0.04166666666666667,5,0.95,0.11180339887498948,5,0.15007081807081807,0.06921609326477667,5,0.656423611111111,0.09018048643729061,5,0.656423611111111,0.09018048643729061,5,0.004166666666666667,0.009316949906249124
0.01,P1,seen,harsh,clear,5,5,0.18333333333333332,0.11257713405088579,5,0.8299999999999998,0.17175564037317667,5,0.2807058823529412,0.14662266171717944,5,0.6739583333333334,0.09990297484900316,5,0.670138888888889,0.10072998355120907,5,0.029166666666666664,0.03486083443891982
0.01,P1,seen,harsh,vertical_mid,5,5,0.0,0.0,0,,,5,0.0,0.0,5,0.6796875,0.057021405902482586,5,0.6782986111111111,0.05557115123979114,5,0.0,0.0
0.01,P1,seen,standard,__all__,5,5,0.0,0.0,5,0.0,0.0,5,0.0,0.0,5,0.5566358024691358,0.0617957757608842,5,0.5335841049382715,0.05848588401818937,5,0.0125,0.005810139073153302
0.01,P1,seen,standard,central_furniture,5,5,0.0,0.0,1,,,5,0.0,0.0,5,0.5545138888888889,0.05277463669380946,5,0.5147569444444444,0.06585504487709268,5,0.004166666666666667,0.009316949906249124
0.01,P1,seen,standard,clear,5,5,0.0,0.0,5,0.0,0.0,5,0.0,0.0,5,0.5614583333333333,0.058241935052414685,5,0.5663194444444445,0.05608404767960391,5,0.029166666666666667,0.01141088661469096
0.01,P1,seen,standard,vertical_mid,5,5,0.0,0.0,1,,,5,0.0,0.0,5,0.5682291666666666,0.08451090378070622,5,0.5267361111111111,0.07619233709414144,5,0.004166666666666667,0.009316949906249124
0.01,P1,unseen,__all__,__all__,5,5,0.017499999999999998,0.009033118078616167,5,0.9428571428571428,0.12777531299998798,5,0.03420770351627186,0.017462368911826214,5,0.5821805555555556,0.057575333295492935,5,0.5778645833333333,0.0508000050687597,5,0.0008333333333333333,0.0018633899812498245
0.01,P1,unseen,__all__,horizontal_new,5,5,0.0,0.0,0,,,5,0.0,0.0,5,0.5832899305555556,0.054849246173238955,5,0.5953559027777778,0.035221695129536754,5,0.0,0.0
0.01,P1,unseen,__all__,low_new,5,5,0.03333333333333333,0.018633899812498248,5,1.0,0.0,5,0.06401920768307323,0.03444725396292628,5,0.6006510416666668,0.07355000580810055,5,0.6139322916666667,0.06361524425037153,5,0.0,0.0
0.01,P1,unseen,__all__,two_new,5,5,0.024999999999999998,0.01743041721945991,4,,,5,0.0483265306122449,0.03337168417171175,5,0.5809461805555556,0.05507900570338252,5,0.5877604166666667,0.04902199168008392,5,0.0,0.0
0.01,P1,unseen,__all__,vertical_new,5,5,0.0,0.0,1,,,5,0.0,0.0,5,0.6202690972222222,0.04860587924474473,5,0.5856336805555554,0.05170890439788595,5,0.0020833333333333333,0.004658474953124562
0.01,P1,unseen,__all__,wide_new,5,5,0.029166666666666667,0.018633899812498245,4,,,5,0.05584953981592637,0.03543161449582471,5,0.5714409722222223,0.05720063758171348,5,0.5576388888888889,0.051895957434463416,5,0.0020833333333333333,0.004658474953124562
0.01,P1,unseen,harsh,__all__,5,5,0.034999999999999996,0.018066236157232334,5,1.0,0.0,5,0.06715948083135836,0.03390395319546316,5,0.6141666666666666,0.07458925753680605,5,0.6113611111111111,0.07546092131838267,5,0.0,0.0
0.01,P1,unseen,harsh,horizontal_new,5,5,0.0,0.0,0,,,5,0.0,0.0,5,0.609548611111111,0.06656180718210122,5,0.5887152777777778,0.07205488593827042,5,0.0,0.0
0.01,P1,unseen,harsh,low_new,5,5,0.06666666666666667,0.037267799624996496,5,1.0,0.0,5,0.12321367521367521,0.06392047071230769,5,0.6421875000000001,0.08372439708499174,5,0.6421875000000001,0.08372439708499174,5,0.0,0.0
0.01,P1,unseen,harsh,two_new,5,5,0.049999999999999996,0.03486083443891982,4,,,5,0.09353846153846154,0.06401183322557955,5,0.6220486111111111,0.07095683847460882,5,0.6220486111111111,0.07095683847460882,5,0.0,0.0
0.01,P1,unseen,harsh,vertical_new,5,5,0.0,0.0,0,,,5,0.0,0.0,5,0.6753472222222222,0.05141351699639184,5,0.6753472222222222,0.05141351699639184,5,0.0,0.0
0.01,P1,unseen,harsh,wide_new,5,5,0.058333333333333334,0.03726779962499649,4,,,5,0.1083076923076923,0.06847104514806707,5,0.6222222222222221,0.07251096211426318,5,0.6222222222222221,0.07251096211426318,5,0.0,0.0
0.01,P1,unseen,standard,__all__,5,5,0.0,0.0,1,,,5,0.0,0.0,5,0.5536805555555555,0.05471059917806457,5,0.5436180555555555,0.04335233457605767,5,0.0016666666666666666,0.003726779962499649
0.01,P1,unseen,standard,horizontal_new,5,5,0.0,0.0,0,,,5,0.0,0.0,5,0.5614583333333334,0.06859671376017941,5,0.6170138888888889,0.043261053333598,5,0.0,0.0
0.01,P1,unseen,standard,low_new,5,5,0.0,0.0,0,,,5,0.0,0.0,5,0.5727430555555555,0.05678768756779801,5,0.5828125,0.05617131091532393,5,0.0,0.0
0.01,P1,unseen,standard,two_new,5,5,0.0,0.0,0,,,5,0.0,0.0,5,0.5539930555555556,0.04250548172935763,5,0.5585069444444445,0.032857938115807284,5,0.0,0.0
0.01,P1,unseen,standard,vertical_new,5,5,0.0,0.0,1,,,5,0.0,0.0,5,0.5612847222222223,0.07136187525946777,5,0.5022569444444445,0.0679599358376016,5,0.004166666666666667,0.009316949906249124
0.01,P1,unseen,standard,wide_new,5,5,0.0,0.0,1,,,5,0.0,0.0,5,0.5338541666666667,0.045438376139938896,5,0.4887152777777778,0.05157082915331287,5,0.004166666666666667,0.009316949906249124
0.025,B1,all,__all__,__all__,5,5,0.07864583333333333,0.0416829395306601,5,0.7392872990445247,0.14180826877522504,5,0.13860608390632398,0.06354309781639217,5,0.6471110026041667,0.1313430760123502,5,0.6471110026041667,0.1313430760123502,5,0.016666666666666666,0.012804187259312002
0.025,B1,seen,__all__,__all__,5,5,0.11388888888888889,0.06725722229335139,5,0.7049805749805749,0.14423783767170395,5,0.18910648147640058,0.09357118998884179,5,0.6628713348765432,0.13398304112954346,5,0.6628713348765432,0.13398304112954346,5,0.02708333333333333,0.01860152116108177
0.025,B1,seen,__all__,central_furniture,5,5,0.125,0.08333333333333333,5,0.8253968253968255,0.18451314186607412,5,0.20618108573713453,0.10900265039722104,5,0.6614149305555556,0.1429363424772005,5,0.6614149305555556,0.1429363424772005,5,0.01875,0.02258279519654042
0.025,B1,seen,__all__,clear,5,5,0.2125,0.11543245980995889,5,0.6561538461538461,0.1348362047221703,5,0.3053744146623404,0.12963392298059395,5,0.6712239583333333,0.13726287157350192,5,0.6712239583333333,0.13726287157350192,5,0.0625,0.04034357652299393
0.025,B1,seen,__all__,vertical_mid,5,5,0.004166666666666667,0.009316949906249124,1,,,5,0.008163265306122448,0.018253616142855426,5,0.6819010416666667,0.10863820186102864,5,0.6819010416666667,0.10863820186102864,5,0.0,0.0
0.025,B1,seen,harsh,__all__,5,5,0.225,0.13515822917447626,5,0.7241212121212122,0.1461915670903692,5,0.32397440674673317,0.13918268163351294,5,0.69477237654321,0.13268256782300983,5,0.69477237654321,0.13268256782300983,5,0.05,0.03654915935261324
0.025,B1,seen,harsh,central_furniture,5,5,0.25,0.16666666666666666,5,0.8253968253968255,0.18451314186607412,5,0.3554990553878207,0.15598016588259078,5,0.7005208333333334,0.12807276487158323,5,0.7005208333333334,0.12807276487158323,5,0.0375,0.04516559039308084
0.025,B1,seen,harsh,clear,5,5,0.4166666666666667,0.23011168785806793,5,0.6791947818263607,0.132373184917356,5,0.4819280177187154,0.16669850214524806,5,0.7152777777777778,0.12932279896811522,5,0.7152777777777778,0.12932279896811522,5,0.1125,0.07597742720337695
0.025,B1,seen,harsh,vertical_mid,5,5,0.008333333333333333,0.018633899812498248,1,,,5,0.016,0.03577708763999664,5,0.7190972222222223,0.11052566575814354,5,0.7190972222222223,0.11052566575814354,5,0.0,0.0
0.025,B1,seen,standard,__all__,5,5,0.0027777777777777775,0.006211299937499415,3,,,5,0.005405405405405406,0.012086853932431297,5,0.6339699074074074,0.13204200469711136,5,0.6339699074074074,0.13204200469711136,5,0.004166666666666667,0.0038036288715636536
0.025,B1,seen,standard,central_furniture,5,5,0.0,0.0,0,,,5,0.0,0.0,5,0.6373263888888888,0.15053494983785387,5,0.6373263888888888,0.15053494983785387,5,0.0,0.0
0.025,B1,seen,standard,clear,5,5,0.008333333333333333,0.018633899812498248,3,,,5,0.015384615384615385,0.034401045807689073,5,0.640798611111111,0.13617050017057752,5,0.640798611111111,0.13617050017057752,5,0.0125,0.01141088661469096
0.025,B1,seen,standard,vertical_mid,5,5,0.0,0.0,0,,,5,0.0,0.0,5,0.640451388888889,0.1117440738478934,5,0.640451388888889,0.1117440738478934,5,0.0,0.0
0.025,B1,unseen,__all__,__all__,5,5,0.05750000000000001,0.026744677559802022,5,0.782635135135135,0.15740480850328611,5,0.10521846351057865,0.043241332168962865,5,0.6380399305555555,0.129426601768284,5,0.6380399305555555,0.129426601768284,5,0.010416666666666668,0.01009933303628402
0.025,B1,unseen,__all__,horizontal_new,5,5,0.008333333333333333,0.018633899812498248,1,,,5,0.01568627450980392,0.03507557611764376,5,0.6492621527777778,0.1335348372692153,5,0.6492621527777778,0.1335348372692153,5,0.0020833333333333333,0.004658474953124562
0.025,B1,unseen,__all__,low_new,5,5,0.14166666666666666,0.07424387367168943,5,0.7915261209378857,0.19323482999766836,5,0.2280614398921772,0.09859652369487326,5,0.6623697916666667,0.1389126566577416,5,0.6623697916666667,0.1389126566577416,5,0.029166666666666667,0.026962873136551636
0.025,B1,unseen,__all__,two_new,5,5,0.06666666666666667,0.022821773229381923,5,0.8083333333333332,0.18066236157232335,5,0.12153630683042449,0.03598310811748377,5,0.6346788194444445,0.13277691133678435,5,0.6346788194444445,0.13277691133678435,5,0.010416666666666666,0.01275775907699572
0.025,B1,unseen,__all__,vertical_new,5,5,0.004166666666666667,0.009316949906249124,1,,,5,0.008163265306122448,0.018253616142855426,5,0.666796875,0.10814594897507186,5,0.666796875,0.10814594897507186,5,0.0,0.0
0.025,B1,unseen,__all__,wide_new,5,5,0.06666666666666667,0.02716334335501104,5,0.8083333333333332,0.18066236157232335,5,0.12124671407024348,0.04449060422863767,5,0.6137586805555555,0.11498238789565274,5,0.6137586805555555,0.11498238789565274,5,0.010416666666666666,0.01275775907699572
0.025,B1,unseen,harsh,__all__,5,5,0.11500000000000002,0.053489355119604044,5,0.782635135135135,0.15740480850328611,5,0.19447015978710097,0.07135032566108669,5,0.6593194444444445,0.13165667998636024,5,0.6593194444444445,0.13165667998636024,5,0.020833333333333336,0.02019866607256804
0.025,B1,unseen,harsh,horizontal_new,5,5,0.016666666666666666,0.037267799624996496,1,,,5,0.029629629629629627,0.06625386599999376,5,0.6498263888888889,0.12996447071320047,5,0.6498263888888889,0.12996447071320047,5,0.004166666666666667,0.009316949906249124
0.025,B1,unseen,harsh,low_new,5,5,0.2833333333333333,0.14848774734337886,5,0.7915261209378857,0.19323482999766836,5,0.3851469588054954,0.14051286504606517,5,0.6866319444444444,0.12944364577498604,5,0.6866319444444444,0.12944364577498604,5,0.058333333333333334,0.05392574627310327
0.025,B1,unseen,harsh,two_new,5,5,0.13333333333333333,0.045643546458763846,5,0.8083333333333332,0.18066236157232335,5,0.2238756613756614,0.05849436824062823,5,0.6618055555555556,0.12464776036404805,5,0.6618055555555556,0.12464776036404805,5,0.020833333333333332,0.02551551815399144
0.025,B1,unseen,harsh,vertical_new,5,5,0.008333333333333333,0.018633899812498248,1,,,5,0.016,0.03577708763999664,5,0.7149305555555555,0.11612266989997717,5,0.7149305555555555,0.11612266989997717,5,0.0,0.0
0.025,B1,unseen,harsh,wide_new,5,5,0.13333333333333333,0.05432668671002208,5,0.8083333333333332,0.18066236157232335,5,0.22289886039886042,0.07484028565149599,5,0.6505208333333334,0.11552250837879875,5,0.6505208333333334,0.11552250837879875,5,0.020833333333333332,0.02551551815399144
0.025,B1,unseen,standard,__all__,5,5,0.0,0.0,0,,,5,0.0,0.0,5,0.6205208333333333,0.12210467980722775,5,0.6205208333333333,0.12210467980722775,5,0.0,0.0
0.025,B1,unseen,standard,horizontal_new,5,5,0.0,0.0,0,,,5,0.0,0.0,5,0.6527777777777778,0.13162424597933936,5,0.6527777777777778,0.13162424597933936,5,0.0,0.0
0.025,B1,unseen,standard,low_new,5,5,0.0,0.0,0,,,5,0.0,0.0,5,0.6527777777777778,0.13724888949577727,5,0.6527777777777778,0.13724888949577727,5,0.0,0.0
0.025,B1,unseen,standard,two_new,5,5,0.0,0.0,0,,,5,0.0,0.0,5,0.6333333333333333,0.13415404736705272,5,0.6333333333333333,0.13415404736705272,5,0.0,0.0
0.025,B1,unseen,standard,vertical_new,5,5,0.0,0.0,0,,,5,0.0,0.0,5,0.6163194444444444,0.09709037438701694,5,0.6163194444444444,0.09709037438701694,5,0.0,0.0
0.025,B1,unseen,standard,wide_new,5,5,0.0,0.0,0,,,5,0.0,0.0,5,0.5819444444444445,0.10510392864653882,5,0.5819444444444445,0.10510392864653882,5,0.0,0.0
0.025,B2,all,__all__,__all__,5,5,0.061979166666666675,0.01681654613641973,5,0.6877656258984532,0.07495668599347534,5,0.11325065024129666,0.028342586128206594,5,0.5878421359592014,0.06284760740462442,5,0.5878421359592014,0.06284760740462442,5,0.0140625,0.005159274155249726
0.025,B2,seen,__all__,__all__,5,5,0.08611111111111111,0.02334407821384946,5,0.6156067992835368,0.08795574665855872,5,0.15030817473344216,0.03586766606628469,5,0.5989631558641976,0.07185078481948656,5,0.5989631558641976,0.07185078481948656,5,0.027083333333333338,0.008987624378850546
0.025,B2,seen,__all__,central_furniture,5,5,0.08333333333333334,0.03294039229342062,5,0.7833333333333333,0.1394433377556793,5,0.14784885290148447,0.05239262638415309,5,0.5996961805555555,0.07260608224821333,5,0.5996961805555555,0.07260608224821333,5,0.014583333333333332,0.011876827344782688
0.025,B2,seen,__all__,clear,5,5,0.16666666666666669,0.04658474953124561,5,0.5820020639834881,0.10649610664214194,5,0.256327909523998,0.057743100223493424,5,0.6095486111111111,0.08334878848834244,5,0.6095486111111111,0.08334878848834244,5,0.06250000000000001,0.027559909490256156
0.025,B2,seen,__all__,vertical_mid,5,5,0.008333333333333333,0.018633899812498248,2,,,5,0.01568627450980392,0.03507557611764376,5,0.6259114583333333,0.055169651387412484,5,0.6259114583333333,0.055169651387412484,5,0.004166666666666667,0.00570544330734548
0.025,B2,seen,harsh,__all__,5,5,0.17222222222222222,0.04668815642769892,5,0.6721520084603249,0.15820218699989172,5,0.2705791901067172,0.05739172059183651,5,0.6441743827160493,0.09170479346877043,5,0.6441743827160493,0.09170479346877043,5,0.04583333333333334,0.02671581119676576
0.025,B2,seen,harsh,central_furniture,5,5,0.16666666666666669,0.06588078458684124,5,0.8333333333333333,0.16666666666666669,5,0.2679409479409479,0.08447370059087649,5,0.656423611111111,0.09018048643729061,5,0.656423611111111,0.09018048643729061,5,0.025,0.027163343355011037
0.025,B2,seen,harsh,clear,5,5,0.33333333333333337,0.09316949906249122,5,0.6327551834130782,0.15753099817348656,5,0.42690568475452195,0.07971549398143134,5,0.6739583333333334,0.09990297484900316,5,0.6739583333333334,0.09990297484900316,5,0.10833333333333332,0.06319062870042959
0.025,B2,seen,harsh,vertical_mid,5,5,0.016666666666666666,0.037267799624996496,2,,,5,0.03076923076923077,0.06880209161537815,5,0.6796875,0.057021405902482586,5,0.6796875,0.057021405902482586,5,0.004166666666666667,0.009316949906249124
0.025,B2,seen,standard,__all__,5,5,0.0,0.0,3,,,5,0.0,0.0,5,0.5566358024691358,0.0617957757608842,5,0.5566358024691358,0.0617957757608842,5,0.008333333333333335,0.01141088661469096
0.025,B2,seen,standard,central_furniture,5,5,0.0,0.0,1,,,5,0.0,0.0,5,0.5545138888888889,0.05277463669380946,5,0.5545138888888889,0.05277463669380946,5,0.004166666666666667,0.009316949906249124
0.025,B2,seen,standard,clear,5,5,0.0,0.0,3,,,5,0.0,0.0,5,0.5614583333333333,0.058241935052414685,5,0.5614583333333333,0.058241935052414685,5,0.016666666666666666,0.017430417219459905
0.025,B2,seen,standard,vertical_mid,5,5,0.0,0.0,1,,,5,0.0,0.0,5,0.5682291666666666,0.08451090378070622,5,0.5682291666666666,0.08451090378070622,5,0.004166666666666667,0.009316949906249124
0.025,B2,unseen,__all__,__all__,5,5,0.0475,0.014006446928309676,5,0.8274725274725275,0.13372889454129683,5,0.08921693532391231,0.02495968261577661,5,0.5821805555555556,0.057575333295492935,5,0.5821805555555556,0.057575333295492935,5,0.00625,0.005311478659992485
0.025,B2,unseen,__all__,horizontal_new,5,5,0.0,0.0,0,,,5,0.0,0.0,5,0.5832899305555556,0.054849246173238955,5,0.5832899305555556,0.054849246173238955,5,0.0,0.0
0.025,B2,unseen,__all__,low_new,5,5,0.08333333333333334,0.014731391274719742,5,0.7992857142857143,0.20178413400139736,5,0.14929251658441448,0.021776597084581763,5,0.6006510416666668,0.07355000580810055,5,0.6006510416666668,0.07355000580810055,5,0.014583333333333332,0.015797657175107397
0.025,B2,unseen,__all__,two_new,5,5,0.07083333333333333,0.031595314350214794,5,0.9266666666666665,0.10110500592068733,5,0.12968762412237916,0.05513280429661039,5,0.5809461805555556,0.05507900570338252,5,0.5809461805555556,0.05507900570338252,5,0.004166666666666667,0.00570544330734548
0.025,B2,unseen,__all__,vertical_new,5,5,0.008333333333333333,0.018633899812498248,2,,,5,0.01568627450980392,0.03507557611764376,5,0.6202690972222222,0.04860587924474473,5,0.6202690972222222,0.04860587924474473,5,0.004166666666666667,0.00570544330734548
0.025,B2,unseen,__all__,wide_new,5,5,0.075,0.023753654689565376,5,0.8366666666666667,0.09603240193925287,5,0.13649131860452612,0.04007985696158577,5,0.5714409722222223,0.05720063758171348,5,0.5714409722222223,0.05720063758171348,5,0.008333333333333333,0.004658474953124561
0.025,B2,unseen,harsh,__all__,5,5,0.095,0.028012893856619352,5,0.8506868131868132,0.14038871469897118,5,0.16884994742661483,0.04518333842290556,5,0.6141666666666666,0.07458925753680605,5,0.6141666666666666,0.07458925753680605,5,0.010833333333333334,0.011257713405088582
0.025,B2,unseen,harsh,horizontal_new,5,5,0.0,0.0,0,,,5,0.0,0.0,5,0.609548611111111,0.06656180718210122,5,0.609548611111111,0.06656180718210122,5,0.0,0.0
0.025,B2,unseen,harsh,low_new,5,5,0.16666666666666669,0.029462782549439483,5,0.7992857142857143,0.20178413400139736,5,0.2708726186062115,0.03357423542139121,5,0.6421875000000001,0.08372439708499174,5,0.6421875000000001,0.08372439708499174,5,0.029166666666666664,0.031595314350214794
0.025,B2,unseen,harsh,two_new,5,5,0.14166666666666666,0.06319062870042959,5,0.9266666666666665,0.10110500592068733,5,0.23942638204707173,0.09746973788682106,5,0.6220486111111111,0.07095683847460882,5,0.6220486111111111,0.07095683847460882,5,0.008333333333333333,0.01141088661469096
0.025,B2,unseen,harsh,vertical_new,5,5,0.016666666666666666,0.037267799624996496,2,,,5,0.03076923076923077,0.06880209161537815,5,0.6753472222222222,0.05141351699639184,5,0.6753472222222222,0.05141351699639184,5,0.004166666666666667,0.009316949906249124
0.025,B2,unseen,harsh,wide_new,5,5,0.15,0.04750730937913075,5,0.8766666666666666,0.11642832797715319,5,0.2526083112290009,0.06959859401709514,5,0.6222222222222221,0.07251096211426318,5,0.6222222222222221,0.07251096211426318,5,0.0125,0.01141088661469096
0.025,B2,unseen,standard,__all__,5,5,0.0,0.0,1,,,5,0.0,0.0,5,0.5536805555555555,0.05471059917806457,5,0.5536805555555555,0.05471059917806457,5,0.0016666666666666666,0.003726779962499649
0.025,B2,unseen,standard,horizontal_new,5,5,0.0,0.0,0,,,5,0.0,0.0,5,0.5614583333333334,0.06859671376017941,5,0.5614583333333334,0.06859671376017941,5,0.0,0.0
0.025,B2,unseen,standard,low_new,5,5,0.0,0.0,0,,,5,0.0,0.0,5,0.5727430555555555,0.05678768756779801,5,0.5727430555555555,0.05678768756779801,5,0.0,0.0
0.025,B2,unseen,standard,two_new,5,5,0.0,0.0,0,,,5,0.0,0.0,5,0.5539930555555556,0.04250548172935763,5,0.5539930555555556,0.04250548172935763,5,0.0,0.0
0.025,B2,unseen,standard,vertical_new,5,5,0.0,0.0,1,,,5,0.0,0.0,5,0.5612847222222223,0.07136187525946777,5,0.5612847222222223,0.07136187525946777,5,0.004166666666666667,0.009316949906249124
0.025,B2,unseen,standard,wide_new,5,5,0.0,0.0,1,,,5,0.0,0.0,5,0.5338541666666667,0.045438376139938896,5,0.5338541666666667,0.045438376139938896,5,0.004166666666666667,0.009316949906249124
0.025,B3,all,__all__,__all__,5,5,0.04062500000000001,0.00984774500061929,5,0.6736157089098265,0.03428050111281719,5,0.07650179243372682,0.01773165128516821,5,0.5878421359592014,0.06284760740462442,5,0.5834710015190971,0.056750131632288564,5,0.009635416666666665,0.00116461873828114
0.025,B3,seen,__all__,__all__,5,5,0.06388888888888888,0.019270051285432792,5,0.6360805860805862,0.054760067103815695,5,0.11558403326362691,0.03150928899012153,5,0.5989631558641976,0.07185078481948656,5,0.596826774691358,0.06708182165409118,5,0.018055555555555554,0.004527223892501839
0.025,B3,seen,__all__,central_furniture,5,5,0.0625,0.025515518153991442,5,0.8033333333333333,0.18723128893311491,5,0.11514055607729304,0.04470502694108368,5,0.5996961805555555,0.07260608224821333,5,0.6030381944444445,0.06647950497216445,5,0.008333333333333333,0.008715208609729954
0.025,B3,seen,__all__,clear,5,5,0.125,0.03897559777889522,5,0.6053571428571429,0.11918890425689459,5,0.20404220779220777,0.050793285846462546,5,0.6095486111111111,0.08334878848834244,5,0.6180555555555556,0.0760618975478002,5,0.04375,0.02375365468956538
0.025,B3,seen,__all__,vertical_mid,5,5,0.004166666666666667,0.009316949906249124,1,,,5,0.008,0.01788854381999832,5,0.6259114583333333,0.055169651387412484,5,0.5900607638888888,0.06102085577069328,5,0.0020833333333333333,0.004658474953124562
0.025,B3,seen,harsh,__all__,5,5,0.12777777777777777,0.038540102570865584,5,0.8244444444444443,0.12823589374447564,5,0.21878780057641847,0.054290636603164494,5,0.6441743827160493,0.09170479346877043,5,0.6441743827160493,0.09170479346877043,5,0.015277777777777776,0.012422599874998832
0.025,B3,seen,harsh,central_furniture,5,5,0.125,0.051031036307982884,5,0.9,0.13693063937629152,5,0.21621826449412657,0.07798779953524901,5,0.656423611111111,0.09018048643729061,5,0.656423611111111,0.09018048643729061,5,0.008333333333333333,0.01141088661469096
0.025,B3,seen,harsh,clear,5,5,0.25,0.07795119555779044,5,0.8184615384615384,0.18020369802272398,5,0.3720234636258978,0.07783834762597999,5,0.6739583333333334,0.09990297484900316,5,0.6739583333333334,0.09990297484900316,5,0.0375,0.042695628191498324
0.025,B3,seen,harsh,vertical_mid,5,5,0.008333333333333333,0.018633899812498248,1,,,5,0.016,0.03577708763999664,5,0.6796875,0.057021405902482586,5,0.6796875,0.057021405902482586,5,0.0,0.0
0.025,B3,seen,standard,__all__,5,5,0.0,0.0,5,0.0,0.0,5,0.0,0.0,5,0.5566358024691358,0.0617957757608842,5,0.5566358024691358,0.0617957757608842,5,0.020833333333333332,0.004910463758239913
0.025,B3,seen,standard,central_furniture,5,5,0.0,0.0,2,,,5,0.0,0.0,5,0.5545138888888889,0.05277463669380946,5,0.5545138888888889,0.05277463669380946,5,0.008333333333333333,0.01141088661469096
0.025,B3,seen,standard,clear,5,5,0.0,0.0,5,0.0,0.0,5,0.0,0.0,5,0.5614583333333333,0.058241935052414685,5,0.5614583333333333,0.058241935052414685,5,0.049999999999999996,0.011410886614690963
0.025,B3,seen,standard,vertical_mid,5,5,0.0,0.0,1,,,5,0.0,0.0,5,0.5682291666666666,0.08451090378070622,5,0.5682291666666666,0.08451090378070622,5,0.004166666666666667,0.009316949906249124
0.025,B3,unseen,__all__,__all__,5,5,0.026666666666666665,0.010458250331675942,5,0.7876190476190476,0.13930504546357958,5,0.051241456508152136,0.019365510038124478,5,0.5821805555555556,0.057575333295492935,5,0.5756024305555556,0.050432868962590645,5,0.004583333333333333,0.0034232659844072883
0.025,B3,unseen,__all__,horizontal_new,5,5,0.0,0.0,0,,,5,0.0,0.0,5,0.5832899305555556,0.054849246173238955,5,0.5537760416666668,0.034594287422672884,5,0.0,0.0
0.025,B3,unseen,__all__,low_new,5,5,0.05416666666666666,0.023753654689565373,5,0.7933333333333333,0.12505554321536047,5,0.10019206521505555,0.04194142001161483,5,0.6006510416666668,0.07355000580810055,5,0.6031684027777778,0.06578717967018995,5,0.008333333333333333,0.004658474953124561
0.025,B3,unseen,__all__,two_new,5,5,0.0375,0.01743041721945991,5,0.8833333333333332,0.16244657241348273,5,0.07108972819897189,0.03133802567675312,5,0.5809461805555556,0.05507900570338252,5,0.5830729166666666,0.04873457473493442,5,0.004166666666666667,0.00570544330734548
0.025,B3,unseen,__all__,vertical_new,5,5,0.0,0.0,1,,,5,0.0,0.0,5,0.6202690972222222,0.04860587924474473,5,0.5846354166666667,0.053493373370226215,5,0.0020833333333333333,0.004658474953124562
0.025,B3,unseen,__all__,wide_new,5,5,0.04166666666666667,0.02551551815399144,5,0.8,0.18257418583505539,5,0.07732870926148236,0.04382959286328313,5,0.5714409722222223,0.05720063758171348,5,0.57578125,0.048520782348864214,5,0.008333333333333333,0.008715208609729954
0.025,B3,unseen,harsh,__all__,5,5,0.05333333333333333,0.020916500663351885,5,0.9218181818181819,0.1300985005090787,5,0.0999241483397134,0.03708856489831003,5,0.6141666666666666,0.07458925753680605,5,0.6141666666666666,0.07458925753680605,5,0.003333333333333333,0.005432668671002208
0.025,B3,unseen,harsh,horizontal_new,5,5,0.0,0.0,0,,,5,0.0,0.0,5,0.609548611111111,0.06656180718210122,5,0.609548611111111,0.06656180718210122,5,0.0,0.0
0.025,B3,unseen,harsh,low_new,5,5,0.10833333333333332,0.047507309379130745,5,0.95,0.11180339887498948,5,0.19121367521367522,0.07776411056392928,5,0.6421875000000001,0.08372439708499174,5,0.6421875000000001,0.08372439708499174,5,0.004166666666666667,0.009316949906249124
0.025,B3,unseen,harsh,two_new,5,5,0.075,0.03486083443891982,5,0.9333333333333332,0.149071198499986,5,0.1368433048433048,0.05951633914349594,5,0.6220486111111111,0.07095683847460882,5,0.6220486111111111,0.07095683847460882,5,0.004166666666666667,0.009316949906249124
0.025,B3,unseen,harsh,vertical_new,5,5,0.0,0.0,0,,,5,0.0,0.0,5,0.6753472222222222,0.05141351699639184,5,0.6753472222222222,0.05141351699639184,5,0.0,0.0
0.025,B3,unseen,harsh,wide_new,5,5,0.08333333333333334,0.05103103630798288,5,0.8933333333333333,0.1534781924429512,5,0.14757127419196384,0.08004684427526954,5,0.6222222222222221,0.07251096211426318,5,0.6222222222222221,0.07251096211426318,5,0.008333333333333333,0.01141088661469096
0.025,B3,unseen,standard,__all__,5,5,0.0,0.0,3,,,5,0.0,0.0,5,0.5536805555555555,0.05471059917806457,5,0.5536805555555555,0.05471059917806457,5,0.005833333333333334,0.00631906287004296
0.025,B3,unseen,standard,horizontal_new,5,5,0.0,0.0,0,,,5,0.0,0.0,5,0.5614583333333334,0.06859671376017941,5,0.5614583333333334,0.06859671376017941,5,0.0,0.0
0.025,B3,unseen,standard,low_new,5,5,0.0,0.0,3,,,5,0.0,0.0,5,0.5727430555555555,0.05678768756779801,5,0.5727430555555555,0.05678768756779801,5,0.0125,0.01141088661469096
0.025,B3,unseen,standard,two_new,5,5,0.0,0.0,1,,,5,0.0,0.0,5,0.5539930555555556,0.04250548172935763,5,0.5539930555555556,0.04250548172935763,5,0.004166666666666667,0.009316949906249124
0.025,B3,unseen,standard,vertical_new,5,5,0.0,0.0,1,,,5,0.0,0.0,5,0.5612847222222223,0.07136187525946777,5,0.5612847222222223,0.07136187525946777,5,0.004166666666666667,0.009316949906249124
0.025,B3,unseen,standard,wide_new,5,5,0.0,0.0,2,,,5,0.0,0.0,5,0.5338541666666667,0.045438376139938896,5,0.5338541666666667,0.045438376139938896,5,0.008333333333333333,0.01141088661469096
0.025,P1,all,__all__,__all__,5,5,0.05,0.010481568644530264,5,0.6813899063899063,0.10728336953825254,5,0.09304669455116613,0.018841995350904167,5,0.5878421359592014,0.06284760740462442,5,0.5841749403211806,0.060460069115446956,5,0.011718749999999998,0.0044155794160971795
0.025,P1,seen,__all__,__all__,5,5,0.075,0.016579633869879616,5,0.6137857142857144,0.13381175858157562,5,0.13302915798899637,0.027191733859693135,5,0.5989631558641976,0.07185078481948656,5,0.5935426311728395,0.07142653906231584,5,0.025,0.01261520980873955
0.025,P1,seen,__all__,central_furniture,5,5,0.07916666666666668,0.02716334335501104,5,0.8433333333333334,0.09398581453247788,5,0.14333967639628015,0.04569822154365318,5,0.5996961805555555,0.07260608224821333,5,0.5953125,0.07425449791908091,5,0.008333333333333333,0.004658474953124561
0.025,P1,seen,__all__,clear,5,5,0.1375,0.03784562942621864,5,0.5614035087719298,0.15742023134383404,5,0.21595508445469166,0.04755153661115344,5,0.6095486111111111,0.08334878848834244,5,0.6184027777777777,0.07692118440421082,5,0.0625,0.043576043048649774
0.025,P1,seen,__all__,vertical_mid,5,5,0.008333333333333333,0.018633899812498248,2,,,5,0.01568627450980392,0.03507557611764376,5,0.6259114583333333,0.055169651387412484,5,0.6020833333333333,0.06184336140611405,5,0.004166666666666667,0.00570544330734548
0.025,P1,seen,harsh,__all__,5,5,0.15,0.03315926773975923,5,0.7230211817168339,0.1894105851442658,5,0.24589414713253724,0.04782419618171584,5,0.6441743827160493,0.09170479346877043,5,0.6431134259259259,0.09213042025472687,5,0.03333333333333333,0.02795084971874737
0.025,P1,seen,harsh,central_furniture,5,5,0.15833333333333335,0.05432668671002208,5,0.8933333333333333,0.09831920802501748,5,0.263719422340112,0.07686642606135553,5,0.656423611111111,0.09018048643729061,5,0.656423611111111,0.09018048643729061,5,0.0125,0.01141088661469096
0.025,P1,seen,harsh,clear,5,5,0.275,0.07569125885243728,5,0.6981442577030812,0.23118951413587613,5,0.3788801468659847,0.07483452553013724,5,0.6739583333333334,0.09990297484900316,5,0.6717013888888889,0.10109847701324758,5,0.08333333333333333,0.08715208609729955
0.025,P1,seen,harsh,vertical_mid,5,5,0.016666666666666666,0.037267799624996496,2,,,5,0.03076923076923077,0.06880209161537815,5,0.6796875,0.057021405902482586,5,0.6788194444444444,0.05631667216426597,5,0.004166666666666667,0.009316949906249124
0.025,P1,seen,standard,__all__,5,5,0.0,0.0,5,0.0,0.0,5,0.0,0.0,5,0.5566358024691358,0.0617957757608842,5,0.5365547839506173,0.06066521480645509,5,0.01666666666666667,0.006211299937499416
0.025,P1,seen,standard,central_furniture,5,5,0.0,0.0,1,,,5,0.0,0.0,5,0.5545138888888889,0.05277463669380946,5,0.5234374999999999,0.06794441126242716,5,0.004166666666666667,0.009316949906249124
0.025,P1,seen,standard,clear,5,5,0.0,0.0,5,0.0,0.0,5,0.0,0.0,5,0.5614583333333333,0.058241935052414685,5,0.5651041666666666,0.05572483974202788,5,0.041666666666666664,0.0
0.025,P1,seen,standard,vertical_mid,5,5,0.0,0.0,1,,,5,0.0,0.0,5,0.5682291666666666,0.08451090378070622,5,0.5243055555555556,0.08343725435761687,5,0.004166666666666667,0.009316949906249124
0.025,P1,unseen,__all__,__all__,5,5,0.034999999999999996,0.008122328620674135,5,0.8369696969696969,0.12207364288960137,5,0.06704475878907906,0.015057565027718605,5,0.5821805555555556,0.057575333295492935,5,0.5800069444444444,0.05369857703594015,5,0.00375,0.002716334335501104
0.025,P1,unseen,__all__,horizontal_new,5,5,0.0,0.0,0,,,5,0.0,0.0,5,0.5832899305555556,0.054849246173238955,5,0.5927517361111111,0.042769523143443344,5,0.0,0.0
0.025,P1,unseen,__all__,low_new,5,5,0.075,0.011410886614690956,5,0.8699999999999999,0.12041594578792293,5,0.13775292410142576,0.019439368603431383,5,0.6006510416666668,0.07355000580810055,5,0.6118923611111111,0.06602745198224848,5,0.00625,0.00570544330734548
0.025,P1,unseen,__all__,two_new,5,5,0.041666666666666664,0.01473139127471974,5,0.8666666666666666,0.18257418583505539,5,0.07906522609043617,0.02717173843107861,5,0.5809461805555556,0.05507900570338252,5,0.5883680555555555,0.04925244833745136,5,0.004166666666666667,0.00570544330734548
0.025,P1,unseen,__all__,vertical_new,5,5,0.004166666666666667,0.009316949906249124,1,,,5,0.008,0.01788854381999832,5,0.6202690972222222,0.04860587924474473,5,0.5919270833333332,0.05524007443266692,5,0.0020833333333333333,0.004658474953124562
0.025,P1,unseen,__all__,wide_new,5,5,0.05416666666666666,0.018633899812498245,5,0.8266666666666665,0.16733200530681513,5,0.10109064002959674,0.032523499988739706,5,0.5714409722222223,0.05720063758171348,5,0.5641059027777778,0.05811853167984743,5,0.00625,0.00570544330734548
0.025,P1,unseen,harsh,__all__,5,5,0.06999999999999999,0.01624465724134827,5,0.866969696969697,0.11348677022283546,5,0.12909263764225598,0.028163702310540766,5,0.6141666666666666,0.07458925753680605,5,0.6121458333333332,0.07568852471118227,5,0.005833333333333334,0.004750730937913075
0.025,P1,unseen,harsh,horizontal_new,5,5,0.0,0.0,0,,,5,0.0,0.0,5,0.609548611111111,0.06656180718210122,5,0.59375,0.07477128433065228,5,0.0,0.0
0.025,P1,unseen,harsh,low_new,5,5,0.15,0.022821773229381913,5,0.8699999999999999,0.12041594578792293,5,0.2547892720306513,0.03371065460604152,5,0.6421875000000001,0.08372439708499174,5,0.6421875000000001,0.08372439708499174,5,0.0125,0.01141088661469096
0.025,P1,unseen,harsh,two_new,5,5,0.08333333333333333,0.02946278254943948,5,0.8666666666666666,0.18257418583505539,5,0.15047293447293447,0.05034029861256361,5,0.6220486111111111,0.07095683847460882,5,0.6220486111111111,0.07095683847460882,5,0.008333333333333333,0.01141088661469096
0.025,P1,unseen,harsh,vertical_new,5,5,0.008333333333333333,0.018633899812498248,1,,,5,0.016,0.03577708763999664,5,0.6753472222222222,0.05141351699639184,5,0.6753472222222222,0.05141351699639184,5,0.0,0.0
0.025,P1,unseen,harsh,wide_new,5,5,0.10833333333333332,0.03726779962499649,5,0.8933333333333333,0.1534781924429512,5,0.19078494940563906,0.05650943383850114,5,0.6222222222222221,0.07251096211426318,5,0.6222222222222221,0.07251096211426318,5,0.008333333333333333,0.01141088661469096
0.025,P1,unseen,standard,__all__,5,5,0.0,0.0,1,,,5,0.0,0.0,5,0.5536805555555555,0.05471059917806457,5,0.5429513888888888,0.04755475492981943,5,0.0016666666666666666,0.003726779962499649
0.025,P1,unseen,standard,horizontal_new,5,5,0.0,0.0,0,,,5,0.0,0.0,5,0.5614583333333334,0.06859671376017941,5,0.5982638888888889,0.06412868739097345,5,0.0,0.0
0.025,P1,unseen,standard,low_new,5,5,0.0,0.0,0,,,5,0.0,0.0,5,0.5727430555555555,0.05678768756779801,5,0.58125,0.05628522024078802,5,0.0,0.0
0.025,P1,unseen,standard,two_new,5,5,0.0,0.0,0,,,5,0.0,0.0,5,0.5539930555555556,0.04250548172935763,5,0.5612847222222221,0.03390198723701646,5,0.0,0.0
0.025,P1,unseen,standard,vertical_new,5,5,0.0,0.0,1,,,5,0.0,0.0,5,0.5612847222222223,0.07136187525946777,5,0.503125,0.07899448640340252,5,0.004166666666666667,0.009316949906249124
0.025,P1,unseen,standard,wide_new,5,5,0.0,0.0,1,,,5,0.0,0.0,5,0.5338541666666667,0.045438376139938896,5,0.4991319444444445,0.053238774998936124,5,0.004166666666666667,0.009316949906249124
0.05,B1,all,__all__,__all__,5,5,0.11093749999999998,0.06950247141639002,5,0.645538753483959,0.054270493182009945,5,0.18337494434489932,0.09607072932679196,5,0.6471110026041667,0.1313430760123502,5,0.6471110026041667,0.1313430760123502,5,0.029427083333333333,0.014132253699182432
0.05,B1,seen,__all__,__all__,5,5,0.15,0.09692414623537722,5,0.5950499007375067,0.08917036358408972,5,0.23256368979691738,0.12426028681792188,5,0.6628713348765432,0.13398304112954346,5,0.6628713348765432,0.13398304112954346,5,0.04513888888888888,0.012276159395599784
0.05,B1,seen,__all__,central_furniture,5,5,0.16666666666666669,0.10622957319984969,5,0.7584321475625824,0.0814934873391949,5,0.2601634919371849,0.12420295792387714,5,0.6614149305555556,0.1429363424772005,5,0.6614149305555556,0.1429363424772005,5,0.029166666666666667,0.022582795196540415
0.05,B1,seen,__all__,clear,5,5,0.2583333333333333,0.14328124053374497,5,0.5518810938165777,0.12065631447583137,5,0.3433573211661383,0.15811878554140835,5,0.6712239583333333,0.13726287157350192,5,0.6712239583333333,0.13726287157350192,5,0.09375,0.02442924874908036
0.05,B1,seen,__all__,vertical_mid,5,5,0.025,0.05590169943749475,4,,,5,0.04285714285714286,0.095831484749991,5,0.6819010416666667,0.10863820186102864,5,0.6819010416666667,0.10863820186102864,5,0.012499999999999999,0.008715208609729953
0.05,B1,seen,harsh,__all__,5,5,0.28055555555555556,0.18409982866254995,5,0.6226470588235294,0.0689787925217773,5,0.36777407668025014,0.16765552321398008,5,0.69477237654321,0.13268256782300983,5,0.69477237654321,0.13268256782300983,5,0.07916666666666666,0.03128855646130225
0.05,B1,seen,harsh,central_furniture,5,5,0.33333333333333337,0.21245914639969937,5,0.7584321475625824,0.0814934873391949,5,0.43301418439716316,0.16481392492017533,5,0.7005208333333334,0.12807276487158323,5,0.7005208333333334,0.12807276487158323,5,0.058333333333333334,0.04516559039308083
0.05,B1,seen,harsh,clear,5,5,0.4583333333333333,0.24473625259314022,5,0.5975664867497898,0.10530841583583377,5,0.49332113112836806,0.17427976434642056,5,0.7152777777777778,0.12932279896811522,5,0.7152777777777778,0.12932279896811522,5,0.15416666666666665,0.06353312784157045
0.05,B1,seen,harsh,vertical_mid,5,5,0.05,0.1118033988749895,4,,,5,0.075,0.16770509831248423,5,0.7190972222222223,0.11052566575814354,5,0.7190972222222223,0.11052566575814354,5,0.024999999999999998,0.017430417219459905
0.05,B1,seen,standard,__all__,5,5,0.019444444444444445,0.018633899812498245,5,0.4833333333333333,0.4579543888011362,5,0.037266951161688,0.03554871284693113,5,0.6339699074074074,0.13204200469711136,5,0.6339699074074074,0.13204200469711136,5,0.01111111111111111,0.009316949906249122
0.05,B1,seen,standard,central_furniture,5,5,0.0,0.0,0,,,5,0.0,0.0,5,0.6373263888888888,0.15053494983785387,5,0.6373263888888888,0.15053494983785387,5,0.0,0.0
0.05,B1,seen,standard,clear,5,5,0.05833333333333333,0.05590169943749475,5,0.4833333333333333,0.4579543888011362,5,0.10325600325600326,0.09775718535982418,5,0.640798611111111,0.13617050017057752,5,0.640798611111111,0.13617050017057752,5,0.03333333333333333,0.02795084971874737
0.05,B1,seen,standard,vertical_mid,5,5,0.0,0.0,0,,,5,0.0,0.0,5,0.640451388888889,0.1117440738478934,5,0.640451388888889,0.1117440738478934,5,0.0,0.0
0.05,B1,unseen,__all__,__all__,5,5,0.0875,0.053764532919016415,5,0.7109627259994907,0.09142634740725186,5,0.15054891039150117,0.07831424491454517,5,0.6380399305555555,0.129426601768284,5,0.6380399305555555,0.129426601768284,5,0.02,0.01570120306784731
0.05,B1,unseen,__all__,horizontal_new,5,5,0.025,0.04516559039308083,2,,,5,0.04387755102040816,0.07734263086382531,5,0.6492621527777778,0.1335348372692153,5,0.6492621527777778,0.1335348372692153,5,0.00625,0.013975424859373687
0.05,B1,unseen,__all__,low_new,5,5,0.18333333333333335,0.11729740216882707,5,0.7417654808959155,0.14923238836879735,5,0.27635840813210116,0.14283146346913683,5,0.6623697916666667,0.1389126566577416,5,0.6623697916666667,0.1389126566577416,5,0.0375,0.027163343355011037
0.05,B1,unseen,__all__,two_new,5,5,0.10416666666666666,0.03897559777889522,5,0.740934065934066,0.15581307404771128,5,0.17838309231751856,0.05390715806552415,5,0.6346788194444445,0.13277691133678435,5,0.6346788194444445,0.13277691133678435,5,0.022916666666666665,0.02003685839757432
0.05,B1,unseen,__all__,vertical_new,5,5,0.020833333333333336,0.046584749531245626,2,,,5,0.03636363636363636,0.08131156281817417,5,0.666796875,0.10814594897507186,5,0.666796875,0.10814594897507186,5,0.00625,0.009316949906249122
0.05,B1,unseen,__all__,wide_new,5,5,0.10416666666666667,0.04658474953124561,5,0.7159340659340659,0.18614132578521267,5,0.17625122418565042,0.06939132103764735,5,0.6137586805555555,0.11498238789565274,5,0.6137586805555555,0.11498238789565274,5,0.027083333333333338,0.02030582155168534
0.05,B1,unseen,harsh,__all__,5,5,0.1716666666666667,0.10746446441085122,5,0.7064605614973262,0.09688896925178844,5,0.2615743785645557,0.1194920955507573,5,0.6593194444444445,0.13165667998636024,5,0.6593194444444445,0.13165667998636024,5,0.04,0.03140240613569462
0.05,B1,unseen,harsh,horizontal_new,5,5,0.05,0.09033118078616166,2,,,5,0.0785,0.13531906739258884,5,0.6498263888888889,0.12996447071320047,5,0.6498263888888889,0.12996447071320047,5,0.0125,0.027950849718747374
0.05,B1,unseen,harsh,low_new,5,5,0.35000000000000003,0.22553947671207264,5,0.7334321475625823,0.1555059053227684,5,0.4351570415400203,0.18658056354888192,5,0.6866319444444444,0.12944364577498604,5,0.6866319444444444,0.12944364577498604,5,0.075,0.054326686710022075
0.05,B1,unseen,harsh,two_new,5,5,0.20833333333333331,0.07795119555779044,5,0.740934065934066,0.15581307404771128,5,0.31350261551874453,0.07880974237808254,5,0.6618055555555556,0.12464776036404805,5,0.6618055555555556,0.12464776036404805,5,0.04583333333333333,0.04007371679514864
0.05,B1,unseen,harsh,vertical_new,5,5,0.04166666666666667,0.09316949906249125,2,,,5,0.06451612903225806,0.14426245016127676,5,0.7149305555555555,0.11612266989997717,5,0.7149305555555555,0.11612266989997717,5,0.0125,0.018633899812498245
0.05,B1,unseen,harsh,wide_new,5,5,0.20833333333333334,0.09316949906249122,5,0.7159340659340659,0.18614132578521267,5,0.3067718462879753,0.10874843898959331,5,0.6505208333333334,0.11552250837879875,5,0.6505208333333334,0.11552250837879875,5,0.054166666666666675,0.04061164310337068
0.05,B1,unseen,standard,__all__,5,5,0.003333333333333333,0.007453559924999298,1,,,5,0.006557377049180328,0.014662740836064196,5,0.6205208333333333,0.12210467980722775,5,0.6205208333333333,0.12210467980722775,5,0.0,0.0
0.05,B1,unseen,standard,horizontal_new,5,5,0.0,0.0,0,,,5,0.0,0.0,5,0.6527777777777778,0.13162424597933936,5,0.6527777777777778,0.13162424597933936,5,0.0,0.0
0.05,B1,unseen,standard,low_new,5,5,0.016666666666666666,0.037267799624996496,1,,,5,0.03076923076923077,0.06880209161537815,5,0.6527777777777778,0.13724888949577727,5,0.6527777777777778,0.13724888949577727,5,0.0,0.0
0.05,B1,unseen,standard,two_new,5,5,0.0,0.0,0,,,5,0.0,0.0,5,0.6333333333333333,0.13415404736705272,5,0.6333333333333333,0.13415404736705272,5,0.0,0.0
0.05,B1,unseen,standard,vertical_new,5,5,0.0,0.0,0,,,5,0.0,0.0,5,0.6163194444444444,0.09709037438701694,5,0.6163194444444444,0.09709037438701694,5,0.0,0.0
0.05,B1,unseen,standard,wide_new,5,5,0.0,0.0,0,,,5,0.0,0.0,5,0.5819444444444445,0.10510392864653882,5,0.5819444444444445,0.10510392864653882,5,0.0,0.0
0.05,B2,all,__all__,__all__,5,5,0.07760416666666667,0.01995206386393537,5,0.553446577647159,0.10357114619515868,5,0.13538619138765456,0.03180039743846293,5,0.5878421359592014,0.06284760740462442,5,0.5878421359592014,0.06284760740462442,5,0.032031250000000004,0.011298902682248249
0.05,B2,seen,__all__,__all__,5,5,0.10833333333333332,0.028463752127665557,5,0.5266186213223729,0.11593480996122095,5,0.17889907170056057,0.04269633953297901,5,0.5989631558641976,0.07185078481948656,5,0.5989631558641976,0.07185078481948656,5,0.04930555555555556,0.01418945607062677
0.05,B2,seen,__all__,central_furniture,5,5,0.1125,0.043200919486099415,5,0.6030769230769231,0.13608658824560463,5,0.1852892050726879,0.06115623897983733,5,0.5996961805555555,0.07260608224821333,5,0.5996961805555555,0.07260608224821333,5,0.04166666666666667,0.025515518153991442
0.05,B2,seen,__all__,clear,5,5,0.19583333333333333,0.05628856702544291,5,0.5049452611372116,0.13311409030653312,5,0.27931672329519164,0.06897578831336226,5,0.6095486111111111,0.08334878848834244,5,0.6095486111111111,0.08334878848834244,5,0.1,0.0372677996249965
0.05,B2,seen,__all__,vertical_mid,5,5,0.016666666666666666,0.037267799624996496,3,,,5,0.03018867924528302,0.06750393894338987,5,0.6259114583333333,0.055169651387412484,5,0.6259114583333333,0.055169651387412484,5,0.00625,0.00570544330734548
0.05,B2,seen,harsh,__all__,5,5,0.2111111111111111,0.0576012259814659,5,0.5729768285549219,0.15890586037328405,5,0.3041596375807174,0.06745607039327095,5,0.6441743827160493,0.09170479346877043,5,0.6441743827160493,0.09170479346877043,5,0.08472222222222223,0.03784562942621864
0.05,B2,seen,harsh,central_furniture,5,5,0.225,0.08640183897219883,5,0.6436829836829837,0.1484327256992131,5,0.32007159869228835,0.09212411389028244,5,0.656423611111111,0.09018048643729061,5,0.656423611111111,0.09018048643729061,5,0.075,0.05432668671002208
0.05,B2,seen,harsh,clear,5,5,0.38333333333333336,0.11562030771259675,5,0.5499744245524296,0.16430006716821646,5,0.4420914169319188,0.10088606327997995,5,0.6739583333333334,0.09990297484900316,5,0.6739583333333334,0.09990297484900316,5,0.17083333333333334,0.07850601533923655
0.05,B2,seen,harsh,vertical_mid,5,5,0.025,0.055901699437494755,3,,,5,0.04444444444444444,0.09938079899999064,5,0.6796875,0.057021405902482586,5,0.6796875,0.057021405902482586,5,0.008333333333333333,0.01141088661469096
0.05,B2,seen,standard,__all__,5,5,0.005555555555555555,0.01242259987499883,4,,,5,0.010256410256410256,0.022934030538459382,5,0.5566358024691358,0.0617957757608842,5,0.5566358024691358,0.0617957757608842,5,0.01388888888888889,0.010980130764473538
0.05,B2,seen,standard,central_furniture,5,5,0.0,0.0,2,,,5,0.0,0.0,5,0.5545138888888889,0.05277463669380946,5,0.5545138888888889,0.05277463669380946,5,0.008333333333333333,0.01141088661469096
0.05,B2,seen,standard,clear,5,5,0.008333333333333333,0.018633899812498248,4,,,5,0.014814814814814814,0.03312693299999688,5,0.5614583333333333,0.058241935052414685,5,0.5614583333333333,0.058241935052414685,5,0.029166666666666664,0.018633899812498245
0.05,B2,seen,standard,vertical_mid,5,5,0.008333333333333333,0.018633899812498248,1,,,5,0.015384615384615385,0.034401045807689073,5,0.5682291666666666,0.08451090378070622,5,0.5682291666666666,0.08451090378070622,5,0.004166666666666667,0.009316949906249124
0.05,B2,unseen,__all__,__all__,5,5,0.059166666666666666,0.016509677296799124,5,0.6072811447811448,0.1235773304187767,5,0.10668059563541746,0.027312361173028002,5,0.5821805555555556,0.057575333295492935,5,0.5821805555555556,0.057575333295492935,5,0.021666666666666667,0.012377875647927456
0.05,B2,unseen,__all__,horizontal_new,5,5,0.004166666666666667,0.009316949906249124,1,,,5,0.008163265306122448,0.018253616142855426,5,0.5832899305555556,0.054849246173238955,5,0.5832899305555556,0.054849246173238955,5,0.0,0.0
0.05,B2,unseen,__all__,low_new,5,5,0.1125,0.03159531435021479,5,0.5456277056277056,0.10706810107951423,5,0.18404480641768778,0.041252425962134597,5,0.6006510416666668,0.07355000580810055,5,0.6006510416666668,0.07355000580810055,5,0.05,0.02258279519654042
0.05,B2,unseen,__all__,two_new,5,5,0.08333333333333334,0.03294039229342062,5,0.7583333333333333,0.22897719440056813,5,0.1459203892083149,0.05097616728318391,5,0.5809461805555556,0.05507900570338252,5,0.5809461805555556,0.05507900570338252,5,0.020833333333333332,0.01948779888944761
0.05,B2,unseen,__all__,vertical_new,5,5,0.008333333333333333,0.018633899812498248,2,,,5,0.01568627450980392,0.03507557611764376,5,0.6202690972222222,0.04860587924474473,5,0.6202690972222222,0.04860587924474473,5,0.004166666666666667,0.00570544330734548
0.05,B2,unseen,__all__,wide_new,5,5,0.0875,0.030900827029565262,5,0.6506410256410257,0.21296623833820788,5,0.14925960621042586,0.04458395542462776,5,0.5714409722222223,0.05720063758171348,5,0.5714409722222223,0.05720063758171348,5,0.03333333333333333,0.026962873136551636
0.05,B2,unseen,harsh,__all__,5,5,0.11833333333333333,0.03301935459359825,5,0.6514282611056805,0.1837097220596182,5,0.19632081127013104,0.04728738100888984,5,0.6141666666666666,0.07458925753680605,5,0.6141666666666666,0.07458925753680605,5,0.03833333333333334,0.02754415646839735
0.05,B2,unseen,harsh,horizontal_new,5,5,0.008333333333333333,0.018633899812498248,1,,,5,0.016,0.03577708763999664,5,0.609548611111111,0.06656180718210122,5,0.609548611111111,0.06656180718210122,5,0.0,0.0
0.05,B2,unseen,harsh,low_new,5,5,0.225,0.06319062870042957,5,0.5785281385281384,0.14879267122203596,5,0.316297238498377,0.059027230403953974,5,0.6421875000000001,0.08372439708499174,5,0.6421875000000001,0.08372439708499174,5,0.09166666666666667,0.050173310744967906
0.05,B2,unseen,harsh,two_new,5,5,0.16666666666666669,0.06588078458684124,5,0.7583333333333333,0.22897719440056813,5,0.26044094794094796,0.08107338225246474,5,0.6220486111111111,0.07095683847460882,5,0.6220486111111111,0.07095683847460882,5,0.041666666666666664,0.03897559777889522
0.05,B2,unseen,harsh,vertical_new,5,5,0.016666666666666666,0.037267799624996496,2,,,5,0.03076923076923077,0.06880209161537815,5,0.6753472222222222,0.05141351699639184,5,0.6753472222222222,0.05141351699639184,5,0.004166666666666667,0.009316949906249124
0.05,B2,unseen,harsh,wide_new,5,5,0.175,0.061801654059130524,5,0.725,0.25617376914899,5,0.2670787545787546,0.07055733039326413,5,0.6222222222222221,0.07251096211426318,5,0.6222222222222221,0.07251096211426318,5,0.05416666666666666,0.05432668671002207
0.05,B2,unseen,standard,__all__,5,5,0.0,0.0,2,,,5,0.0,0.0,5,0.5536805555555555,0.05471059917806457,5,0.5536805555555555,0.05471059917806457,5,0.005,0.007453559924999299
0.05,B2,unseen,standard,horizontal_new,5,5,0.0,0.0,0,,,5,0.0,0.0,5,0.5614583333333334,0.06859671376017941,5,0.5614583333333334,0.06859671376017941,5,0.0,0.0
0.05,B2,unseen,standard,low_new,5,5,0.0,0.0,2,,,5,0.0,0.0,5,0.5727430555555555,0.05678768756779801,5,0.5727430555555555,0.05678768756779801,5,0.008333333333333333,0.01141088661469096
0.05,B2,unseen,standard,two_new,5,5,0.0,0.0,0,,,5,0.0,0.0,5,0.5539930555555556,0.04250548172935763,5,0.5539930555555556,0.04250548172935763,5,0.0,0.0
0.05,B2,unseen,standard,vertical_new,5,5,0.0,0.0,1,,,5,0.0,0.0,5,0.5612847222222223,0.07136187525946777,5,0.5612847222222223,0.07136187525946777,5,0.004166666666666667,0.009316949906249124
0.05,B2,unseen,standard,wide_new,5,5,0.0,0.0,2,,,5,0.0,0.0,5,0.5338541666666667,0.045438376139938896,5,0.5338541666666667,0.045438376139938896,5,0.0125,0.018633899812498248
0.05,B3,all,__all__,__all__,5,5,0.07239583333333334,0.019260273007396453,5,0.5815515326048984,0.06489632188557545,5,0.12827217841709035,0.031367092017025006,5,0.5878421359592014,0.06284760740462442,5,0.583734130859375,0.05939062577050737,5,0.02578125,0.006203713150818539
0.05,B3,seen,__all__,__all__,5,5,0.10138888888888889,0.024355108217708584,5,0.5330117322291236,0.08118861644632779,5,0.1697200525786645,0.03621685758642513,5,0.5989631558641976,0.07185078481948656,5,0.5966965663580247,0.06934319670186317,5,0.04444444444444444,0.010814174654442663
0.05,B3,seen,__all__,central_furniture,5,5,0.08333333333333334,0.03294039229342062,5,0.545,0.09420721840708385,5,0.14270592777424268,0.05154393242867068,5,0.5996961805555555,0.07260608224821333,5,0.6034288194444444,0.06879162283011002,5,0.035416666666666666,0.01743041721945991
0.05,B3,seen,__all__,clear,5,5,0.20416666666666666,0.049738901609638855,5,0.5329523809523808,0.07872740650591378,5,0.2922898632787391,0.05285093174788138,5,0.6095486111111111,0.08334878848834244,5,0.6180989583333333,0.07708872794366071,5,0.09166666666666666,0.029828793881825733
0.05,B3,seen,__all__,vertical_mid,5,5,0.016666666666666666,0.037267799624996496,2,,,5,0.029629629629629627,0.06625386599999376,5,0.6259114583333333,0.055169651387412484,5,0.5892361111111111,0.06506335526397342,5,0.00625,0.009316949906249124
0.05,B3,seen,harsh,__all__,5,5,0.18055555555555552,0.04392052305789416,5,0.6575056640926182,0.11249760561533445,5,0.2809859941420738,0.05484671344482051,5,0.6441743827160493,0.09170479346877043,5,0.6441743827160493,0.09170479346877043,5,0.04861111111111111,0.02196026152894708
0.05,B3,seen,harsh,central_furniture,5,5,0.16666666666666669,0.06588078458684124,5,0.7833333333333333,0.1394433377556793,5,0.26635364635364633,0.0856144102235082,5,0.656423611111111,0.09018048643729061,5,0.656423611111111,0.09018048643729061,5,0.029166666666666664,0.023753654689565376
0.05,B3,seen,harsh,clear,5,5,0.35,0.08640183897219883,5,0.6243728304719017,0.11871662927165305,5,0.44157211230115034,0.07343065960316363,5,0.6739583333333334,0.09990297484900316,5,0.6739583333333334,0.09990297484900316,5,0.1125,0.0562885670254429
0.05,B3,seen,harsh,vertical_mid,5,5,0.025,0.055901699437494755,2,,,5,0.04444444444444444,0.09938079899999064,5,0.6796875,0.057021405902482586,5,0.6796875,0.057021405902482586,5,0.004166666666666667,0.009316949906249124
0.05,B3,seen,standard,__all__,5,5,0.02222222222222222,0.007607257743127307,5,0.2138095238095238,0.05271538261860432,5,0.04013909009586688,0.013251597354468956,5,0.5566358024691358,0.0617957757608842,5,0.5566358024691358,0.0617957757608842,5,0.04027777777777778,0.009054447785003675
0.05,B3,seen,standard,central_furniture,5,5,0.0,0.0,5,0.0,0.0,5,0.0,0.0,5,0.5545138888888889,0.05277463669380946,5,0.5545138888888889,0.05277463669380946,5,0.041666666666666664,0.02551551815399144
0.05,B3,seen,standard,clear,5,5,0.058333333333333334,0.02282177322938192,5,0.2833333333333333,0.04564354645876383,5,0.09619047619047619,0.033906634512224566,5,0.5614583333333333,0.058241935052414685,5,0.5614583333333333,0.058241935052414685,5,0.07083333333333333,0.011410886614690958
0.05,B3,seen,standard,vertical_mid,5,5,0.008333333333333333,0.018633899812498248,1,,,5,0.014814814814814814,0.03312693299999688,5,0.5682291666666666,0.08451090378070622,5,0.5682291666666666,0.08451090378070622,5,0.008333333333333333,0.018633899812498248
0.05,B3,unseen,__all__,__all__,5,5,0.05500000000000001,0.018957188610128878,5,0.6645773524720893,0.07539037171078124,5,0.10075856003607261,0.03189840627745629,5,0.5821805555555556,0.057575333295492935,5,0.5762621527777779,0.053415023477793186,5,0.014583333333333334,0.006909634979907083
0.05,B3,unseen,__all__,horizontal_new,5,5,0.016666666666666666,0.037267799624996496,1,,,5,0.03018867924528302,0.06750393894338987,5,0.5832899305555556,0.054849246173238955,5,0.556640625,0.038760831193443424,5,0.0020833333333333333,0.004658474953124562
0.05,B3,unseen,__all__,low_new,5,5,0.09583333333333333,0.01863389981249825,5,0.6155555555555556,0.1430703875806211,5,0.16447650609209352,0.028352212452581627,5,0.6006510416666668,0.07355000580810055,5,0.6038628472222223,0.06848818744396767,5,0.03333333333333334,0.018633899812498248
0.05,B3,unseen,__all__,two_new,5,5,0.075,0.023753654689565376,5,0.7516666666666667,0.15370426148939398,5,0.13474828086370816,0.03816527360460424,5,0.5809461805555556,0.05507900570338252,5,0.5823784722222222,0.0513760845739831,5,0.014583333333333334,0.011876827344782688
0.05,B3,unseen,__all__,vertical_new,5,5,0.008333333333333333,0.018633899812498248,2,,,5,0.015384615384615385,0.034401045807689073,5,0.6202690972222222,0.04860587924474473,5,0.5853298611111112,0.05534266903181232,5,0.00625,0.009316949906249124
0.05,B3,unseen,__all__,wide_new,5,5,0.07916666666666668,0.02716334335501104,5,0.7611111111111112,0.16850834320114558,5,0.14083130904183536,0.043492669456702285,5,0.5714409722222223,0.05720063758171348,5,0.5754774305555557,0.051452295175311503,5,0.01666666666666667,0.015797657175107397
0.05,B3,unseen,harsh,__all__,5,5,0.10166666666666666,0.024579802006254377,5,0.8302503052503052,0.11977395115258894,5,0.17992020683895318,0.039326322412870825,5,0.6141666666666666,0.07458925753680605,5,0.6141666666666666,0.07458925753680605,5,0.011666666666666667,0.010374916331657278
0.05,B3,unseen,harsh,horizontal_new,5,5,0.008333333333333333,0.018633899812498248,1,,,5,0.016,0.03577708763999664,5,0.609548611111111,0.06656180718210122,5,0.609548611111111,0.06656180718210122,5,0.0,0.0
0.05,B3,unseen,harsh,low_new,5,5,0.18333333333333332,0.022821773229381934,5,0.7659523809523809,0.1718900864333338,5,0.2930948408284337,0.029892562410901154,5,0.6421875000000001,0.08372439708499174,5,0.6421875000000001,0.08372439708499174,5,0.03333333333333333,0.02795084971874737
0.05,B3,unseen,harsh,two_new,5,5,0.15,0.04750730937913075,5,0.9266666666666665,0.10110500592068733,5,0.2541956128163025,0.0685892711975254,5,0.6220486111111111,0.07095683847460882,5,0.6220486111111111,0.07095683847460882,5,0.008333333333333333,0.01141088661469096
0.05,B3,unseen,harsh,vertical_new,5,5,0.016666666666666666,0.037267799624996496,2,,,5,0.03076923076923077,0.06880209161537815,5,0.6753472222222222,0.05141351699639184,5,0.6753472222222222,0.05141351699639184,5,0.004166666666666667,0.009316949906249124
0.05,B3,unseen,harsh,wide_new,5,5,0.15,0.04750730937913075,5,0.8766666666666666,0.11642832797715319,5,0.2526083112290009,0.06959859401709514,5,0.6222222222222221,0.07251096211426318,5,0.6222222222222221,0.07251096211426318,5,0.0125,0.01141088661469096
0.05,B3,unseen,standard,__all__,5,5,0.008333333333333333,0.018633899812498248,5,0.07142857142857142,0.15971914124998499,5,0.014925373134328356,0.033374148917907305,5,0.5536805555555555,0.05471059917806457,5,0.5536805555555555,0.05471059917806457,5,0.017499999999999998,0.011562030771259672
0.05,B3,unseen,standard,horizontal_new,5,5,0.025,0.055901699437494755,1,,,5,0.04285714285714286,0.095831484749991,5,0.5614583333333334,0.06859671376017941,5,0.5614583333333334,0.06859671376017941,5,0.004166666666666667,0.009316949906249124
0.05,B3,unseen,standard,low_new,5,5,0.008333333333333333,0.018633899812498248,5,0.06666666666666667,0.14907119849998599,5,0.014814814814814814,0.03312693299999688,5,0.5727430555555555,0.05678768756779801,5,0.5727430555555555,0.05678768756779801,5,0.03333333333333333,0.01141088661469096
0.05,B3,unseen,standard,two_new,5,5,0.0,0.0,4,,,5,0.0,0.0,5,0.5539930555555556,0.04250548172935763,5,0.5539930555555556,0.04250548172935763,5,0.020833333333333332,0.01473139127471974
0.05,B3,unseen,standard,vertical_new,5,5,0.0,0.0,1,,,5,0.0,0.0,5,0.5612847222222223,0.07136187525946777,5,0.5612847222222223,0.07136187525946777,5,0.008333333333333333,0.018633899812498248
0.05,B3,unseen,standard,wide_new,5,5,0.008333333333333333,0.018633899812498248,2,,,5,0.013793103448275862,0.030842316931031583,5,0.5338541666666667,0.045438376139938896,5,0.5338541666666667,0.045438376139938896,5,0.020833333333333332,0.036084391824351615
0.05,P1,all,__all__,__all__,5,5,0.06979166666666667,0.016200344807287284,5,0.6201570227266353,0.0560333158793027,5,0.1249314070529169,0.02617070251107375,5,0.5878421359592014,0.06284760740462442,5,0.5851447211371528,0.06127080949113154,5,0.021614583333333333,0.006987712429686844
0.05,P1,seen,__all__,__all__,5,5,0.09583333333333334,0.021628349308885325,5,0.5459710144927536,0.0780303241538446,5,0.1623030484659526,0.03212868221631697,5,0.5989631558641976,0.07185078481948656,5,0.5944396219135802,0.07175917134848651,5,0.04027777777777777,0.012177554108854292
0.05,P1,seen,__all__,central_furniture,5,5,0.09166666666666666,0.031595314350214794,5,0.7447619047619047,0.17733220806762826,5,0.160816224809489,0.04925660127419476,5,0.5996961805555555,0.07260608224821333,5,0.5960503472222223,0.07386615323713162,5,0.01875,0.01545041351478263
0.05,P1,seen,__all__,clear,5,5,0.17916666666666667,0.043200919486099415,5,0.49607142857142855,0.09251654567962316,5,0.2607012966476913,0.04943662474309373,5,0.6095486111111111,0.08334878848834244,5,0.619357638888889,0.07582997545595001,5,0.09375,0.03210632293213008
0.05,P1,seen,__all__,vertical_mid,5,5,0.016666666666666666,0.037267799624996496,3,,,5,0.029629629629629627,0.06625386599999376,5,0.6259114583333333,0.055169651387412484,5,0.6050347222222222,0.06355154566352793,5,0.008333333333333333,0.008715208609729954
0.05,P1,seen,harsh,__all__,5,5,0.18611111111111112,0.04001350080802203,5,0.6340479876160992,0.12006949379705852,5,0.28494714860127657,0.04697042236923043,5,0.6441743827160493,0.09170479346877043,5,0.6431327160493827,0.09212821395956713,5,0.05694444444444444,0.028378912141253543
0.05,P1,seen,harsh,central_furniture,5,5,0.18333333333333332,0.06319062870042959,5,0.7747619047619048,0.15839687232075556,5,0.28864251076774794,0.07786380101719126,5,0.656423611111111,0.09018048643729061,5,0.656423611111111,0.09018048643729061,5,0.03333333333333333,0.031595314350214794
0.05,P1,seen,harsh,clear,5,5,0.35,0.08640183897219883,5,0.5927623357035122,0.12386138671803468,5,0.4322865476667485,0.0675175971318231,5,0.6739583333333334,0.09990297484900316,5,0.6715277777777777,0.10081896335946966,5,0.12916666666666668,0.06144950501563594
0.05,P1,seen,harsh,vertical_mid,5,5,0.025,0.055901699437494755,3,,,5,0.04444444444444444,0.09938079899999064,5,0.6796875,0.057021405902482586,5,0.6788194444444444,0.05631667216426597,5,0.008333333333333333,0.01141088661469096
0.05,P1,seen,standard,__all__,5,5,0.005555555555555555,0.01242259987499883,5,0.05,0.11180339887498951,5,0.01,0.022360679774997897,5,0.5566358024691358,0.0617957757608842,5,0.5375964506172839,0.0618784796537584,5,0.023611111111111107,0.010531771450071597
0.05,P1,seen,standard,central_furniture,5,5,0.0,0.0,1,,,5,0.0,0.0,5,0.5545138888888889,0.05277463669380946,5,0.5243055555555556,0.06892984246250577,5,0.004166666666666667,0.009316949906249124
0.05,P1,seen,standard,clear,5,5,0.008333333333333333,0.018633899812498248,5,0.05,0.11180339887498951,5,0.014285714285714285,0.031943828249996996,5,0.5614583333333333,0.058241935052414685,5,0.5652777777777778,0.05588821842843929,5,0.05833333333333333,0.009316949906249126
0.05,P1,seen,standard,vertical_mid,5,5,0.008333333333333333,0.018633899812498248,1,,,5,0.014814814814814814,0.03312693299999688,5,0.5682291666666666,0.08451090378070622,5,0.5286458333333334,0.08250410270265389,5,0.008333333333333333,0.018633899812498248
0.05,P1,unseen,__all__,__all__,5,5,0.05416666666666666,0.013819269959814166,5,0.7481209150326797,0.09875977714397936,5,0.10032579690889487,0.023575062533497473,5,0.5821805555555556,0.057575333295492935,5,0.5810902777777778,0.054644446304925924,5,0.010416666666666668,0.0064212645864260166
0.05,P1,unseen,__all__,horizontal_new,5,5,0.008333333333333333,0.018633899812498248,1,,,5,0.01568627450980392,0.03507557611764376,5,0.5832899305555556,0.054849246173238955,5,0.5942708333333333,0.04431432113116231,5,0.0020833333333333333,0.004658474953124562
0.05,P1,unseen,__all__,low_new,5,5,0.09583333333333333,0.01863389981249825,5,0.7504761904761905,0.16210072174709683,5,0.16851771862695397,0.027375381889573096,5,0.6006510416666668,0.07355000580810055,5,0.6131510416666668,0.0640817063787455,5,0.01875,0.013581671677505519
0.05,P1,unseen,__all__,two_new,5,5,0.075,0.023753654689565376,5,0.862857142857143,0.12999215046945514,5,0.13627040661890827,0.03878911193174085,5,0.5809461805555556,0.05507900570338252,5,0.58984375,0.048671382294312726,5,0.008333333333333333,0.008715208609729954
0.05,P1,unseen,__all__,vertical_new,5,5,0.008333333333333333,0.018633899812498248,2,,,5,0.015384615384615385,0.034401045807689073,5,0.6202690972222222,0.04860587924474473,5,0.5943142361111111,0.05853818417235841,5,0.00625,0.009316949906249124
0.05,P1,unseen,__all__,wide_new,5,5,0.08333333333333334,0.025515518153991442,5,0.76,0.15727267365169012,5,0.1480068610634648,0.04161274302360065,5,0.5714409722222223,0.05720063758171348,5,0.5642795138888889,0.058820652804822855,5,0.016666666666666666,0.011876827344782686
0.05,P1,unseen,harsh,__all__,5,5,0.10666666666666666,0.025954019170662392,5,0.8022875816993464,0.11572972682441227,5,0.18664008352166758,0.040281253139471035,5,0.6141666666666666,0.07458925753680605,5,0.6121805555555555,0.0757793404525865,5,0.015,0.012360330811826106
0.05,P1,unseen,harsh,horizontal_new,5,5,0.008333333333333333,0.018633899812498248,1,,,5,0.016,0.03577708763999664,5,0.609548611111111,0.06656180718210122,5,0.5942708333333333,0.07546244150652032,5,0.0,0.0
0.05,P1,unseen,harsh,low_new,5,5,0.19166666666666665,0.0372677996249965,5,0.7742857142857144,0.16418561477721869,5,0.30332211355570643,0.04373448825113962,5,0.6421875000000001,0.08372439708499174,5,0.6421875000000001,0.08372439708499174,5,0.03333333333333333,0.02795084971874737
0.05,P1,unseen,harsh,two_new,5,5,0.15,0.04750730937913075,5,0.862857142857143,0.12999215046945514,5,0.2500746318321402,0.06446468508664405,5,0.6220486111111111,0.07095683847460882,5,0.6220486111111111,0.07095683847460882,5,0.016666666666666666,0.01743041721945991
0.05,P1,unseen,harsh,vertical_new,5,5,0.016666666666666666,0.037267799624996496,2,,,5,0.03076923076923077,0.06880209161537815,5,0.6753472222222222,0.05141351699639184,5,0.6753472222222222,0.05141351699639184,5,0.004166666666666667,0.009316949906249124
0.05,P1,unseen,harsh,wide_new,5,5,0.16666666666666669,0.051031036307982884,5,0.8457142857142858,0.1451248582765748,5,0.2721167597697075,0.06942633458555159,5,0.6222222222222221,0.07251096211426318,5,0.6222222222222221,0.07251096211426318,5,0.020833333333333332,0.020833333333333332
0.05,P1,unseen,standard,__all__,5,5,0.0016666666666666666,0.003726779962499649,1,,,5,0.003125,0.006987712429686844,5,0.5536805555555555,0.05471059917806457,5,0.5448680555555556,0.04929727409911623,5,0.005833333333333334,0.013043729868748775
0.05,P1,unseen,standard,horizontal_new,5,5,0.008333333333333333,0.018633899812498248,1,,,5,0.015384615384615385,0.034401045807689073,5,0.5614583333333334,0.06859671376017941,5,0.5991319444444444,0.06489666004764427,5,0.004166666666666667,0.009316949906249124
0.05,P1,unseen,standard,low_new,5,5,0.0,0.0,1,,,5,0.0,0.0,5,0.5727430555555555,0.05678768756779801,5,0.5838541666666666,0.05595626431084369,5,0.004166666666666667,0.009316949906249124
0.05,P1,unseen,standard,two_new,5,5,0.0,0.0,0,,,5,0.0,0.0,5,0.5539930555555556,0.04250548172935763,5,0.5635416666666667,0.035438574038746125,5,0.0,0.0
0.05,P1,unseen,standard,vertical_new,5,5,0.0,0.0,1,,,5,0.0,0.0,5,0.5612847222222223,0.07136187525946777,5,0.5065972222222223,0.08034228158126731,5,0.008333333333333333,0.018633899812498248
0.05,P1,unseen,standard,wide_new,5,5,0.0,0.0,1,,,5,0.0,0.0,5,0.5338541666666667,0.045438376139938896,5,0.5,0.052691043725926236,5,0.0125,0.027950849718747377
0.1,B1,all,__all__,__all__,5,5,0.1625,0.12173748028402255,5,0.5355809510087162,0.12295225613309295,5,0.2406975496491258,0.14760468221137735,5,0.6471110026041667,0.1313430760123502,5,0.6471110026041667,0.1313430760123502,5,0.059375,0.014748644520462624
0.1,B1,seen,__all__,__all__,5,5,0.20416666666666666,0.14768990181717037,5,0.506223259517146,0.1550187308615582,5,0.283396776766417,0.16925890076899117,5,0.6628713348765432,0.13398304112954346,5,0.6628713348765432,0.13398304112954346,5,0.08194444444444444,0.007200153247683233
0.1,B1,seen,__all__,central_furniture,5,5,0.20416666666666666,0.12272230395852618,5,0.5538095238095239,0.11683175879847729,5,0.2917966960411782,0.13844872021787097,5,0.6614149305555556,0.1429363424772005,5,0.6614149305555556,0.1429363424772005,5,0.07291666666666666,0.010416666666666664
0.1,B1,seen,__all__,clear,5,5,0.32916666666666666,0.19731267487585957,5,0.49039049822942216,0.14863817169290294,5,0.38676902388195133,0.18973961754688332,5,0.6712239583333333,0.13726287157350192,5,0.6712239583333333,0.13726287157350192,5,0.14791666666666667,0.02258279519654042
0.1,B1,seen,__all__,vertical_mid,5,5,0.07916666666666666,0.13533651474093095,4,,,5,0.11842397336293006,0.19189801961571717,5,0.6819010416666667,0.10863820186102864,5,0.6819010416666667,0.10863820186102864,5,0.025,0.02030582155168534
0.1,B1,seen,harsh,__all__,5,5,0.3555555555555555,0.2378611613920302,5,0.522466788969252,0.1253107500281084,5,0.4100715022496087,0.19854574039171483,5,0.69477237654321,0.13268256782300983,5,0.69477237654321,0.13268256782300983,5,0.1388888888888889,0.017704928866641614
0.1,B1,seen,harsh,central_furniture,5,5,0.4,0.22745573439926967,5,0.575026455026455,0.08433918862211898,5,0.4580455664046995,0.1722532408261717,5,0.7005208333333334,0.12807276487158323,5,0.7005208333333334,0.12807276487158323,5,0.13333333333333336,0.023753654689565373
0.1,B1,seen,harsh,clear,5,5,0.55,0.2907724387061317,5,0.5098322408142143,0.11525462187802787,5,0.5192135750306666,0.19576546620600974,5,0.7152777777777778,0.12932279896811522,5,0.7152777777777778,0.12932279896811522,5,0.2375,0.03159531435021479
0.1,B1,seen,harsh,vertical_mid,5,5,0.11666666666666667,0.21730674684008827,4,,,5,0.1496296296296296,0.2598089410914417,5,0.7190972222222223,0.11052566575814354,5,0.7190972222222223,0.11052566575814354,5,0.04583333333333333,0.03423265984407288
0.1,B1,seen,standard,__all__,5,5,0.05277777777777778,0.05925202502139317,5,0.3866666666666667,0.3731249418388192,5,0.09227195568658983,0.1017985228897483,5,0.6339699074074074,0.13204200469711136,5,0.6339699074074074,0.13204200469711136,5,0.024999999999999998,0.007917884896521793
0.1,B1,seen,standard,central_furniture,5,5,0.008333333333333333,0.018633899812498248,3,,,5,0.016,0.03577708763999664,5,0.6373263888888888,0.15053494983785387,5,0.6373263888888888,0.15053494983785387,5,0.0125,0.018633899812498248
0.1,B1,seen,standard,clear,5,5,0.10833333333333332,0.10865337342004414,5,0.37142857142857144,0.3690860195075375,5,0.16741935483870968,0.16747963362600396,5,0.640798611111111,0.13617050017057752,5,0.640798611111111,0.13617050017057752,5,0.05833333333333333,0.02282177322938192
0.1,B1,seen,standard,vertical_mid,5,5,0.041666666666666664,0.05892556509887897,2,,,5,0.07362637362637363,0.103056770681675,5,0.640451388888889,0.1117440738478934,5,0.640451388888889,0.1117440738478934,5,0.004166666666666667,0.009316949906249124
0.1,B1,unseen,__all__,__all__,5,5,0.1375,0.10744830798523022,5,0.5723896103896103,0.10491174036776223,5,0.21188121709973248,0.13524599023111056,5,0.6380399305555555,0.129426601768284,5,0.6380399305555555,0.129426601768284,5,0.04583333333333334,0.019598841377319563
0.1,B1,unseen,__all__,horizontal_new,5,5,0.04583333333333333,0.08122328620674137,3,,,5,0.07252747252747252,0.12374231437590547,5,0.6492621527777778,0.1335348372692153,5,0.6492621527777778,0.1335348372692153,5,0.01875,0.02593729082914319
0.1,B1,unseen,__all__,low_new,5,5,0.26249999999999996,0.17653100136929048,5,0.5700529100529101,0.09552982948647777,5,0.3415767614028484,0.18079480107588056,5,0.6623697916666667,0.1389126566577416,5,0.6623697916666667,0.1389126566577416,5,0.08958333333333332,0.03798871360168848
0.1,B1,unseen,__all__,two_new,5,5,0.17083333333333334,0.1154324598099589,5,0.6118571428571429,0.10883848734032742,5,0.2558693493868041,0.1339646765028032,5,0.6346788194444445,0.13277691133678435,5,0.6346788194444445,0.13277691133678435,5,0.052083333333333336,0.024429248749080364
0.1,B1,unseen,__all__,vertical_new,5,5,0.05,0.10056265321789307,4,,,5,0.07896774193548387,0.1551861692883664,5,0.666796875,0.10814594897507186,5,0.666796875,0.10814594897507186,5,0.014583333333333332,0.01187682734478269
0.1,B1,unseen,__all__,wide_new,5,5,0.15833333333333335,0.07739239842086129,5,0.6035939224174517,0.12422438542935299,5,0.24433884703391975,0.096922077434944,5,0.6137586805555555,0.11498238789565274,5,0.6137586805555555,0.11498238789565274,5,0.05416666666666666,0.031595314350214794
0.1,B1,unseen,harsh,__all__,5,5,0.24500000000000002,0.17878836029724582,5,0.5649377880184332,0.09198078566811524,5,0.3234260568379623,0.16778120529056853,5,0.6593194444444445,0.13165667998636024,5,0.6593194444444445,0.13165667998636024,5,0.08666666666666666,0.03731435529539685
0.1,B1,unseen,harsh,horizontal_new,5,5,0.075,0.12638125740085918,3,,,5,0.10424710424710426,0.16525818192303243,5,0.6498263888888889,0.12996447071320047,5,0.6498263888888889,0.12996447071320047,5,0.0375,0.05187458165828638
0.1,B1,unseen,harsh,low_new,5,5,0.4083333333333333,0.23459480433765412,5,0.5558823529411765,0.07456651555871185,5,0.45016492886383974,0.174976216046753,5,0.6866319444444444,0.12944364577498604,5,0.6866319444444444,0.12944364577498604,5,0.15416666666666667,0.05628856702544291
0.1,B1,unseen,harsh,two_new,5,5,0.33333333333333337,0.21245914639969937,5,0.6095238095238096,0.10602926584400886,5,0.4090336728919072,0.16863650930317445,5,0.6618055555555556,0.12464776036404805,5,0.6618055555555556,0.12464776036404805,5,0.10416666666666667,0.04885849749816073
0.1,B1,unseen,harsh,vertical_new,5,5,0.09166666666666667,0.18257418583505539,4,,,5,0.12349272349272349,0.23550423135950344,5,0.7149305555555555,0.11612266989997717,5,0.7149305555555555,0.11612266989997717,5,0.029166666666666664,0.02375365468956538
0.1,B1,unseen,harsh,wide_new,5,5,0.3166666666666667,0.15478479684172258,5,0.6035939224174517,0.12422438542935299,5,0.4006875998378752,0.13664627244064037,5,0.6505208333333334,0.11552250837879875,5,0.6505208333333334,0.11552250837879875,5,0.10833333333333332,0.06319062870042959
0.1,B1,unseen,standard,__all__,5,5,0.03,0.03754626775356269,4,,,5,0.05560917788502243,0.06823707482517931,5,0.6205208333333333,0.12210467980722775,5,0.6205208333333333,0.12210467980722775,5,0.004999999999999999,0.004564354645876384
0.1,B1,unseen,standard,horizontal_new,5,5,0.016666666666666666,0.037267799624996496,1,,,5,0.03076923076923077,0.06880209161537815,5,0.6527777777777778,0.13162424597933936,5,0.6527777777777778,0.13162424597933936,5,0.0,0.0
0.1,B1,unseen,standard,low_new,5,5,0.11666666666666665,0.12289901003127189,4,,,5,0.1819700460829493,0.18598146646554384,5,0.6527777777777778,0.13724888949577727,5,0.6527777777777778,0.13724888949577727,5,0.024999999999999998,0.022821773229381923
0.1,B1,unseen,standard,two_new,5,5,0.008333333333333333,0.018633899812498248,1,,,5,0.016,0.03577708763999664,5,0.6333333333333333,0.13415404736705272,5,0.6333333333333333,0.13415404736705272,5,0.0,0.0
0.1,B1,unseen,standard,vertical_new,5,5,0.008333333333333333,0.018633899812498248,1,,,5,0.016,0.03577708763999664,5,0.6163194444444444,0.09709037438701694,5,0.6163194444444444,0.09709037438701694,5,0.0,0.0
0.1,B1,unseen,standard,wide_new,5,5,0.0,0.0,0,,,5,0.0,0.0,5,0.5819444444444445,0.10510392864653882,5,0.5819444444444445,0.10510392864653882,5,0.0,0.0
0.1,B2,all,__all__,__all__,5,5,0.115625,0.021204378110231546,5,0.4574319535190353,0.06914325060235534,5,0.1841734005193832,0.03191942186146434,5,0.5878421359592014,0.06284760740462442,5,0.5878421359592014,0.06284760740462442,5,0.06901041666666666,0.015156831675550542
0.1,B2,seen,__all__,__all__,5,5,0.14305555555555557,0.028884214365396416,5,0.4549389613663578,0.09300877410795662,5,0.21747890603030084,0.043596230236806775,5,0.5989631558641976,0.07185078481948656,5,0.5989631558641976,0.07185078481948656,5,0.08611111111111111,0.01760248868838413
0.1,B2,seen,__all__,central_furniture,5,5,0.1625,0.037267799624996496,5,0.4742020202020202,0.09581865247341054,5,0.23806081961669995,0.04454844102643989,5,0.5996961805555555,0.07260608224821333,5,0.5996961805555555,0.07260608224821333,5,0.09791666666666665,0.05028132660894655
0.1,B2,seen,__all__,clear,5,5,0.23333333333333334,0.037267799624996496,5,0.45476190476190476,0.09633299201973289,5,0.3072541008713026,0.049370264332155564,5,0.6095486111111111,0.08334878848834244,5,0.6095486111111111,0.08334878848834244,5,0.14375,0.03784562942621865
0.1,B2,seen,__all__,vertical_mid,5,5,0.03333333333333334,0.06353312784157045,4,,,5,0.05545762711864407,0.10311148973944866,5,0.6259114583333333,0.055169651387412484,5,0.6259114583333333,0.055169651387412484,5,0.016666666666666666,0.015797657175107397
0.1,B2,seen,harsh,__all__,5,5,0.275,0.04750730937913075,5,0.4977643953946078,0.12251828717211563,5,0.3520121104693777,0.06262478803615629,5,0.6441743827160493,0.09170479346877043,5,0.6441743827160493,0.09170479346877043,5,0.14583333333333331,0.05423784497157398
0.1,B2,seen,harsh,central_furniture,5,5,0.325,0.07453559924999299,5,0.5231812865497076,0.13348207564687214,5,0.38758065594102337,0.059821649574825934,5,0.656423611111111,0.09018048643729061,5,0.656423611111111,0.09018048643729061,5,0.175,0.11655500608916138
0.1,B2,seen,harsh,clear,5,5,0.4416666666666667,0.08122328620674138,5,0.4958095238095238,0.1054600116582438,5,0.46117675140231534,0.0674772737021795,5,0.6739583333333334,0.09990297484900316,5,0.6739583333333334,0.09990297484900316,5,0.2375,0.08539125638299665
0.1,B2,seen,harsh,vertical_mid,5,5,0.058333333333333334,0.10865337342004414,4,,,5,0.09038461538461538,0.1625540419923397,5,0.6796875,0.057021405902482586,5,0.6796875,0.057021405902482586,5,0.025,0.01743041721945991
0.1,B2,seen,standard,__all__,5,5,0.01111111111111111,0.02484519974999766,4,,,5,0.019047619047619046,0.04259177099999599,5,0.5566358024691358,0.0617957757608842,5,0.5566358024691358,0.0617957757608842,5,0.026388888888888885,0.019885862587883822
0.1,B2,seen,standard,central_furniture,5,5,0.0,0.0,3,,,5,0.0,0.0,5,0.5545138888888889,0.05277463669380946,5,0.5545138888888889,0.05277463669380946,5,0.020833333333333332,0.02551551815399144
0.1,B2,seen,standard,clear,5,5,0.025,0.055901699437494755,4,,,5,0.04,0.08944271909999159,5,0.5614583333333333,0.058241935052414685,5,0.5614583333333333,0.058241935052414685,5,0.05,0.02795084971874737
0.1,B2,seen,standard,vertical_mid,5,5,0.008333333333333333,0.018633899812498248,1,,,5,0.014814814814814814,0.03312693299999688,5,0.5682291666666666,0.08451090378070622,5,0.5682291666666666,0.08451090378070622,5,0.008333333333333333,0.018633899812498248
0.1,B2,unseen,__all__,__all__,5,5,0.09916666666666667,0.01825741858350554,5,0.4631086373943517,0.05867928759361852,5,0.1625168647368606,0.026534358153245653,5,0.5821805555555556,0.057575333295492935,5,0.5821805555555556,0.057575333295492935,5,0.05874999999999999,0.016950704672339993
0.1,B2,unseen,__all__,horizontal_new,5,5,0.020833333333333336,0.046584749531245626,4,,,5,0.031746031746031744,0.07098628499999332,5,0.5832899305555556,0.054849246173238955,5,0.5832899305555556,0.054849246173238955,5,0.02708333333333333,0.04332632154809463
0.1,B2,unseen,__all__,low_new,5,5,0.175,0.023753654689565376,5,0.4534670008354219,0.09366351787892138,5,0.25103646278984015,0.033765783360396324,5,0.6006510416666668,0.07355000580810055,5,0.6006510416666668,0.07355000580810055,5,0.11041666666666668,0.03726779962499649
0.1,B2,unseen,__all__,two_new,5,5,0.12916666666666668,0.03423265984407289,5,0.5386842105263158,0.11655960659599127,5,0.2030899012362662,0.04110596727261467,5,0.5809461805555556,0.05507900570338252,5,0.5809461805555556,0.05507900570338252,5,0.06458333333333334,0.04127419324199781
0.1,B2,unseen,__all__,vertical_new,5,5,0.029166666666666667,0.05432668671002207,4,,,5,0.049379310344827586,0.08974213289292396,5,0.6202690972222222,0.04860587924474473,5,0.6202690972222222,0.04860587924474473,5,0.014583333333333332,0.015797657175107397
0.1,B2,unseen,__all__,wide_new,5,5,0.14166666666666666,0.02716334335501103,5,0.5160420281472914,0.13161312185476476,5,0.21719458288464755,0.026104353462464935,5,0.5714409722222223,0.05720063758171348,5,0.5714409722222223,0.05720063758171348,5,0.07708333333333332,0.043326321548094626
0.1,B2,unseen,harsh,__all__,5,5,0.185,0.027888667551135858,5,0.49333638583638584,0.08483131677300038,5,0.2662859609941873,0.03119726829508121,5,0.6141666666666666,0.07458925753680605,5,0.6141666666666666,0.07458925753680605,5,0.10083333333333333,0.04243049872700322
0.1,B2,unseen,harsh,horizontal_new,5,5,0.016666666666666666,0.037267799624996496,4,,,5,0.026666666666666665,0.05962847939999438,5,0.609548611111111,0.06656180718210122,5,0.609548611111111,0.06656180718210122,5,0.029166666666666664,0.031595314350214794
0.1,B2,unseen,harsh,low_new,5,5,0.33333333333333337,0.06588078458684124,5,0.4742827657378741,0.10362056382659213,5,0.3842851264158528,0.05896435197300584,5,0.6421875000000001,0.08372439708499174,5,0.6421875000000001,0.08372439708499174,5,0.2,0.08912187348419766
0.1,B2,unseen,harsh,two_new,5,5,0.25833333333333336,0.06846531968814577,5,0.5729699248120301,0.15923018759922822,5,0.34068342970497617,0.05579599066066919,5,0.6220486111111111,0.07095683847460882,5,0.6220486111111111,0.07095683847460882,5,0.12083333333333335,0.08764868319984429
0.1,B2,unseen,harsh,vertical_new,5,5,0.041666666666666664,0.07216878364870323,4,,,5,0.06871794871794872,0.11556111856330784,5,0.6753472222222222,0.05141351699639184,5,0.6753472222222222,0.05141351699639184,5,0.020833333333333332,0.01473139127471974
0.1,B2,unseen,harsh,wide_new,5,5,0.275,0.06319062870042957,5,0.5534126984126985,0.1297205166751199,5,0.35371165572778474,0.03444392202341324,5,0.6222222222222221,0.07251096211426318,5,0.6222222222222221,0.07251096211426318,5,0.13333333333333333,0.09152451098537
0.1,B2,unseen,standard,__all__,5,5,0.013333333333333332,0.02981423969999719,4,,,5,0.022377622377622378,0.050037884811184104,5,0.5536805555555555,0.05471059917806457,5,0.5536805555555555,0.05471059917806457,5,0.016666666666666666,0.026020824993326665
0.1,B2,unseen,standard,horizontal_new,5,5,0.025,0.055901699437494755,1,,,5,0.03636363636363636,0.08131156281817417,5,0.5614583333333334,0.06859671376017941,5,0.5614583333333334,0.06859671376017941,5,0.025,0.055901699437494755
0.1,B2,unseen,standard,low_new,5,5,0.016666666666666666,0.037267799624996496,4,,,5,0.02857142857142857,0.06388765649999399,5,0.5727430555555555,0.05678768756779801,5,0.5727430555555555,0.05678768756779801,5,0.020833333333333332,0.01473139127471974
0.1,B2,unseen,standard,two_new,5,5,0.0,0.0,2,,,5,0.0,0.0,5,0.5539930555555556,0.04250548172935763,5,0.5539930555555556,0.04250548172935763,5,0.008333333333333333,0.01141088661469096
0.1,B2,unseen,standard,vertical_new,5,5,0.016666666666666666,0.037267799624996496,1,,,5,0.02857142857142857,0.06388765649999399,5,0.5612847222222223,0.07136187525946777,5,0.5612847222222223,0.07136187525946777,5,0.008333333333333333,0.018633899812498248
0.1,B2,unseen,standard,wide_new,5,5,0.008333333333333333,0.018633899812498248,2,,,5,0.013793103448275862,0.030842316931031583,5,0.5338541666666667,0.045438376139938896,5,0.5338541666666667,0.045438376139938896,5,0.020833333333333332,0.036084391824351615
0.1,B3,all,__all__,__all__,5,5,0.10520833333333335,0.027411869514459935,5,0.47205508987275485,0.06444956395215228,5,0.1714230327492356,0.04078588657617845,5,0.5878421359592014,0.06284760740462442,5,0.5853020562065973,0.06003171248744185,5,0.05807291666666666,0.010956085399980537
0.1,B3,seen,__all__,__all__,5,5,0.15,0.025325809067792315,5,0.4740035999617881,0.07350198577184722,5,0.2277026993133266,0.03710827657580774,5,0.5989631558641976,0.07185078481948656,5,0.5982349537037036,0.06959135948589192,5,0.08333333333333334,0.01388888888888889
0.1,B3,seen,__all__,central_furniture,5,5,0.1375,0.03486083443891982,5,0.4542105263157895,0.06754499885118138,5,0.20750909318951458,0.04190429308303102,5,0.5996961805555555,0.07260608224821333,5,0.6039496527777778,0.06912275616772878,5,0.0875,0.03798871360168848
0.1,B3,seen,__all__,clear,5,5,0.275,0.05590169943749474,5,0.4855443349753695,0.08030424735480146,5,0.34919476592496246,0.058544951173260605,5,0.6095486111111111,0.08334878848834244,5,0.6184027777777777,0.07780312624626115,5,0.14791666666666667,0.037121936835844714
0.1,B3,seen,__all__,vertical_mid,5,5,0.0375,0.06319062870042959,4,,,5,0.06314390162844799,0.10310356192793978,5,0.6259114583333333,0.055169651387412484,5,0.5944010416666666,0.0668522547440361,5,0.014583333333333332,0.015797657175107397
0.1,B3,seen,harsh,__all__,5,5,0.23333333333333334,0.06617294027539777,5,0.5311280890591236,0.11534551169281923,5,0.3231426323117401,0.08337145114866118,5,0.6441743827160493,0.09170479346877043,5,0.6441743827160493,0.09170479346877043,5,0.1013888888888889,0.024355108217708584
0.1,B3,seen,harsh,central_furniture,5,5,0.25833333333333336,0.07453559924999298,5,0.6164102564102564,0.16201953194321345,5,0.3522144558351455,0.07177755401984709,5,0.656423611111111,0.09018048643729061,5,0.656423611111111,0.09018048643729061,5,0.09583333333333333,0.06353312784157045
0.1,B3,seen,harsh,clear,5,5,0.39166666666666666,0.11257713405088582,5,0.5126635001826817,0.11091275175837785,5,0.4406200196438636,0.10131705852116514,5,0.6739583333333334,0.09990297484900316,5,0.6739583333333334,0.09990297484900316,5,0.1875,0.05311478659992484
0.1,B3,seen,harsh,vertical_mid,5,5,0.05,0.11180339887498951,4,,,5,0.075,0.16770509831248423,5,0.6796875,0.057021405902482586,5,0.6796875,0.057021405902482586,5,0.020833333333333332,0.01473139127471974
0.1,B3,seen,standard,__all__,5,5,0.06666666666666667,0.022821773229381923,5,0.3338095238095238,0.04499937011400935,5,0.11030740605712053,0.0332446530083733,5,0.5566358024691358,0.0617957757608842,5,0.5566358024691358,0.0617957757608842,5,0.06527777777777777,0.015987311712807414
0.1,B3,seen,standard,central_furniture,5,5,0.016666666666666666,0.037267799624996496,5,0.05,0.11180339887498951,5,0.025,0.055901699437494755,5,0.5545138888888889,0.05277463669380946,5,0.5545138888888889,0.05277463669380946,5,0.07916666666666666,0.027163343355011037
0.1,B3,seen,standard,clear,5,5,0.15833333333333333,0.03486083443891982,5,0.42365079365079367,0.016499539989159297,5,0.2285185824085255,0.03574763176404679,5,0.5614583333333333,0.058241935052414685,5,0.5614583333333333,0.058241935052414685,5,0.10833333333333335,0.02716334335501104
0.1,B3,seen,standard,vertical_mid,5,5,0.025,0.03726779962499649,2,,,5,0.045584045584045586,0.06849467396109007,5,0.5682291666666666,0.08451090378070622,5,0.5682291666666666,0.08451090378070622,5,0.008333333333333333,0.018633899812498248
0.1,B3,unseen,__all__,__all__,5,5,0.07833333333333334,0.03137475099502783,5,0.4709534221162128,0.05606413479252821,5,0.13282953800155287,0.04876704400897935,5,0.5821805555555556,0.057575333295492935,5,0.577951388888889,0.054399789848835936,5,0.04291666666666667,0.013549677117924252
0.1,B3,unseen,__all__,horizontal_new,5,5,0.020833333333333336,0.046584749531245626,1,,,5,0.03225806451612903,0.07213122508063838,5,0.5832899305555556,0.054849246173238955,5,0.5615451388888889,0.041595001755826706,5,0.01875,0.04192627457812106
0.1,B3,unseen,__all__,low_new,5,5,0.15416666666666667,0.045643546458763846,5,0.47212823725981623,0.07595293140280657,5,0.22951138279591926,0.05840970204074264,5,0.6006510416666668,0.07355000580810055,5,0.6044270833333334,0.0692089581001293,5,0.0875,0.03260932467187193
0.1,B3,unseen,__all__,two_new,5,5,0.09166666666666667,0.031595314350214794,5,0.5524242424242425,0.14600432714319214,5,0.1540673526856163,0.047140852225724034,5,0.5809461805555556,0.05507900570338252,5,0.5829427083333333,0.05228985566449089,5,0.04166666666666667,0.025515518153991442
0.1,B3,unseen,__all__,vertical_new,5,5,0.025,0.055901699437494755,4,,,5,0.042105263157894736,0.09415023063157008,5,0.6202690972222222,0.04860587924474473,5,0.590625,0.057859663361361904,5,0.012499999999999999,0.011410886614690962
0.1,B3,unseen,__all__,wide_new,5,5,0.1,0.04007371679514864,5,0.4844444444444445,0.05698169513314704,5,0.16250298602385715,0.05715646265218533,5,0.5714409722222223,0.05720063758171348,5,0.5764756944444445,0.05258336538958806,5,0.05416666666666666,0.023753654689565373
0.1,B3,unseen,harsh,__all__,5,5,0.13166666666666665,0.043461349368017654,5,0.5807261208576997,0.08353701113225166,5,0.21095123968065815,0.060768205414191055,5,0.6141666666666666,0.07458925753680605,5,0.6141666666666666,0.07458925753680605,5,0.05,0.022047927592204922
0.1,B3,unseen,harsh,horizontal_new,5,5,0.016666666666666666,0.037267799624996496,1,,,5,0.027586206896551724,0.061684633862063167,5,0.609548611111111,0.06656180718210122,5,0.609548611111111,0.06656180718210122,5,0.0125,0.027950849718747377
0.1,B3,unseen,harsh,low_new,5,5,0.2416666666666667,0.06846531968814576,5,0.5306648906648906,0.045120116706363116,5,0.32708877870168196,0.06442531668279043,5,0.6421875000000001,0.08372439708499174,5,0.6421875000000001,0.08372439708499174,5,0.10833333333333332,0.03423265984407289
0.1,B3,unseen,harsh,two_new,5,5,0.175,0.061801654059130524,5,0.745,0.23743420141167532,5,0.27100032320620554,0.0755300275942993,5,0.6220486111111111,0.07095683847460882,5,0.6220486111111111,0.07095683847460882,5,0.04583333333333333,0.042695628191498324
0.1,B3,unseen,harsh,vertical_new,5,5,0.03333333333333333,0.07453559924999299,4,,,5,0.05517241379310345,0.12336926772412633,5,0.6753472222222222,0.05141351699639184,5,0.6753472222222222,0.05141351699639184,5,0.016666666666666666,0.009316949906249124
0.1,B3,unseen,harsh,wide_new,5,5,0.19166666666666668,0.07569125885243731,5,0.6678571428571429,0.20655705344173222,5,0.2814695703278046,0.0829030135240792,5,0.6222222222222221,0.07251096211426318,5,0.6222222222222221,0.07251096211426318,5,0.06666666666666667,0.05392574627310327
0.1,B3,unseen,standard,__all__,5,5,0.025,0.03118047822311618,5,0.18214285714285713,0.17239311980210242,5,0.04306391848077814,0.05197283959402543,5,0.5536805555555555,0.05471059917806457,5,0.5536805555555555,0.05471059917806457,5,0.035833333333333335,0.01922996793202388
0.1,B3,unseen,standard,horizontal_new,5,5,0.025,0.055901699437494755,1,,,5,0.03636363636363636,0.08131156281817417,5,0.5614583333333334,0.06859671376017941,5,0.5614583333333334,0.06859671376017941,5,0.025,0.055901699437494755
0.1,B3,unseen,standard,low_new,5,5,0.06666666666666667,0.06319062870042959,5,0.27999999999999997,0.27748873851023215,5,0.10524485656331498,0.09870893542075106,5,0.5727430555555555,0.05678768756779801,5,0.5727430555555555,0.05678768756779801,5,0.06666666666666668,0.04516559039308084
0.1,B3,unseen,standard,two_new,5,5,0.008333333333333333,0.018633899812498248,5,0.05,0.11180339887498951,5,0.014285714285714285,0.031943828249996996,5,0.5539930555555556,0.04250548172935763,5,0.5539930555555556,0.04250548172935763,5,0.03749999999999999,0.01743041721945991
0.1,B3,unseen,standard,vertical_new,5,5,0.016666666666666666,0.037267799624996496,1,,,5,0.02857142857142857,0.06388765649999399,5,0.5612847222222223,0.07136187525946777,5,0.5612847222222223,0.07136187525946777,5,0.008333333333333333,0.018633899812498248
0.1,B3,unseen,standard,wide_new,5,5,0.008333333333333333,0.018633899812498248,5,0.04,0.08944271909999159,5,0.013793103448275862,0.030842316931031583,5,0.5338541666666667,0.045438376139938896,5,0.5338541666666667,0.045438376139938896,5,0.041666666666666664,0.02551551815399144
0.1,P1,all,__all__,__all__,5,5,0.10520833333333332,0.031064990538430516,5,0.4815571261455891,0.0620610677849472,5,0.171538373537665,0.045379322271659674,5,0.5878421359592014,0.06284760740462442,5,0.5843438042534721,0.0592122535875651,5,0.05598958333333333,0.013749161511681558
0.1,P1,seen,__all__,__all__,5,5,0.14861111111111108,0.03916075605519912,5,0.47304841196423064,0.08869900452164795,5,0.2257543416543794,0.05534688164745488,5,0.5989631558641976,0.07185078481948656,5,0.5933256172839506,0.07060252219363597,5,0.08125,0.012177554108854292
0.1,P1,seen,__all__,central_furniture,5,5,0.14166666666666666,0.04007371679514864,5,0.5198968008255933,0.11159807174739647,5,0.2176106038792606,0.05056549263275492,5,0.5996961805555555,0.07260608224821333,5,0.594921875,0.07631804909557206,5,0.07291666666666666,0.03755782578608322
0.1,P1,seen,__all__,clear,5,5,0.26666666666666666,0.06319062870042959,5,0.4785317460317461,0.10024774834440399,5,0.34037770897832814,0.06920552624943173,5,0.6095486111111111,0.08334878848834244,5,0.6199652777777778,0.07581590712299702,5,0.14791666666666667,0.03925300766961827
0.1,P1,seen,__all__,vertical_mid,5,5,0.0375,0.07276770498572074,5,0.18974358974358974,0.2782966882300541,5,0.06030215364834459,0.11418716149487322,5,0.6259114583333333,0.055169651387412484,5,0.6006076388888889,0.059457370069768686,5,0.022916666666666665,0.017116329922036443
0.1,P1,seen,harsh,__all__,5,5,0.2527777777777778,0.0668977476599572,5,0.5097867634453,0.10995767229121034,5,0.3367421336134497,0.08165960555809945,5,0.6441743827160493,0.09170479346877043,5,0.6430362654320987,0.09239161150367235,5,0.12083333333333335,0.030508170328456666
0.1,P1,seen,harsh,central_furniture,5,5,0.2833333333333333,0.08014743359029727,5,0.5630555555555555,0.1147477776217727,5,0.3645587745587745,0.06976654564221606,5,0.656423611111111,0.09018048643729061,5,0.656423611111111,0.09018048643729061,5,0.125,0.0736569563735987
0.1,P1,seen,harsh,clear,5,5,0.4083333333333334,0.09947780321927771,5,0.5103105590062111,0.108040929665238,5,0.4502494146391123,0.09028832691756063,5,0.6739583333333334,0.09990297484900316,5,0.6710069444444444,0.10203622897546707,5,0.2,0.05818433351570392
0.1,P1,seen,harsh,vertical_mid,5,5,0.06666666666666668,0.1270662556831409,5,0.20666666666666664,0.3112698007981,5,0.0971677559912854,0.17876610237850052,5,0.6796875,0.057021405902482586,5,0.6789930555555556,0.05656832403854051,5,0.03749999999999999,0.01743041721945991
0.1,P1,seen,standard,__all__,5,5,0.04444444444444444,0.011620278146306603,5,0.3472222222222222,0.07081971546656644,5,0.07861552028218695,0.019588731875577213,5,0.5566358024691358,0.0617957757608842,5,0.5366898148148148,0.05792871769237921,5,0.04166666666666667,0.008505172717997144
0.1,P1,seen,standard,central_furniture,5,5,0.0,0.0,3,,,5,0.0,0.0,5,0.5545138888888889,0.05277463669380946,5,0.5201388888888888,0.07700880875690394,5,0.020833333333333332,0.02551551815399144
0.1,P1,seen,standard,clear,5,5,0.125,0.02946278254943948,5,0.3996031746031746,0.09475738469983451,5,0.18969452590420333,0.04210604372482732,5,0.5614583333333333,0.058241935052414685,5,0.5657986111111111,0.05464063247443965,5,0.09583333333333334,0.02375365468956538
0.1,P1,seen,standard,vertical_mid,5,5,0.008333333333333333,0.018633899812498248,1,,,5,0.014814814814814814,0.03312693299999688,5,0.5682291666666666,0.08451090378070622,5,0.5282986111111112,0.06956532448122033,5,0.008333333333333333,0.018633899812498248
0.1,P1,unseen,__all__,__all__,5,5,0.07916666666666668,0.02990145853001526,5,0.5104789915966387,0.08252000076401352,5,0.13445141017840528,0.044027454985558274,5,0.5821805555555556,0.057575333295492935,5,0.580578125,0.05207266405476779,5,0.04083333333333333,0.019906465309318756
0.1,P1,unseen,__all__,horizontal_new,5,5,0.020833333333333336,0.046584749531245626,2,,,5,0.031746031746031744,0.07098628499999332,5,0.5832899305555556,0.054849246173238955,5,0.5933159722222221,0.039534367843395576,5,0.02291666666666667,0.045643546458763846
0.1,P1,unseen,__all__,low_new,5,5,0.15416666666666665,0.03159531435021479,5,0.5076190476190476,0.043740731305498985,5,0.23515549090632515,0.040293016077587146,5,0.6006510416666668,0.07355000580810055,5,0.6133680555555556,0.06405616276337339,5,0.07499999999999998,0.01711632992203644
0.1,P1,unseen,__all__,two_new,5,5,0.0875,0.030900827029565262,5,0.6306410256410256,0.23427904292526391,5,0.14827438453554903,0.04481464051199205,5,0.5809461805555556,0.05507900570338252,5,0.590017361111111,0.046311343538104156,5,0.0375,0.03001012560601653
0.1,P1,unseen,__all__,vertical_new,5,5,0.025,0.055901699437494755,4,,,5,0.041379310344827586,0.09252695079309475,5,0.6202690972222222,0.04860587924474473,5,0.5906684027777777,0.05443446372796183,5,0.014583333333333332,0.015797657175107397
0.1,P1,unseen,__all__,wide_new,5,5,0.10833333333333332,0.04007371679514864,5,0.5861965811965811,0.2464961747390924,5,0.1746590151554738,0.049227750439982385,5,0.5714409722222223,0.05720063758171348,5,0.5624131944444445,0.06047461058635658,5,0.054166666666666675,0.03993810315141837
0.1,P1,unseen,harsh,__all__,5,5,0.14333333333333334,0.04056887148212694,5,0.5334222160817905,0.0840037116952313,5,0.22206842482018888,0.051769291841861645,5,0.6141666666666666,0.07458925753680605,5,0.6117777777777778,0.07584503528200784,5,0.06666666666666668,0.029609730007399783
0.1,P1,unseen,harsh,horizontal_new,5,5,0.016666666666666666,0.037267799624996496,2,,,5,0.026666666666666665,0.05962847939999438,5,0.609548611111111,0.06656180718210122,5,0.5909722222222221,0.07405841803227302,5,0.020833333333333332,0.036084391824351615
0.1,P1,unseen,harsh,low_new,5,5,0.2833333333333333,0.05432668671002206,5,0.5133333333333334,0.05055250296034366,5,0.36120663650075413,0.043543321818545956,5,0.6421875000000001,0.08372439708499174,5,0.6421875000000001,0.08372439708499174,5,0.13749999999999998,0.040611643103370676
0.1,P1,unseen,harsh,two_new,5,5,0.175,0.061801654059130524,5,0.665,0.2395307913400697,5,0.2621671347584127,0.07113573349665905,5,0.6220486111111111,0.07095683847460882,5,0.6220486111111111,0.07095683847460882,5,0.06666666666666668,0.05781015385629836
0.1,P1,unseen,harsh,vertical_new,5,5,0.03333333333333333,0.07453559924999299,4,,,5,0.05333333333333333,0.11925695879998877,5,0.6753472222222222,0.05141351699639184,5,0.6753472222222222,0.05141351699639184,5,0.020833333333333332,0.01473139127471974
0.1,P1,unseen,harsh,wide_new,5,5,0.20833333333333331,0.07795119555779044,5,0.6241176470588236,0.23188849709829332,5,0.2945520484616611,0.0680887196507721,5,0.6222222222222221,0.07251096211426318,5,0.6222222222222221,0.07251096211426318,5,0.0875,0.07126096406869613
0.1,P1,unseen,standard,__all__,5,5,0.015,0.0291070819942883,3,,,5,0.025683407501589317,0.04871849715346626,5,0.5536805555555555,0.05471059917806457,5,0.5455763888888889,0.040802420034967,5,0.015,0.0270993542358485
0.1,P1,unseen,standard,horizontal_new,5,5,0.025,0.055901699437494755,1,,,5,0.03636363636363636,0.08131156281817417,5,0.5614583333333334,0.06859671376017941,5,0.6036458333333334,0.05748402576853068,5,0.025,0.055901699437494755
0.1,P1,unseen,standard,low_new,5,5,0.025,0.037267799624996496,3,,,5,0.044571428571428574,0.06495210166117862,5,0.5727430555555555,0.05678768756779801,5,0.5815972222222223,0.056266474567907,5,0.0125,0.018633899812498248
0.1,P1,unseen,standard,two_new,5,5,0.0,0.0,2,,,5,0.0,0.0,5,0.5539930555555556,0.04250548172935763,5,0.5600694444444445,0.03437543840910109,5,0.008333333333333333,0.01141088661469096
0.1,P1,unseen,standard,vertical_new,5,5,0.016666666666666666,0.037267799624996496,1,,,5,0.02857142857142857,0.06388765649999399,5,0.5612847222222223,0.07136187525946777,5,0.5085069444444443,0.06741947822102808,5,0.008333333333333333,0.018633899812498248
0.1,P1,unseen,standard,wide_new,5,5,0.008333333333333333,0.018633899812498248,2,,,5,0.013793103448275862,0.030842316931031583,5,0.5338541666666667,0.045438376139938896,5,0.4927083333333333,0.05877383591034144,5,0.020833333333333332,0.036084391824351615
0.15,B1,all,__all__,__all__,5,5,0.2625,0.21523717134955003,5,0.49921419208790085,0.11728856938989232,5,0.3243618176021411,0.20484570634376553,5,0.6471110026041667,0.1313430760123502,5,0.6471110026041667,0.1313430760123502,5,0.1078125,0.03760744878336013
0.15,B1,seen,__all__,__all__,5,5,0.3194444444444444,0.22448930382284185,5,0.49188923995484135,0.11869027163456916,5,0.3714140001433173,0.20022523120823696,5,0.6628713348765432,0.13398304112954346,5,0.6628713348765432,0.13398304112954346,5,0.1388888888888889,0.038194444444444454
0.15,B1,seen,__all__,central_furniture,5,5,0.30416666666666664,0.21276535719477974,5,0.4878371647509579,0.1408984752990537,5,0.36402490357141265,0.194206357552572,5,0.6614149305555556,0.1429363424772005,5,0.6614149305555556,0.1429363424772005,5,0.1375,0.026962873136551636
0.15,B1,seen,__all__,clear,5,5,0.4375,0.23890301960791072,5,0.493129433120805,0.09036652094553863,5,0.44844232220451624,0.1736150368293826,5,0.6712239583333333,0.13726287157350192,5,0.6712239583333333,0.13726287157350192,5,0.20625,0.06846531968814576
0.15,B1,seen,__all__,vertical_mid,5,5,0.2166666666666667,0.23689616220333048,5,0.43823412359997727,0.278195643385937,5,0.26873298741514323,0.25739348783188787,5,0.6819010416666667,0.10863820186102864,5,0.6819010416666667,0.10863820186102864,5,0.07291666666666667,0.04716346426113238
0.15,B1,seen,harsh,__all__,5,5,0.47777777777777775,0.2867643567396344,5,0.5205662375207901,0.10451075844358917,5,0.48219351945182043,0.20049476464311358,5,0.69477237654321,0.13268256782300983,5,0.69477237654321,0.13268256782300983,5,0.19444444444444442,0.04137630308268397
0.15,B1,seen,harsh,central_furniture,5,5,0.4833333333333334,0.2544738580767078,5,0.5195401337792642,0.10920055585061274,5,0.4894916469384555,0.1752462710021379,5,0.7005208333333334,0.12807276487158323,5,0.7005208333333334,0.12807276487158323,5,0.20833333333333331,0.04885849749816072
0.15,B1,seen,harsh,clear,5,5,0.6583333333333333,0.2816740630192595,5,0.5276926926926927,0.07556626436684835,5,0.5742187858750059,0.15560488603977526,5,0.7152777777777778,0.12932279896811522,5,0.7152777777777778,0.12932279896811522,5,0.2791666666666667,0.06686169389950505
0.15,B1,seen,harsh,vertical_mid,5,5,0.29166666666666663,0.3423265984407288,5,0.4257142857142857,0.31890277451260396,5,0.319946949602122,0.3267069246315841,5,0.7190972222222223,0.11052566575814354,5,0.7190972222222223,0.11052566575814354,5,0.09583333333333333,0.05229125165837972
0.15,B1,seen,standard,__all__,5,5,0.16111111111111112,0.16421812504286057,5,0.36974181974181974,0.23530297856979113,5,0.21539763653326824,0.2017524506426275,5,0.6339699074074074,0.13204200469711136,5,0.6339699074074074,0.13204200469711136,5,0.08333333333333333,0.03897559777889523
0.15,B1,seen,standard,central_furniture,5,5,0.125,0.17179606773406922,5,0.33384615384615385,0.33333530571408565,5,0.17569431500465985,0.2218482502841529,5,0.6373263888888888,0.15053494983785387,5,0.6373263888888888,0.15053494983785387,5,0.06666666666666667,0.009316949906249122
0.15,B1,seen,standard,clear,5,5,0.21666666666666665,0.2006932429798716,5,0.34884559884559885,0.23333215090800466,5,0.2561904761904762,0.21962656411372258,5,0.640798611111111,0.13617050017057752,5,0.640798611111111,0.13617050017057752,5,0.13333333333333336,0.07306532465312576
0.15,B1,seen,standard,vertical_mid,5,5,0.14166666666666666,0.1337233877990101,4,,,5,0.2026893262430788,0.17124132619042468,5,0.640451388888889,0.1117440738478934,5,0.640451388888889,0.1117440738478934,5,0.05,0.05229125165837972
0.15,B1,unseen,__all__,__all__,5,5,0.22833333333333336,0.21209929540456074,5,0.5081455038961624,0.11747972329138273,5,0.29150987354474617,0.20990688045920247,5,0.6380399305555555,0.129426601768284,5,0.6380399305555555,0.129426601768284,5,0.08916666666666666,0.038454292853839986
0.15,B1,unseen,__all__,horizontal_new,5,5,0.14583333333333334,0.25,4,,,5,0.1759506933744222,0.27070873108634524,5,0.6492621527777778,0.1335348372692153,5,0.6492621527777778,0.1335348372692153,5,0.03958333333333333,0.051769890165788236
0.15,B1,unseen,__all__,low_new,5,5,0.3416666666666667,0.2702718538804957,5,0.5038502837858567,0.11593951550519711,5,0.37871921268229175,0.22833429450953455,5,0.6623697916666667,0.1389126566577416,5,0.6623697916666667,0.1389126566577416,5,0.14583333333333331,0.06710468086836004
0.15,B1,unseen,__all__,two_new,5,5,0.2625,0.2091650066335189,5,0.5286145735678834,0.12960673106731282,5,0.3308222603236623,0.19406844411294785,5,0.6346788194444445,0.13277691133678435,5,0.6346788194444445,0.13277691133678435,5,0.10416666666666666,0.044194173824159216
0.15,B1,unseen,__all__,vertical_new,5,5,0.16666666666666669,0.21600459743049708,5,0.4446852425180599,0.2910327417402911,5,0.21791286366973214,0.2565484669616262,5,0.666796875,0.10814594897507186,5,0.666796875,0.10814594897507186,5,0.04583333333333333,0.037267799624996496
0.15,B1,unseen,__all__,wide_new,5,5,0.225,0.12791734527507292,5,0.4909732620320855,0.09176737340774643,5,0.2990061617558079,0.12896658284583482,5,0.6137586805555555,0.11498238789565274,5,0.6137586805555555,0.11498238789565274,5,0.11041666666666665,0.035016117320774184
0.15,B1,unseen,harsh,__all__,5,5,0.3433333333333333,0.25876308340513593,5,0.5151906158357772,0.09936461334104144,5,0.387024057024057,0.20312280846978112,5,0.6593194444444445,0.13165667998636024,5,0.6593194444444445,0.13165667998636024,5,0.14333333333333334,0.0544543641756818
0.15,B1,unseen,harsh,horizontal_new,5,5,0.15833333333333333,0.265818965128943,4,,,5,0.1790942928039702,0.2615479446183363,5,0.6498263888888889,0.12996447071320047,5,0.6498263888888889,0.12996447071320047,5,0.062499999999999986,0.07654655446197431
0.15,B1,unseen,harsh,low_new,5,5,0.4916666666666667,0.3010398644698074,5,0.5116438215829697,0.09475465189493276,5,0.4774280649432696,0.20315561194293832,5,0.6866319444444444,0.12944364577498604,5,0.6866319444444444,0.12944364577498604,5,0.21666666666666665,0.08411095515910978
0.15,B1,unseen,harsh,two_new,5,5,0.425,0.24008100484813225,5,0.5296035392085526,0.10959568971839112,5,0.45013769286741495,0.16470076401437792,5,0.6618055555555556,0.12464776036404805,5,0.6618055555555556,0.12464776036404805,5,0.1875,0.07795119555779044
0.15,B1,unseen,harsh,vertical_new,5,5,0.23333333333333334,0.30561868034820416,5,0.46449275362318837,0.31271285546439376,5,0.27488028126326,0.31895219065333796,5,0.7149305555555555,0.11612266989997717,5,0.7149305555555555,0.11612266989997717,5,0.058333333333333334,0.04007371679514864
0.15,B1,unseen,harsh,wide_new,5,5,0.4083333333333334,0.2006932429798716,5,0.5103729913017838,0.10542202812416045,5,0.44064995022253706,0.14626762065475807,5,0.6505208333333334,0.11552250837879875,5,0.6505208333333334,0.11552250837879875,5,0.19166666666666668,0.06144950501563594
0.15,B1,unseen,standard,__all__,5,5,0.11333333333333333,0.16610321423072394,5,0.34411637931034483,0.3357323166011496,5,0.16011918924378804,0.2171713883562816,5,0.6205208333333333,0.12210467980722775,5,0.6205208333333333,0.12210467980722775,5,0.035,0.025103950552320117
0.15,B1,unseen,standard,horizontal_new,5,5,0.13333333333333333,0.23459480433765412,2,,,5,0.17285714285714288,0.28240945812917867,5,0.6527777777777778,0.13162424597933936,5,0.6527777777777778,0.13162424597933936,5,0.016666666666666666,0.02716334335501104
0.15,B1,unseen,standard,low_new,5,5,0.19166666666666668,0.24224069756247724,4,,,5,0.23439922480620154,0.2718296149022184,5,0.6527777777777778,0.13724888949577727,5,0.6527777777777778,0.13724888949577727,5,0.07500000000000001,0.05229125165837972
0.15,B1,unseen,standard,two_new,5,5,0.1,0.18066236157232332,4,,,5,0.14188034188034188,0.24065559275730689,5,0.6333333333333333,0.13415404736705272,5,0.6333333333333333,0.13415404736705272,5,0.020833333333333332,0.020833333333333332
0.15,B1,unseen,standard,vertical_new,5,5,0.1,0.1270662556831409,3,,,5,0.14699751861042185,0.17640372860296816,5,0.6163194444444444,0.09709037438701694,5,0.6163194444444444,0.09709037438701694,5,0.03333333333333333,0.03784562942621864
0.15,B1,unseen,standard,wide_new,5,5,0.041666666666666664,0.05892556509887897,4,,,5,0.06857142857142857,0.09604420750840922,5,0.5819444444444445,0.10510392864653882,5,0.5819444444444445,0.10510392864653882,5,0.029166666666666667,0.023753654689565376
0.15,B2,all,__all__,__all__,5,5,0.16666666666666666,0.06298638865858242,5,0.4357198945333072,0.08498759466945278,5,0.2397035092823469,0.07631791730044192,5,0.5878421359592014,0.06284760740462442,5,0.5878421359592014,0.06284760740462442,5,0.10390625,0.01155117453969629
0.15,B2,seen,__all__,__all__,5,5,0.2,0.0644749688246398,5,0.4438254914484423,0.09294577331136625,5,0.2749213321351055,0.07760938562915112,5,0.5989631558641976,0.07185078481948656,5,0.5989631558641976,0.07185078481948656,5,0.12222222222222223,0.01598731171280741
0.15,B2,seen,__all__,central_furniture,5,5,0.2125,0.027163343355011034,5,0.43594919573180446,0.07681359412373184,5,0.2854214594263583,0.04018703058344156,5,0.5996961805555555,0.07260608224821333,5,0.5996961805555555,0.07260608224821333,5,0.13958333333333334,0.028144283512721455
0.15,B2,seen,__all__,clear,5,5,0.2958333333333333,0.045165590393080844,5,0.45213517665130565,0.08519210092044958,5,0.35742502629798645,0.059278840385425,5,0.6095486111111111,0.08334878848834244,5,0.6095486111111111,0.08334878848834244,5,0.18124999999999997,0.03653266232656288
0.15,B2,seen,__all__,vertical_mid,5,5,0.09166666666666666,0.13866301076911444,5,0.3087912087912088,0.28965999081084126,5,0.13052689052689054,0.1775232156120451,5,0.6259114583333333,0.055169651387412484,5,0.6259114583333333,0.055169651387412484,5,0.04583333333333333,0.033430846949752534
0.15,B2,seen,harsh,__all__,5,5,0.3388888888888889,0.06022078719077444,5,0.47516271085236594,0.11927973197560343,5,0.3944956339592166,0.07917479244269647,5,0.6441743827160493,0.09170479346877043,5,0.6441743827160493,0.09170479346877043,5,0.19305555555555556,0.05797675406872722
0.15,B2,seen,harsh,central_furniture,5,5,0.4,0.06319062870042959,5,0.48786430960344,0.11921783209366135,5,0.4319054373522458,0.05635083312793368,5,0.656423611111111,0.09018048643729061,5,0.656423611111111,0.09018048643729061,5,0.22916666666666669,0.09660019266141359
0.15,B2,seen,harsh,clear,5,5,0.4916666666666667,0.06180165405913054,5,0.4753381464270756,0.10566751519857304,5,0.4804419823892023,0.07355909521391103,5,0.6739583333333334,0.09990297484900316,5,0.6739583333333334,0.09990297484900316,5,0.2833333333333333,0.08789592962387079
0.15,B2,seen,harsh,vertical_mid,5,5,0.125,0.15309310892394862,5,0.3241758241758242,0.311252945896012,5,0.17600697471665216,0.19952305877842041,5,0.6796875,0.057021405902482586,5,0.6796875,0.057021405902482586,5,0.06666666666666667,0.017430417219459905
0.15,B2,seen,standard,__all__,5,5,0.061111111111111116,0.08367983517440038,5,0.2725757575757576,0.17808703158080755,5,0.092155364960243,0.11158402818125826,5,0.5566358024691358,0.0617957757608842,5,0.5566358024691358,0.0617957757608842,5,0.05138888888888889,0.043810584154409735
0.15,B2,seen,standard,central_furniture,5,5,0.025,0.055901699437494755,4,,,5,0.03636363636363636,0.08131156281817417,5,0.5545138888888889,0.05277463669380946,5,0.5545138888888889,0.05277463669380946,5,0.05,0.04796193513842225
0.15,B2,seen,standard,clear,5,5,0.1,0.0756912588524373,5,0.32805194805194804,0.20009611453359624,5,0.1505355156523121,0.10488355399250975,5,0.5614583333333333,0.058241935052414685,5,0.5614583333333333,0.058241935052414685,5,0.07916666666666666,0.03423265984407289
0.15,B2,seen,standard,vertical_mid,5,5,0.058333333333333334,0.13043729868748774,1,,,5,0.07567567567567568,0.16921595505403814,5,0.5682291666666666,0.08451090378070622,5,0.5682291666666666,0.08451090378070622,5,0.025,0.055901699437494755
0.15,B2,unseen,__all__,__all__,5,5,0.14666666666666667,0.06287388169979645,5,0.4303378412065312,0.07950871098904766,5,0.2165989604817816,0.07683536495182625,5,0.5821805555555556,0.057575333295492935,5,0.5821805555555556,0.057575333295492935,5,0.09291666666666668,0.015907174307350894
0.15,B2,unseen,__all__,horizontal_new,5,5,0.0375,0.08385254915624211,4,,,5,0.05070422535211268,0.11337809463379214,5,0.5832899305555556,0.054849246173238955,5,0.5832899305555556,0.054849246173238955,5,0.035416666666666666,0.06188937823963729
0.15,B2,unseen,__all__,low_new,5,5,0.22916666666666666,0.04885849749816073,5,0.43956410256410255,0.08884761533559486,5,0.30118680324159774,0.06290394203563178,5,0.6006510416666668,0.07355000580810055,5,0.6006510416666668,0.07355000580810055,5,0.14583333333333331,0.023292374765622813
0.15,B2,unseen,__all__,two_new,5,5,0.20416666666666666,0.04750730937913074,5,0.4749393341212563,0.12643462025465127,5,0.28415633297654985,0.06699008863808144,5,0.5809461805555556,0.05507900570338252,5,0.5809461805555556,0.05507900570338252,5,0.11666666666666667,0.042568368211880314
0.15,B2,unseen,__all__,vertical_new,5,5,0.07916666666666666,0.14312970031098055,5,0.30579710144927535,0.30719851965266787,5,0.11336859770993987,0.19126364907500815,5,0.6202690972222222,0.04860587924474473,5,0.6202690972222222,0.04860587924474473,5,0.03125,0.023292374765622813
0.15,B2,unseen,__all__,wide_new,5,5,0.18333333333333335,0.02282177322938192,5,0.4084906035992993,0.04975294949099091,5,0.2517781138456276,0.025591166865004584,5,0.5714409722222223,0.05720063758171348,5,0.5714409722222223,0.05720063758171348,5,0.13541666666666669,0.03210632293213009
0.15,B2,unseen,harsh,__all__,5,5,0.2533333333333333,0.048088460154178364,5,0.46402192528056646,0.11737352057796896,5,0.32634714080333105,0.06606335379843413,5,0.6141666666666666,0.07458925753680605,5,0.6141666666666666,0.07458925753680605,5,0.15166666666666667,0.050052056234817496
0.15,B2,unseen,harsh,horizontal_new,5,5,0.025,0.055901699437494755,4,,,5,0.0375,0.08385254915624211,5,0.609548611111111,0.06656180718210122,5,0.609548611111111,0.06656180718210122,5,0.03333333333333334,0.04061164310337068
0.15,B2,unseen,harsh,low_new,5,5,0.4166666666666667,0.0721687836487032,5,0.47690969899665553,0.136430504746827,5,0.4371218739364636,0.07104735352983241,5,0.6421875000000001,0.08372439708499174,5,0.6421875000000001,0.08372439708499174,5,0.25,0.1009933303628402
0.15,B2,unseen,harsh,two_new,5,5,0.36666666666666664,0.06180165405913052,5,0.5046853146853147,0.13938415507755517,5,0.4145831376861125,0.052456183736259966,5,0.6220486111111111,0.07095683847460882,5,0.6220486111111111,0.07095683847460882,5,0.20416666666666666,0.10865337342004415
0.15,B2,unseen,harsh,vertical_new,5,5,0.11666666666666665,0.19409691164753526,5,0.3358974358974359,0.3581033388770961,5,0.16230516230516231,0.24885891338357888,5,0.6753472222222222,0.05141351699639184,5,0.6753472222222222,0.05141351699639184,5,0.041666666666666664,0.0
0.15,B2,unseen,harsh,wide_new,5,5,0.3416666666666667,0.06846531968814577,5,0.4396203796203797,0.062013332462430695,5,0.37761129691564477,0.04263859913774459,5,0.6222222222222221,0.07251096211426318,5,0.6222222222222221,0.07251096211426318,5,0.22916666666666666,0.08960755486502736
0.15,B2,unseen,standard,__all__,5,5,0.04,0.08944271909999159,4,,,5,0.05454545454545454,0.12196734422726124,5,0.5536805555555555,0.05471059917806457,5,0.5536805555555555,0.05471059917806457,5,0.034166666666666665,0.0557773351022717
0.15,B2,unseen,standard,horizontal_new,5,5,0.05,0.11180339887498951,1,,,5,0.06153846153846154,0.1376041832307563,5,0.5614583333333334,0.06859671376017941,5,0.5614583333333334,0.06859671376017941,5,0.0375,0.08385254915624211
0.15,B2,unseen,standard,low_new,5,5,0.04166666666666667,0.09316949906249125,4,,,5,0.05555555555555556,0.12422599874998833,5,0.5727430555555555,0.05678768756779801,5,0.5727430555555555,0.05678768756779801,5,0.04166666666666667,0.05892556509887897
0.15,B2,unseen,standard,two_new,5,5,0.04166666666666667,0.09316949906249125,4,,,5,0.0625,0.13975424859373686,5,0.5539930555555556,0.04250548172935763,5,0.5539930555555556,0.04250548172935763,5,0.029166666666666664,0.023753654689565376
0.15,B2,unseen,standard,vertical_new,5,5,0.04166666666666667,0.09316949906249125,1,,,5,0.058823529411764705,0.1315334104411641,5,0.5612847222222223,0.07136187525946777,5,0.5612847222222223,0.07136187525946777,5,0.020833333333333336,0.046584749531245626
0.15,B2,unseen,standard,wide_new,5,5,0.025,0.055901699437494755,3,,,5,0.03428571428571429,0.07666518779999278,5,0.5338541666666667,0.045438376139938896,5,0.5338541666666667,0.045438376139938896,5,0.04166666666666667,0.07064927065755489
0.15,B3,all,__all__,__all__,5,5,0.15520833333333334,0.06391094029922073,5,0.46408672855299427,0.057606630034820056,5,0.22924645850445513,0.07603904766686453,5,0.5878421359592014,0.06284760740462442,5,0.5854994032118055,0.06112157263138011,5,0.08671875,0.02142708586533772
0.15,B3,seen,__all__,__all__,5,5,0.20694444444444446,0.06002025121203305,5,0.48191416969296536,0.06232130458320157,5,0.2880563931847446,0.0690289390000672,5,0.5989631558641976,0.07185078481948656,5,0.5981288580246913,0.07034799973333368,5,0.10833333333333332,0.012615209808739546
0.15,B3,seen,__all__,central_furniture,5,5,0.20416666666666666,0.05781015385629836,5,0.4787545787545787,0.058459059684704995,5,0.28093790942366653,0.06451141018419597,5,0.5996961805555555,0.07260608224821333,5,0.6042100694444444,0.06981819454204416,5,0.11458333333333333,0.044194173824159216
0.15,B3,seen,__all__,clear,5,5,0.3208333333333333,0.047961935138422236,5,0.4675929848343642,0.06453895427868944,5,0.3799360552301729,0.051274342764867295,5,0.6095486111111111,0.08334878848834244,5,0.6186631944444444,0.07726858672811648,5,0.18333333333333332,0.028144283512721455
0.15,B3,seen,__all__,vertical_mid,5,5,0.09583333333333334,0.13307266185559427,5,0.723076923076923,0.1563892377638657,5,0.1417085753220207,0.16333372288941825,5,0.6259114583333333,0.055169651387412484,5,0.5924913194444444,0.0676633506091826,5,0.02708333333333333,0.04332632154809463
0.15,B3,seen,harsh,__all__,5,5,0.2861111111111111,0.08014743359029727,5,0.5193588661490265,0.0878134447813347,5,0.3675749806701873,0.08851518362504203,5,0.6441743827160493,0.09170479346877043,5,0.6441743827160493,0.09170479346877043,5,0.12916666666666665,0.021177709280523486
0.15,B3,seen,harsh,central_furniture,5,5,0.3333333333333333,0.07795119555779044,5,0.5826920241780924,0.11050942337435606,5,0.4127357042512661,0.06186494448677777,5,0.656423611111111,0.09018048643729061,5,0.656423611111111,0.09018048643729061,5,0.13333333333333333,0.0700322346415484
0.15,B3,seen,harsh,clear,5,5,0.4416666666666667,0.08640183897219884,5,0.4969927849927851,0.08636240407742216,5,0.46619737750172535,0.07883053398930706,5,0.6739583333333334,0.09990297484900316,5,0.6739583333333334,0.09990297484900316,5,0.225,0.047507309379130745
0.15,B3,seen,harsh,vertical_mid,5,5,0.08333333333333334,0.1640418307085794,4,,,5,0.1126819126819127,0.2116011543381847,5,0.6796875,0.057021405902482586,5,0.6796875,0.057021405902482586,5,0.029166666666666664,0.031595314350214794
0.15,B3,seen,standard,__all__,5,5,0.1277777777777778,0.04949591578112629,5,0.4162274000509294,0.04886019613581765,5,0.19292956445254922,0.05933689305577372,5,0.5566358024691358,0.0617957757608842,5,0.5566358024691358,0.0617957757608842,5,0.0875,0.023854950051830092
0.15,B3,seen,standard,central_furniture,5,5,0.075,0.054326686710022075,5,0.24682539682539684,0.15972900015195726,5,0.11360145231112972,0.08029134246061535,5,0.5545138888888889,0.05277463669380946,5,0.5545138888888889,0.05277463669380946,5,0.09583333333333333,0.03784562942621865
0.15,B3,seen,standard,clear,5,5,0.2,0.018633899812498255,5,0.4136363636363637,0.03240795399425368,5,0.26952380952380955,0.023149584233609133,5,0.5614583333333333,0.058241935052414685,5,0.5614583333333333,0.058241935052414685,5,0.1416666666666667,0.00931694990624913
0.15,B3,seen,standard,vertical_mid,5,5,0.10833333333333335,0.10458250331675946,5,0.9076923076923077,0.20640627484613444,5,0.1692141372141372,0.1226176518339997,5,0.5682291666666666,0.08451090378070622,5,0.5682291666666666,0.08451090378070622,5,0.025,0.055901699437494755
0.15,B3,unseen,__all__,__all__,5,5,0.12416666666666668,0.06721131683809736,5,0.44917427514442443,0.05933220251418061,5,0.18935061178180554,0.08321951606601469,5,0.5821805555555556,0.057575333295492935,5,0.5784253472222222,0.05573543896156146,5,0.07375000000000001,0.0274257203896067
0.15,B3,unseen,__all__,horizontal_new,5,5,0.0375,0.08385254915624211,3,,,5,0.05070422535211268,0.11337809463379214,5,0.5832899305555556,0.054849246173238955,5,0.561328125,0.044543547870742176,5,0.03333333333333333,0.06310471346192068
0.15,B3,unseen,__all__,low_new,5,5,0.21666666666666665,0.05229125165837972,5,0.4606298773690078,0.050930903895838105,5,0.2929381091352922,0.05987807380165849,5,0.6006510416666668,0.07355000580810055,5,0.6046006944444444,0.0688346367508105,5,0.125,0.02329237476562281
0.15,B3,unseen,__all__,two_new,5,5,0.16250000000000003,0.0681476134741505,5,0.4941833751044277,0.1356805445954319,5,0.23951740801919258,0.09040645814297499,5,0.5809461805555556,0.05507900570338252,5,0.5828125,0.05284000765768376,5,0.0875,0.04332632154809463
0.15,B3,unseen,__all__,vertical_new,5,5,0.06666666666666667,0.13772078234198676,4,,,5,0.09371428571428571,0.1879904470000146,5,0.6202690972222222,0.04860587924474473,5,0.5882378472222222,0.0572679464127232,5,0.020833333333333336,0.029462782549439483
0.15,B3,unseen,__all__,wide_new,5,5,0.1375,0.04061164310337068,5,0.4277114190157668,0.09249053226382396,5,0.20187984469594303,0.042367351830221826,5,0.5714409722222223,0.05720063758171348,5,0.5773871527777777,0.053792004443549826,5,0.10208333333333335,0.04852422791188382
0.15,B3,unseen,harsh,__all__,5,5,0.18666666666666668,0.06444204976393736,5,0.5361935936404022,0.08708600757925071,5,0.2720154790919501,0.07766330479737345,5,0.6141666666666666,0.07458925753680605,5,0.6141666666666666,0.07458925753680605,5,0.08249999999999999,0.029959463353745917
0.15,B3,unseen,harsh,horizontal_new,5,5,0.025,0.055901699437494755,3,,,5,0.0375,0.08385254915624211,5,0.609548611111111,0.06656180718210122,5,0.609548611111111,0.06656180718210122,5,0.029166666666666667,0.04320091948609943
0.15,B3,unseen,harsh,low_new,5,5,0.3166666666666667,0.08122328620674137,5,0.5092025518341308,0.08203609396508581,5,0.3860879688786666,0.07195503475678813,5,0.6421875000000001,0.08372439708499174,5,0.6421875000000001,0.08372439708499174,5,0.15416666666666667,0.043200919486099415
0.15,B3,unseen,harsh,two_new,5,5,0.2666666666666667,0.07569125885243728,5,0.6430735930735931,0.2298636077371829,5,0.3620217209690894,0.0798334156849922,5,0.6220486111111111,0.07095683847460882,5,0.6220486111111111,0.07095683847460882,5,0.09583333333333335,0.06353312784157045
0.15,B3,unseen,harsh,vertical_new,5,5,0.09166666666666667,0.18257418583505539,4,,,5,0.1264957264957265,0.24215351069288021,5,0.6753472222222222,0.05141351699639184,5,0.6753472222222222,0.05141351699639184,5,0.020833333333333332,0.01473139127471974
0.15,B3,unseen,harsh,wide_new,5,5,0.23333333333333334,0.06319062870042959,5,0.5813131313131313,0.239289496886239,5,0.3162838468720822,0.044149505094172106,5,0.6222222222222221,0.07251096211426318,5,0.6222222222222221,0.07251096211426318,5,0.1125,0.07597742720337695
0.15,B3,unseen,standard,__all__,5,5,0.06166666666666667,0.07962586123727503,5,0.24622710622710625,0.11699159408393615,5,0.0919147512075196,0.10548778157647852,5,0.5536805555555555,0.05471059917806457,5,0.5536805555555555,0.05471059917806457,5,0.065,0.04295912139594001
0.15,B3,unseen,standard,horizontal_new,5,5,0.05,0.11180339887498951,1,,,5,0.06153846153846154,0.1376041832307563,5,0.5614583333333334,0.06859671376017941,5,0.5614583333333334,0.06859671376017941,5,0.0375,0.08385254915624211
0.15,B3,unseen,standard,low_new,5,5,0.11666666666666667,0.06846531968814577,5,0.3693939393939394,0.03809634492685674,5,0.17033752964787446,0.0815793145577277,5,0.5727430555555555,0.05678768756779801,5,0.5727430555555555,0.05678768756779801,5,0.09583333333333334,0.04796193513842225
0.15,B3,unseen,standard,two_new,5,5,0.058333333333333334,0.09128709291752769,5,0.16944444444444445,0.2722363941889248,5,0.08674242424242425,0.13668155280750072,5,0.5539930555555556,0.04250548172935763,5,0.5539930555555556,0.04250548172935763,5,0.07916666666666666,0.04007371679514864
0.15,B3,unseen,standard,vertical_new,5,5,0.04166666666666667,0.09316949906249125,1,,,5,0.058823529411764705,0.1315334104411641,5,0.5612847222222223,0.07136187525946777,5,0.5612847222222223,0.07136187525946777,5,0.020833333333333336,0.046584749531245626
0.15,B3,unseen,standard,wide_new,5,5,0.041666666666666664,0.05103103630798288,5,0.12787878787878787,0.12287495790466607,5,0.061412151067323485,0.07023386046145663,5,0.5338541666666667,0.045438376139938896,5,0.5338541666666667,0.045438376139938896,5,0.09166666666666667,0.04796193513842224
0.15,P1,all,__all__,__all__,5,5,0.16197916666666665,0.0635598078611572,5,0.45616716971026133,0.07198069093668383,5,0.23676881453049825,0.07524305743272237,5,0.5878421359592014,0.06284760740462442,5,0.5843112521701389,0.06106721585191216,5,0.09296875,0.015614145535334654
0.15,P1,seen,__all__,__all__,5,5,0.20555555555555555,0.05985933872086099,5,0.45779489570769505,0.07877584549997044,5,0.2829850735691549,0.07075233209316946,5,0.5989631558641976,0.07185078481948656,5,0.593287037037037,0.07214402895474242,5,0.11875,0.009635025642716389
0.15,P1,seen,__all__,central_furniture,5,5,0.2,0.03486083443891981,5,0.4700250626566416,0.06172348029354482,5,0.27902516403489797,0.04104181802202442,5,0.5996961805555555,0.07260608224821333,5,0.5952690972222221,0.07526456534725469,5,0.11458333333333333,0.03036954111898594
0.15,P1,seen,__all__,clear,5,5,0.3375,0.03726779962499649,5,0.46165007112375533,0.07456992618797542,5,0.38921583660297754,0.04799158367579565,5,0.6095486111111111,0.08334878848834244,5,0.6192708333333333,0.0761744407905157,5,0.2,0.04061164310337068
0.15,P1,seen,__all__,vertical_mid,5,5,0.07916666666666666,0.14312970031098055,5,0.24307692307692305,0.26611382535925726,5,0.10912799592044875,0.18342108839462598,5,0.6259114583333333,0.055169651387412484,5,0.6015624999999999,0.06297573300845999,5,0.041666666666666664,0.03682847818679935
0.15,P1,seen,harsh,__all__,5,5,0.3111111111111111,0.06704176881192873,5,0.4822514541095221,0.11343818144193081,5,0.3780882853211322,0.08388123158266358,5,0.6441743827160493,0.09170479346877043,5,0.6430941358024691,0.09239416894210103,5,0.16805555555555557,0.03878955567713595
0.15,P1,seen,harsh,central_furniture,5,5,0.35833333333333334,0.055901699437494755,5,0.5065618591934381,0.1088771593578961,5,0.4140504615093514,0.05225661886278034,5,0.656423611111111,0.09018048643729061,5,0.656423611111111,0.09018048643729061,5,0.18750000000000003,0.07933096985274904
0.15,P1,seen,harsh,clear,5,5,0.4750000000000001,0.06972166887783963,5,0.48646393762183243,0.10302811698628705,5,0.4788547977330467,0.07881190321776449,5,0.6739583333333334,0.09990297484900316,5,0.6715277777777777,0.10151537665086187,5,0.25833333333333336,0.07306532465312576
0.15,P1,seen,harsh,vertical_mid,5,5,0.1,0.15756392000990865,5,0.25846153846153846,0.2938018492576569,5,0.1386766076421249,0.2026661706107991,5,0.6796875,0.057021405902482586,5,0.6789930555555556,0.05656832403854051,5,0.058333333333333334,0.027163343355011037
0.15,P1,seen,standard,__all__,5,5,0.1,0.06164539172547819,5,0.40662337662337666,0.04553682513891712,5,0.15549318364073778,0.07496597011569396,5,0.5566358024691358,0.0617957757608842,5,0.5356674382716049,0.06105919814224526,5,0.06944444444444445,0.031442309507421586
0.15,P1,seen,standard,central_furniture,5,5,0.041666666666666664,0.05103103630798288,4,,,5,0.06656306656306657,0.07468060374273613,5,0.5545138888888889,0.05277463669380946,5,0.5239583333333333,0.06946234578298073,5,0.04166666666666667,0.04885849749816073
0.15,P1,seen,standard,clear,5,5,0.2,0.018633899812498255,5,0.4136363636363637,0.03240795399425368,5,0.26952380952380955,0.023149584233609133,5,0.5614583333333333,0.058241935052414685,5,0.5652777777777778,0.055305426502444445,5,0.1416666666666667,0.00931694990624913
0.15,P1,seen,standard,vertical_mid,5,5,0.058333333333333334,0.13043729868748774,1,,,5,0.07567567567567568,0.16921595505403814,5,0.5682291666666666,0.08451090378070622,5,0.5222222222222223,0.08062315694969711,5,0.025,0.055901699437494755
0.15,P1,unseen,__all__,__all__,5,5,0.13583333333333333,0.06631417227444254,5,0.4570513453123728,0.06896906732484999,5,0.20546338669211622,0.08004858399805206,5,0.5821805555555556,0.057575333295492935,5,0.5804340277777778,0.05426166188187804,5,0.0775,0.022982858950869354
0.15,P1,unseen,__all__,horizontal_new,5,5,0.0375,0.08385254915624211,4,,,5,0.05070422535211268,0.11337809463379214,5,0.5832899305555556,0.054849246173238955,5,0.5932291666666666,0.043086029534602256,5,0.035416666666666666,0.06188937823963729
0.15,P1,unseen,__all__,low_new,5,5,0.2375,0.06002025121203307,5,0.4673508771929824,0.10252015243791888,5,0.31380251884238797,0.07512224568762069,5,0.6006510416666668,0.07355000580810055,5,0.613671875,0.06518141395243314,5,0.13541666666666666,0.036828478186799345
0.15,P1,unseen,__all__,two_new,5,5,0.17083333333333334,0.05392574627310327,5,0.49266347687400325,0.10906455747465657,5,0.25214796587171995,0.07315141069445252,5,0.5809461805555556,0.05507900570338252,5,0.5894965277777777,0.04866088256836467,5,0.0875,0.027163343355011037
0.15,P1,unseen,__all__,vertical_new,5,5,0.07499999999999998,0.14478791961578374,4,,,5,0.1059839823253245,0.19371960810186153,5,0.6202690972222222,0.04860587924474473,5,0.5907118055555556,0.05636766056055397,5,0.02291666666666667,0.028905076928149188
0.15,P1,unseen,__all__,wide_new,5,5,0.15833333333333335,0.027950849718747367,5,0.44709659524304834,0.09288364621763777,5,0.22974759634607556,0.024118485189026647,5,0.5714409722222223,0.05720063758171348,5,0.564670138888889,0.059920006633132496,5,0.10625,0.043200919486099415
0.15,P1,unseen,harsh,__all__,5,5,0.22166666666666668,0.05731249621349801,5,0.4816112657972994,0.10869800843380983,5,0.3025495560948943,0.07413902626531535,5,0.6141666666666666,0.07458925753680605,5,0.6120277777777777,0.07591405689679168,5,0.12,0.03402919498182569
0.15,P1,unseen,harsh,horizontal_new,5,5,0.025,0.055901699437494755,4,,,5,0.0375,0.08385254915624211,5,0.609548611111111,0.06656180718210122,5,0.593576388888889,0.07575593991552458,5,0.03333333333333334,0.04061164310337068
0.15,P1,unseen,harsh,low_new,5,5,0.375,0.07795119555779044,5,0.48719169719169714,0.14481667982574914,5,0.41911547911547914,0.09000307762858926,5,0.6421875000000001,0.08372439708499174,5,0.6421875000000001,0.08372439708499174,5,0.2125,0.09009061796016521
0.15,P1,unseen,harsh,two_new,5,5,0.3083333333333333,0.06319062870042957,5,0.5191387559808612,0.12955158436901731,5,0.3810826656243893,0.06899548234532069,5,0.6220486111111111,0.07095683847460882,5,0.6220486111111111,0.07095683847460882,5,0.15416666666666665,0.07306532465312576
0.15,P1,unseen,harsh,vertical_new,5,5,0.10833333333333332,0.1967619825519599,4,,,5,0.14911834911834915,0.2518756885427046,5,0.6753472222222222,0.05141351699639184,5,0.6753472222222222,0.05141351699639184,5,0.025,0.01743041721945991
0.15,P1,unseen,harsh,wide_new,5,5,0.2916666666666667,0.05103103630798288,5,0.4727318295739349,0.08632555491581663,5,0.3541660528254236,0.029053638705841434,5,0.6222222222222221,0.07251096211426318,5,0.6222222222222221,0.07251096211426318,5,0.175,0.07453559924999299
0.15,P1,unseen,standard,__all__,5,5,0.05,0.07971302695712079,5,0.3836363636363636,0.24725861516474285,5,0.07494850948509485,0.10646647120094205,5,0.5536805555555555,0.05471059917806457,5,0.5436527777777778,0.04843473334392603,5,0.035,0.05516704430887863
0.15,P1,unseen,standard,horizontal_new,5,5,0.05,0.11180339887498951,1,,,5,0.06153846153846154,0.1376041832307563,5,0.5614583333333334,0.06859671376017941,5,0.5993055555555555,0.06672914191411529,5,0.0375,0.08385254915624211
0.15,P1,unseen,standard,low_new,5,5,0.1,0.0756912588524373,5,0.4166666666666667,0.25,5,0.15375661375661376,0.10162559904213325,5,0.5727430555555555,0.05678768756779801,5,0.5822916666666667,0.055911808061189526,5,0.05833333333333333,0.05187458165828639
0.15,P1,unseen,standard,two_new,5,5,0.03333333333333333,0.07453559924999299,3,,,5,0.05161290322580645,0.11540996012902142,5,0.5539930555555556,0.04250548172935763,5,0.5635416666666666,0.03598715872601361,5,0.020833333333333332,0.02551551815399144
0.15,P1,unseen,standard,vertical_new,5,5,0.04166666666666667,0.09316949906249125,1,,,5,0.058823529411764705,0.1315334104411641,5,0.5612847222222223,0.07136187525946777,5,0.49930555555555556,0.07504891264474756,5,0.020833333333333336,0.046584749531245626
0.15,P1,unseen,standard,wide_new,5,5,0.025,0.055901699437494755,2,,,5,0.03428571428571429,0.07666518779999278,5,0.5338541666666667,0.045438376139938896,5,0.49913194444444436,0.052705342516888444,5,0.0375,0.07276770498572074
0.2,B1,all,__all__,__all__,5,5,0.3302083333333333,0.2596564424368445,5,0.4909894152830856,0.12240077614944878,5,0.37307183746700817,0.2230043742945321,5,0.6471110026041667,0.1313430760123502,5,0.6471110026041667,0.1313430760123502,5,0.13932291666666669,0.04763739096335082
0.2,B1,seen,__all__,__all__,5,5,0.39166666666666666,0.27010228972294964,5,0.49425598705315893,0.12384679955942457,5,0.41942549397514417,0.21779869231497773,5,0.6628713348765432,0.13398304112954346,5,0.6628713348765432,0.13398304112954346,5,0.16805555555555557,0.0455774633975289
0.2,B1,seen,__all__,central_furniture,5,5,0.37916666666666665,0.23953803919674682,5,0.4966183388022801,0.13193299125285898,5,0.4186496354434402,0.20068735907621152,5,0.6614149305555556,0.1429363424772005,5,0.6614149305555556,0.1429363424772005,5,0.16666666666666669,0.030369541118985943
0.2,B1,seen,__all__,clear,5,5,0.5083333333333333,0.2816740630192595,5,0.48667737070014105,0.10723363188047975,5,0.4822875833418713,0.19076897484150057,5,0.6712239583333333,0.13726287157350192,5,0.6712239583333333,0.13726287157350192,5,0.24375,0.0808886194096549
0.2,B1,seen,__all__,vertical_mid,5,5,0.2875,0.29551038710828575,5,0.485409982174688,0.19919773036320274,5,0.3294782017423527,0.28090077803404995,5,0.6819010416666667,0.10863820186102864,5,0.6819010416666667,0.10863820186102864,5,0.09374999999999999,0.052083333333333336
0.2,B1,seen,harsh,__all__,5,5,0.5194444444444445,0.2983041057480987,5,0.5002111699276333,0.11939106324911948,5,0.4975140179143511,0.20600909021253896,5,0.69477237654321,0.13268256782300983,5,0.69477237654321,0.13268256782300983,5,0.22916666666666666,0.040492721491981264
0.2,B1,seen,harsh,central_furniture,5,5,0.55,0.2625330667003894,5,0.514956158284494,0.11876664888126785,5,0.5238603534126363,0.18126060087096532,5,0.7005208333333334,0.12807276487158323,5,0.7005208333333334,0.12807276487158323,5,0.24166666666666664,0.05229125165837972
0.2,B1,seen,harsh,clear,5,5,0.6666666666666667,0.2779513346692986,5,0.4981546381546381,0.09324242470323708,5,0.5624140862173649,0.16166807572167677,5,0.7152777777777778,0.12932279896811522,5,0.7152777777777778,0.12932279896811522,5,0.31666666666666665,0.064885047926656
0.2,B1,seen,harsh,vertical_mid,5,5,0.3416666666666667,0.3625239455692701,5,0.41805194805194806,0.28587893720901114,5,0.3566866824931341,0.32259372849863716,5,0.7190972222222223,0.11052566575814354,5,0.7190972222222223,0.11052566575814354,5,0.12916666666666665,0.04007371679514864
0.2,B1,seen,standard,__all__,5,5,0.2638888888888889,0.24275775406872968,5,0.46809696051075367,0.15886312303583802,5,0.31263114253350177,0.24230117445716473,5,0.6339699074074074,0.13204200469711136,5,0.6339699074074074,0.13204200469711136,5,0.10694444444444444,0.056331388307425685
0.2,B1,seen,standard,central_furniture,5,5,0.20833333333333334,0.21850184336878156,5,0.3935087719298246,0.2846823028265517,5,0.26250111378419316,0.24472416382737866,5,0.6373263888888888,0.15053494983785387,5,0.6373263888888888,0.15053494983785387,5,0.09166666666666666,0.023753654689565376
0.2,B1,seen,standard,clear,5,5,0.35,0.28656248106749,5,0.4526666666666667,0.15485477067239486,5,0.3668602925992088,0.245411745389951,5,0.640798611111111,0.13617050017057752,5,0.640798611111111,0.13617050017057752,5,0.17083333333333334,0.1003466214899358
0.2,B1,seen,standard,vertical_mid,5,5,0.23333333333333334,0.22935598240871477,5,0.7897435897435897,0.1930753907386328,5,0.2962642642642643,0.23409765171690253,5,0.640451388888889,0.1117440738478934,5,0.640451388888889,0.1117440738478934,5,0.058333333333333334,0.06488504792665599
0.2,B1,unseen,__all__,__all__,5,5,0.29333333333333333,0.25496118985707084,5,0.4891385077431002,0.121261941315084,5,0.3413017891503988,0.227499777488688,5,0.6380399305555555,0.129426601768284,5,0.6380399305555555,0.129426601768284,5,0.12208333333333332,0.05012138044565192
0.2,B1,unseen,__all__,horizontal_new,5,5,0.19166666666666668,0.29879677690512146,4,,,5,0.21427626642954398,0.2918951728455549,5,0.6492621527777778,0.1335348372692153,5,0.6492621527777778,0.1335348372692153,5,0.06666666666666667,0.07313954033975816
0.2,B1,unseen,__all__,low_new,5,5,0.4125,0.31298573361168464,5,0.4815437788018433,0.11150372866068096,5,0.4152992547003736,0.23931404372410817,5,0.6623697916666667,0.1389126566577416,5,0.6623697916666667,0.1389126566577416,5,0.18541666666666667,0.08182223702773117
0.2,B1,unseen,__all__,two_new,5,5,0.3,0.21680684567912822,5,0.48431836091410563,0.13021972224576828,5,0.3547710301394512,0.19228504294282475,5,0.6346788194444445,0.13277691133678435,5,0.6346788194444445,0.13277691133678435,5,0.14166666666666666,0.04456093674209883
0.2,B1,unseen,__all__,vertical_new,5,5,0.24583333333333335,0.24579802006254378,5,0.5278497336697505,0.21984713367465944,5,0.30571364329261297,0.2630097629592706,5,0.666796875,0.10814594897507186,5,0.666796875,0.10814594897507186,5,0.06875,0.04456093674209883
0.2,B1,unseen,__all__,wide_new,5,5,0.31666666666666665,0.22360679774997896,5,0.48520512820512823,0.11334637063891867,5,0.3667247288741548,0.1899197890027493,5,0.6137586805555555,0.11498238789565274,5,0.6137586805555555,0.11498238789565274,5,0.14791666666666667,0.045643546458763846
0.2,B1,unseen,harsh,__all__,5,5,0.4,0.2911900868276025,5,0.490712595287059,0.10501359706584179,5,0.41712147275283906,0.2125309948347352,5,0.6593194444444445,0.13165667998636024,5,0.6593194444444445,0.13165667998636024,5,0.18083333333333335,0.0622634412083938
0.2,B1,unseen,harsh,horizontal_new,5,5,0.20833333333333331,0.33721695950497177,4,,,5,0.2101794101794102,0.2971889798784457,5,0.6498263888888889,0.12996447071320047,5,0.6498263888888889,0.12996447071320047,5,0.09166666666666666,0.1005626532178931
0.2,B1,unseen,harsh,low_new,5,5,0.55,0.3081643681183433,5,0.5108185931715343,0.09815795202993978,5,0.5035772113943029,0.20383753169678281,5,0.6866319444444444,0.12944364577498604,5,0.6866319444444444,0.12944364577498604,5,0.25,0.1092509216843908
0.2,B1,unseen,harsh,two_new,5,5,0.45,0.2489561541048276,5,0.4767445887445887,0.11169350637270269,5,0.4479579902136293,0.16701622943172037,5,0.6618055555555556,0.12464776036404805,5,0.6618055555555556,0.12464776036404805,5,0.2375,0.07597742720337695
0.2,B1,unseen,harsh,vertical_new,5,5,0.32500000000000007,0.3503470501596318,5,0.5191316526610644,0.2713094398510894,5,0.36208757320616025,0.3237629919659484,5,0.7149305555555555,0.11612266989997717,5,0.7149305555555555,0.11612266989997717,5,0.0875,0.047507309379130745
0.2,B1,unseen,harsh,wide_new,5,5,0.4666666666666667,0.24544460791705236,5,0.48171428571428576,0.10126732780894926,5,0.461559488784072,0.1656386271250482,5,0.6505208333333334,0.11552250837879875,5,0.6505208333333334,0.11552250837879875,5,0.2375,0.06521864934374387
0.2,B1,unseen,standard,__all__,5,5,0.1866666666666667,0.2195797754297462,5,0.40086136086136087,0.2960417524064109,5,0.23910735383477225,0.25012222158387803,5,0.6205208333333333,0.12210467980722775,5,0.6205208333333333,0.12210467980722775,5,0.06333333333333332,0.041184712643838564
0.2,B1,unseen,standard,horizontal_new,5,5,0.175,0.2608745973749755,3,,,5,0.21764936183540834,0.28749380773906635,5,0.6527777777777778,0.13162424597933936,5,0.6527777777777778,0.13162424597933936,5,0.041666666666666664,0.04885849749816073
0.2,B1,unseen,standard,low_new,5,5,0.275,0.32489314482696546,5,0.32746031746031745,0.3070606099632125,5,0.28694638694638697,0.30674431911424294,5,0.6527777777777778,0.13724888949577727,5,0.6527777777777778,0.13724888949577727,5,0.12083333333333335,0.07424387367168943
0.2,B1,unseen,standard,two_new,5,5,0.15,0.1877313387678135,5,0.41714285714285715,0.39915727553465047,5,0.21096188747731398,0.23914187559670694,5,0.6333333333333333,0.13415404736705272,5,0.6333333333333333,0.13415404736705272,5,0.04583333333333333,0.02282177322938192
0.2,B1,unseen,standard,vertical_new,5,5,0.16666666666666669,0.1473139127471974,4,,,5,0.2335975975975976,0.18901342519443576,5,0.6163194444444444,0.09709037438701694,5,0.6163194444444444,0.09709037438701694,5,0.05,0.05229125165837972
0.2,B1,unseen,standard,wide_new,5,5,0.16666666666666669,0.2019866607256804,5,0.4356209150326798,0.30208790437441885,5,0.22159457525311183,0.23238420928068748,5,0.5819444444444445,0.10510392864653882,5,0.5819444444444445,0.10510392864653882,5,0.058333333333333334,0.037267799624996496
0.2,B2,all,__all__,__all__,5,5,0.20208333333333334,0.0790011633506994,5,0.4242061314806945,0.06730442077074218,5,0.27122600980662376,0.08205565109457866,5,0.5878421359592014,0.06284760740462442,5,0.5878421359592014,0.06284760740462442,5,0.13177083333333334,0.016786273301545127
0.2,B2,seen,__all__,__all__,5,5,0.24305555555555552,0.07963433986930357,5,0.4316804301324425,0.06832583705222123,5,0.3094145003231076,0.08069536915993843,5,0.5989631558641976,0.07185078481948656,5,0.5989631558641976,0.07185078481948656,5,0.1548611111111111,0.01000337520200551
0.2,B2,seen,__all__,central_furniture,5,5,0.24166666666666664,0.037845629426218656,5,0.42275268817204303,0.05835776209165666,5,0.30626503835451296,0.04004244472231806,5,0.5996961805555555,0.07260608224821333,5,0.5996961805555555,0.07260608224821333,5,0.16666666666666666,0.03210632293213009
0.2,B2,seen,__all__,clear,5,5,0.3458333333333333,0.07306532465312576,5,0.4501162975311582,0.1034220158836116,5,0.39066990637100363,0.08416542955877554,5,0.6095486111111111,0.08334878848834244,5,0.6095486111111111,0.08334878848834244,5,0.2125,0.0439479648119354
0.2,B2,seen,__all__,vertical_mid,5,5,0.14166666666666666,0.1824552837150943,5,0.3880764163372859,0.16846021318558288,5,0.17796613104943432,0.17703853131940356,5,0.6259114583333333,0.055169651387412484,5,0.6259114583333333,0.055169651387412484,5,0.08541666666666667,0.09240939631757031
0.2,B2,seen,harsh,__all__,5,5,0.38611111111111107,0.08062736263166662,5,0.45474400007421634,0.09691984607209142,5,0.4173676650941835,0.08694636445299425,5,0.6441743827160493,0.09170479346877043,5,0.6441743827160493,0.09170479346877043,5,0.23194444444444443,0.0429770790187939
0.2,B2,seen,harsh,central_furniture,5,5,0.4416666666666667,0.10034662148993581,5,0.4682805062115407,0.09699950367791635,5,0.4451173153561804,0.06314168328662909,5,0.656423611111111,0.09018048643729061,5,0.656423611111111,0.09018048643729061,5,0.26666666666666666,0.09816015824491456
0.2,B2,seen,harsh,clear,5,5,0.5250000000000001,0.07569125885243731,5,0.4672503840245776,0.11793474933214193,5,0.49165501165501163,0.08884949695234814,5,0.6739583333333334,0.09990297484900316,5,0.6739583333333334,0.09990297484900316,5,0.3125,0.09432692852226475
0.2,B2,seen,harsh,vertical_mid,5,5,0.19166666666666662,0.20539595906443725,5,0.38055555555555554,0.16362973861136823,5,0.23443722943722944,0.19327099085383703,5,0.6796875,0.057021405902482586,5,0.6796875,0.057021405902482586,5,0.11666666666666665,0.06521864934374387
0.2,B2,seen,standard,__all__,5,5,0.09999999999999999,0.09889435066065501,5,0.320530303030303,0.1839061767970165,5,0.14396924914166292,0.11945938836089409,5,0.5566358024691358,0.0617957757608842,5,0.5566358024691358,0.0617957757608842,5,0.07777777777777777,0.054768733758695426
0.2,B2,seen,standard,central_furniture,5,5,0.041666666666666664,0.05892556509887897,5,0.14666666666666667,0.20221001184137471,5,0.06394984326018809,0.08893102558744649,5,0.5545138888888889,0.05277463669380946,5,0.5545138888888889,0.05277463669380946,5,0.06666666666666668,0.037267799624996496
0.2,B2,seen,standard,clear,5,5,0.16666666666666666,0.10622957319984969,5,0.3674902874902875,0.21144603676196017,5,0.22836220483279307,0.13981166119040186,5,0.5614583333333333,0.058241935052414685,5,0.5614583333333333,0.058241935052414685,5,0.1125,0.018633899812498248
0.2,B2,seen,standard,vertical_mid,5,5,0.09166666666666666,0.1624465724134827,2,,,5,0.10903010033444818,0.1712818713306771,5,0.5682291666666666,0.08451090378070622,5,0.5682291666666666,0.08451090378070622,5,0.05416666666666666,0.1211203487812386
0.2,B2,unseen,__all__,__all__,5,5,0.1775,0.08050405441825757,5,0.4175021658289168,0.0689495539577247,5,0.24561998374689425,0.08585645702552411,5,0.5821805555555556,0.057575333295492935,5,0.5821805555555556,0.057575333295492935,5,0.11791666666666667,0.022175515151225282
0.2,B2,unseen,__all__,horizontal_new,5,5,0.06666666666666667,0.13772078234198676,5,0.18333333333333335,0.25276251480171835,5,0.07942857142857143,0.15621021942581484,5,0.5832899305555556,0.054849246173238955,5,0.5832899305555556,0.054849246173238955,5,0.054166666666666675,0.09211537903930894
0.2,B2,unseen,__all__,low_new,5,5,0.26249999999999996,0.047961935138422236,5,0.4372077146270694,0.07515272084970735,5,0.3278580091904542,0.05807500406053281,5,0.6006510416666668,0.07355000580810055,5,0.6006510416666668,0.07355000580810055,5,0.16875,0.023753654689565376
0.2,B2,unseen,__all__,two_new,5,5,0.2208333333333333,0.043200919486099415,5,0.4276936023303485,0.08385703586982507,5,0.2899803750714045,0.05316150056863828,5,0.5809461805555556,0.05507900570338252,5,0.5809461805555556,0.05507900570338252,5,0.15,0.03798871360168848
0.2,B2,unseen,__all__,vertical_new,5,5,0.10833333333333332,0.18481879263514062,5,0.32047619047619047,0.21183519457319633,5,0.137482931422998,0.20494836014293646,5,0.6202690972222222,0.04860587924474473,5,0.6202690972222222,0.04860587924474473,5,0.05625,0.05733899560217869
0.2,B2,unseen,__all__,wide_new,5,5,0.22916666666666669,0.02946278254943948,5,0.41799713330148114,0.05118556259769822,5,0.29549255536034175,0.034980111583753686,5,0.5714409722222223,0.05720063758171348,5,0.5714409722222223,0.05720063758171348,5,0.16041666666666668,0.02508665537248395
0.2,B2,unseen,harsh,__all__,5,5,0.29500000000000004,0.05190803834132479,5,0.45510124537298446,0.10374901741097202,5,0.35682372492144065,0.06677980747349899,5,0.6141666666666666,0.07458925753680605,5,0.6141666666666666,0.07458925753680605,5,0.18083333333333335,0.04987832417215139
0.2,B2,unseen,harsh,horizontal_new,5,5,0.075,0.1455354099714415,5,0.21428571428571427,0.2945075446869757,5,0.09959514170040486,0.18276112624902743,5,0.609548611111111,0.06656180718210122,5,0.609548611111111,0.06656180718210122,5,0.04583333333333334,0.04516559039308083
0.2,B2,unseen,harsh,low_new,5,5,0.45,0.06846531968814575,5,0.47190476190476194,0.10417040809607352,5,0.45259171738870985,0.045606042668784624,5,0.6421875000000001,0.08372439708499174,5,0.6421875000000001,0.08372439708499174,5,0.27083333333333337,0.10099333036284018
0.2,B2,unseen,harsh,two_new,5,5,0.39999999999999997,0.0756912588524373,5,0.4824149630951874,0.1432112712829501,5,0.4235087961683706,0.04315001792633034,5,0.6220486111111111,0.07095683847460882,5,0.6220486111111111,0.07095683847460882,5,0.2458333333333333,0.1244780770524138
0.2,B2,unseen,harsh,vertical_new,5,5,0.13333333333333336,0.18493617517643454,5,0.3332212885154061,0.2325116930824471,5,0.17552454649500146,0.20918937896172463,5,0.6753472222222222,0.05141351699639184,5,0.6753472222222222,0.05141351699639184,5,0.075,0.03784562942621865
0.2,B2,unseen,harsh,wide_new,5,5,0.4166666666666667,0.08838834764831843,5,0.4503296703296703,0.06625562613245456,5,0.4245645645645646,0.04854305821198993,5,0.6222222222222221,0.07251096211426318,5,0.6222222222222221,0.07251096211426318,5,0.26666666666666666,0.09592387027684449
0.2,B2,unseen,standard,__all__,5,5,0.06000000000000001,0.1203871070985409,5,0.16464285714285715,0.18157474426555595,5,0.0754242125984252,0.14290913492368304,5,0.5536805555555555,0.05471059917806457,5,0.5536805555555555,0.05471059917806457,5,0.05500000000000001,0.07929813645001024
0.2,B2,unseen,standard,horizontal_new,5,5,0.058333333333333334,0.13043729868748774,1,,,5,0.06086956521739131,0.13610848558694372,5,0.5614583333333334,0.06859671376017941,5,0.5614583333333334,0.06859671376017941,5,0.0625,0.13975424859373686
0.2,B2,unseen,standard,low_new,5,5,0.075,0.10374916331657276,5,0.2357142857142857,0.23364896048280182,5,0.10601503759398496,0.13137470722242647,5,0.5727430555555555,0.05678768756779801,5,0.5727430555555555,0.05678768756779801,5,0.06666666666666668,0.05781015385629836
0.2,B2,unseen,standard,two_new,5,5,0.04166666666666667,0.09316949906249125,4,,,5,0.05555555555555556,0.12422599874998833,5,0.5539930555555556,0.04250548172935763,5,0.5539930555555556,0.04250548172935763,5,0.05416666666666666,0.054326686710022075
0.2,B2,unseen,standard,vertical_new,5,5,0.08333333333333334,0.1863389981249825,1,,,5,0.09302325581395349,0.20800632348835255,5,0.5612847222222223,0.07136187525946777,5,0.5612847222222223,0.07136187525946777,5,0.0375,0.08385254915624211
0.2,B2,unseen,standard,wide_new,5,5,0.04166666666666667,0.09316949906249125,4,,,5,0.05405405405405406,0.12086853932431298,5,0.5338541666666667,0.045438376139938896,5,0.5338541666666667,0.045438376139938896,5,0.05416666666666666,0.06521864934374387
0.2,B3,all,__all__,__all__,5,5,0.19739583333333335,0.09128337836063341,5,0.42683840108193716,0.06561212177162877,5,0.2655774874927327,0.09303619829441591,5,0.5878421359592014,0.06284760740462442,5,0.5869588216145833,0.05991429791620618,5,0.12604166666666666,0.02645184775334178
0.2,B3,seen,__all__,__all__,5,5,0.2513888888888889,0.08992988523988708,5,0.43953149374177103,0.0671896502637727,5,0.3175539727501905,0.08784001069099644,5,0.5989631558641976,0.07185078481948656,5,0.5993971836419754,0.06903865689996265,5,0.1541666666666667,0.012662904533896157
0.2,B3,seen,__all__,central_furniture,5,5,0.2458333333333333,0.05781015385629836,5,0.4435434173669467,0.07705395628891401,5,0.3126579268684532,0.062346061396237516,5,0.5996961805555555,0.07260608224821333,5,0.6046440972222222,0.07045157953784578,5,0.15833333333333333,0.05771622990497945
0.2,B3,seen,__all__,clear,5,5,0.3708333333333333,0.061449505015635945,5,0.45388588456020307,0.09712531295483594,5,0.40720045302713964,0.07195199924569853,5,0.6095486111111111,0.08334878848834244,5,0.6193142361111111,0.07610033811387441,5,0.22708333333333336,0.05176989016578825
0.2,B3,seen,__all__,vertical_mid,5,5,0.1375,0.20337858103109635,5,0.5446258503401361,0.26359275808851546,5,0.165501530894882,0.1862163450377572,5,0.6259114583333333,0.055169651387412484,5,0.5970052083333333,0.0630273120306807,5,0.07708333333333334,0.10484156366738444
0.2,B3,seen,harsh,__all__,5,5,0.3416666666666667,0.12211169244629591,5,0.4675649385100941,0.10073247800320016,5,0.3931893102323235,0.11471955910415145,5,0.6441743827160493,0.09170479346877043,5,0.6441743827160493,0.09170479346877043,5,0.18749999999999997,0.021960261528947075
0.2,B3,seen,harsh,central_furniture,5,5,0.38333333333333336,0.06846531968814576,5,0.49733333333333335,0.12376995704763613,5,0.4282211022060646,0.07908514261279004,5,0.656423611111111,0.09018048643729061,5,0.656423611111111,0.09018048643729061,5,0.20833333333333334,0.09547032697824667
0.2,B3,seen,harsh,clear,5,5,0.4916666666666667,0.08539125638299667,5,0.4829304029304029,0.11855826445169619,5,0.48602581545438683,0.09856149410819082,5,0.6739583333333334,0.09990297484900316,5,0.6739583333333334,0.09990297484900316,5,0.27083333333333337,0.07933096985274904
0.2,B3,seen,harsh,vertical_mid,5,5,0.15,0.26777115021766046,4,,,5,0.1577491474043198,0.2416509233305961,5,0.6796875,0.057021405902482586,5,0.6796875,0.057021405902482586,5,0.08333333333333333,0.1092509216843908
0.2,B3,seen,standard,__all__,5,5,0.16111111111111115,0.06558732751731998,5,0.39108271573387854,0.04518968981791464,5,0.224710405901491,0.07115138966342757,5,0.5566358024691358,0.0617957757608842,5,0.5566358024691358,0.0617957757608842,5,0.12083333333333332,0.03090082702956526
0.2,B3,seen,standard,central_furniture,5,5,0.10833333333333332,0.06972166887783962,5,0.2854256854256854,0.16968126283191412,5,0.15636922217567378,0.09806237545042783,5,0.5545138888888889,0.05277463669380946,5,0.5545138888888889,0.05277463669380946,5,0.10833333333333335,0.030900827029565266
0.2,B3,seen,standard,clear,5,5,0.25000000000000006,0.05103103630798289,5,0.4104063119542996,0.07742826415423819,5,0.3082007205624246,0.05446605996361323,5,0.5614583333333333,0.058241935052414685,5,0.5614583333333333,0.058241935052414685,5,0.18333333333333332,0.053925746273103266
0.2,B3,seen,standard,vertical_mid,5,5,0.125,0.14129854131510974,5,0.5857142857142857,0.23364896048280182,5,0.16852747252747252,0.13334723592133044,5,0.5682291666666666,0.08451090378070622,5,0.5682291666666666,0.08451090378070622,5,0.07083333333333333,0.1016359243137539
0.2,B3,unseen,__all__,__all__,5,5,0.165,0.09310425757062767,5,0.41593489788587024,0.06590367947136834,5,0.22991659070779816,0.09890960489881917,5,0.5821805555555556,0.057575333295492935,5,0.5798350694444444,0.05464766413155464,5,0.10916666666666666,0.03478605244123633
0.2,B3,unseen,__all__,horizontal_new,5,5,0.07083333333333333,0.15838814840623508,4,,,5,0.07906976744186046,0.17680537496509965,5,0.5832899305555556,0.054849246173238955,5,0.5643229166666666,0.04466127906980003,5,0.052083333333333336,0.09346020023399146
0.2,B3,unseen,__all__,low_new,5,5,0.2666666666666667,0.061449505015635945,5,0.4452231676369608,0.08799190094890533,5,0.3322099291534929,0.07161579448580317,5,0.6006510416666668,0.07355000580810055,5,0.6067274305555556,0.06851960525949177,5,0.16666666666666669,0.04231270002414563
0.2,B3,unseen,__all__,two_new,5,5,0.18749999999999997,0.06073908223797187,5,0.42179612911878356,0.08951616756076085,5,0.2567114925036578,0.07374599841149879,5,0.5809461805555556,0.05507900570338252,5,0.5827256944444444,0.05314146851790407,5,0.12916666666666668,0.04456093674209883
0.2,B3,unseen,__all__,vertical_new,5,5,0.10416666666666667,0.18692040046798292,4,,,5,0.12874530849907045,0.2029412408943112,5,0.6202690972222222,0.04860587924474473,5,0.5899739583333333,0.05479473922488443,5,0.05,0.07231897899045743
0.2,B3,unseen,__all__,wide_new,5,5,0.19583333333333336,0.05818433351570392,5,0.40358090185676393,0.05712671321339077,5,0.2588721112346956,0.05774684808940255,5,0.5714409722222223,0.05720063758171348,5,0.5774739583333333,0.055443969561442215,5,0.14791666666666664,0.04962970520654831
0.2,B3,unseen,harsh,__all__,5,5,0.2416666666666667,0.08599903100229289,5,0.4720446950710109,0.08881193397446772,5,0.31710245985427166,0.09295577346965737,5,0.6141666666666666,0.07458925753680605,5,0.6141666666666666,0.07458925753680605,5,0.13166666666666665,0.027417806460603496
0.2,B3,unseen,harsh,horizontal_new,5,5,0.08333333333333334,0.1863389981249825,4,,,5,0.1,0.22360679774997902,5,0.609548611111111,0.06656180718210122,5,0.609548611111111,0.06656180718210122,5,0.037500000000000006,0.04973890160963884
0.2,B3,unseen,harsh,low_new,5,5,0.38333333333333336,0.08014743359029727,5,0.46877344877344873,0.10940861301688837,5,0.4188777406168711,0.08320118719767856,5,0.6421875000000001,0.08372439708499174,5,0.6421875000000001,0.08372439708499174,5,0.225,0.0742438736716894
0.2,B3,unseen,harsh,two_new,5,5,0.3083333333333333,0.06319062870042957,5,0.5138755980861245,0.13104939108686292,5,0.37908931014266173,0.0674061491971895,5,0.6220486111111111,0.07095683847460882,5,0.6220486111111111,0.07095683847460882,5,0.15833333333333333,0.07597742720337695
0.2,B3,unseen,harsh,vertical_new,5,5,0.125,0.21245914639969937,4,,,5,0.1511111111111111,0.2223209657161964,5,0.6753472222222222,0.05141351699639184,5,0.6753472222222222,0.05141351699639184,5,0.058333333333333334,0.07424387367168943
0.2,B3,unseen,harsh,wide_new,5,5,0.30833333333333335,0.047507309379130745,5,0.4809065934065934,0.08465339609320055,5,0.3689911836970661,0.020594950840935267,5,0.6222222222222221,0.07251096211426318,5,0.6222222222222221,0.07251096211426318,5,0.17916666666666667,0.07453559924999298
0.2,B3,unseen,standard,__all__,5,5,0.08833333333333335,0.10351462591236939,5,0.2685590271797168,0.12469547659794374,5,0.12311732259813038,0.12116311597342275,5,0.5536805555555555,0.05471059917806457,5,0.5536805555555555,0.05471059917806457,5,0.08666666666666667,0.05939509893735154
0.2,B3,unseen,standard,horizontal_new,5,5,0.058333333333333334,0.13043729868748774,2,,,5,0.06086956521739131,0.13610848558694372,5,0.5614583333333334,0.06859671376017941,5,0.5614583333333334,0.06859671376017941,5,0.06666666666666667,0.13772078234198676
0.2,B3,unseen,standard,low_new,5,5,0.14999999999999997,0.0756912588524373,5,0.38963813963813965,0.08640614954952798,5,0.21205939076906816,0.09208389044768976,5,0.5727430555555555,0.05678768756779801,5,0.5727430555555555,0.05678768756779801,5,0.10833333333333335,0.037267799624996496
0.2,B3,unseen,standard,two_new,5,5,0.06666666666666667,0.08640183897219883,5,0.16777777777777778,0.17481913051797773,5,0.09359108324625567,0.11490502644383715,5,0.5539930555555556,0.04250548172935763,5,0.5539930555555556,0.04250548172935763,5,0.1,0.04269562819149833
0.2,B3,unseen,standard,vertical_new,5,5,0.08333333333333334,0.1640418307085794,3,,,5,0.10318949343339587,0.1906693585878049,5,0.5612847222222223,0.07136187525946777,5,0.5612847222222223,0.07136187525946777,5,0.04166666666666667,0.07064927065755489
0.2,B3,unseen,standard,wide_new,5,5,0.08333333333333334,0.08838834764831845,5,0.18803418803418803,0.18141013057086433,5,0.11466011466011468,0.11732597654720707,5,0.5338541666666667,0.045438376139938896,5,0.5338541666666667,0.045438376139938896,5,0.11666666666666667,0.043200919486099415
0.2,P1,all,__all__,__all__,5,5,0.19427083333333334,0.08961890645448214,5,0.41855543004607093,0.07291164210689244,5,0.2617965808160002,0.09268361687664006,5,0.5878421359592014,0.06284760740462442,5,0.5846021864149306,0.061506419890368196,5,0.12786458333333334,0.020575388828258573
0.2,P1,seen,__all__,__all__,5,5,0.24027777777777776,0.09285841472470432,5,0.4194669367556691,0.08150502844535028,5,0.303690605942316,0.09426982994149782,5,0.5989631558641976,0.07185078481948656,5,0.5933015046296296,0.0723634809029523,5,0.15902777777777777,0.006678952799191438
0.2,P1,seen,__all__,central_furniture,5,5,0.23333333333333334,0.03726779962499649,5,0.42887719815306025,0.07257979846523607,5,0.30197372145317347,0.04858211904714683,5,0.5996961805555555,0.07260608224821333,5,0.5938368055555555,0.07381512981480219,5,0.15625,0.026557393299962415
0.2,P1,seen,__all__,clear,5,5,0.375,0.07795119555779045,5,0.4426507234095974,0.09840497895002553,5,0.4055600296436367,0.08533582584270662,5,0.6095486111111111,0.08334878848834244,5,0.618967013888889,0.07643640754896906,5,0.2375,0.04739297152532219
0.2,P1,seen,__all__,vertical_mid,5,5,0.1125,0.18434851504690783,5,0.24166666666666664,0.2289771944005681,5,0.1358145363408521,0.19242515468168497,5,0.6259114583333333,0.055169651387412484,5,0.6023871527777778,0.06531674640034861,5,0.08333333333333333,0.07654655446197432
0.2,P1,seen,harsh,__all__,5,5,0.3472222222222222,0.08838834764831843,5,0.4565482556659027,0.107551733610388,5,0.3943467527687088,0.09706170376955277,5,0.6441743827160493,0.09170479346877043,5,0.6429012345679013,0.09216707135657394,5,0.20555555555555557,0.03885166869638712
0.2,P1,seen,harsh,central_furniture,5,5,0.4,0.06319062870042959,5,0.47327889501802545,0.10130758556777464,5,0.42757066780008496,0.05545677795034313,5,0.656423611111111,0.09018048643729061,5,0.656423611111111,0.09018048643729061,5,0.2375,0.08912187348419766
0.2,P1,seen,harsh,clear,5,5,0.4916666666666667,0.08539125638299667,5,0.4734432234432234,0.12633048581480572,5,0.481059829059829,0.10327364256193035,5,0.6739583333333334,0.09990297484900316,5,0.6706597222222223,0.10122361553232122,5,0.2833333333333333,0.08665264309618925
0.2,P1,seen,harsh,vertical_mid,5,5,0.15,0.20539595906443728,5,0.2948051948051948,0.27232499707341207,5,0.1830575035063114,0.21337903506717212,5,0.6796875,0.057021405902482586,5,0.6788194444444444,0.05631667216426597,5,0.09583333333333334,0.06353312784157045
0.2,P1,seen,standard,__all__,5,5,0.13333333333333333,0.10604782871567264,5,0.3437471162377995,0.08316709727195859,5,0.18395097823796092,0.11304952806763985,5,0.5566358024691358,0.0617957757608842,5,0.5365162037037037,0.061911515250918564,5,0.1125,0.042920936501006784
0.2,P1,seen,standard,central_furniture,5,5,0.06666666666666668,0.08122328620674137,5,0.25,0.15590239111558088,5,0.09894179894179893,0.10476658105110156,5,0.5545138888888889,0.05277463669380946,5,0.5220486111111111,0.06760141130320568,5,0.075,0.04061164310337069
0.2,P1,seen,standard,clear,5,5,0.25833333333333336,0.08014743359029727,5,0.3998051484119595,0.07334503772848747,5,0.3112260822527414,0.07967355499610733,5,0.5614583333333333,0.058241935052414685,5,0.565625,0.0557099633754154,5,0.19166666666666668,0.04516559039308083
0.2,P1,seen,standard,vertical_mid,5,5,0.075,0.16770509831248423,4,,,5,0.08181818181818182,0.1829510163408919,5,0.5682291666666666,0.08451090378070622,5,0.525173611111111,0.08290953071028873,5,0.07083333333333333,0.09033118078616166
0.2,P1,unseen,__all__,__all__,5,5,0.16666666666666669,0.08824091076894738,5,0.41938442807506354,0.06787528008398475,5,0.23330668138424557,0.09298089004031304,5,0.5821805555555556,0.057575333295492935,5,0.5808940972222223,0.054915010181914775,5,0.10916666666666668,0.029631709273081844
0.2,P1,unseen,__all__,horizontal_new,5,5,0.0625,0.13975424859373686,4,,,5,0.07317073170731707,0.16361473006096022,5,0.5832899305555556,0.054849246173238955,5,0.5970052083333333,0.042988200125795684,5,0.04791666666666666,0.08417543271182051
0.2,P1,unseen,__all__,low_new,5,5,0.2791666666666667,0.05432668671002209,5,0.4484997932175351,0.0691892520964987,5,0.3437454055808486,0.06082339865477433,5,0.6006510416666668,0.07355000580810055,5,0.6130208333333333,0.06409544793866295,5,0.17083333333333334,0.022821773229381927
0.2,P1,unseen,__all__,two_new,5,5,0.20416666666666666,0.04750730937913074,5,0.435637022397892,0.07090154432505037,5,0.27638327912681565,0.0559043616067944,5,0.5809461805555556,0.05507900570338252,5,0.5899739583333334,0.04919700553378743,5,0.13333333333333333,0.03407380673707526
0.2,P1,unseen,__all__,vertical_new,5,5,0.09166666666666666,0.17090953584994734,5,0.23875000000000002,0.2586171156362239,5,0.11764150943396226,0.20220493800264175,5,0.6202690972222222,0.04860587924474473,5,0.5924045138888889,0.05927050183638096,5,0.049999999999999996,0.04908007912245727
0.2,P1,unseen,__all__,wide_new,5,5,0.19583333333333336,0.047961935138422236,5,0.4068602499449576,0.05499596760178804,5,0.2621443958591846,0.04962987634980627,5,0.5714409722222223,0.05720063758171348,5,0.5631076388888889,0.05876417954367821,5,0.14375,0.03407380673707526
0.2,P1,unseen,harsh,__all__,5,5,0.25666666666666665,0.06624868971450595,5,0.4516119387667775,0.11102162554562937,5,0.32664183517481626,0.08199943300530879,5,0.6141666666666666,0.07458925753680605,5,0.6119375,0.07584929131671866,5,0.15666666666666668,0.038931028755993594
0.2,P1,unseen,harsh,horizontal_new,5,5,0.058333333333333334,0.13043729868748774,4,,,5,0.07567567567567568,0.16921595505403814,5,0.609548611111111,0.06656180718210122,5,0.5927083333333332,0.07561406681120873,5,0.037500000000000006,0.04973890160963884
0.2,P1,unseen,harsh,low_new,5,5,0.4083333333333333,0.08014743359029726,5,0.46178881987577647,0.12447464075358236,5,0.42786754119340903,0.07897036724229607,5,0.6421875000000001,0.08372439708499174,5,0.6421875000000001,0.08372439708499174,5,0.2541666666666667,0.09246808758821728
0.2,P1,unseen,harsh,two_new,5,5,0.3583333333333333,0.06319062870042957,5,0.49516883116883115,0.14919637429989185,5,0.40607107831691025,0.062451502627858584,5,0.6220486111111111,0.07095683847460882,5,0.6220486111111111,0.07095683847460882,5,0.20833333333333334,0.11023963796102462
0.2,P1,unseen,harsh,vertical_new,5,5,0.11666666666666665,0.19409691164753526,5,0.29607843137254897,0.29218318081223954,5,0.15070331655697508,0.22375295442584825,5,0.6753472222222222,0.05141351699639184,5,0.6753472222222222,0.05141351699639184,5,0.05416666666666666,0.04061164310337068
0.2,P1,unseen,harsh,wide_new,5,5,0.3416666666666667,0.054326686710022075,5,0.44082895365504066,0.0781555030998349,5,0.37944454274241507,0.03932998066796499,5,0.6222222222222221,0.07251096211426318,5,0.6222222222222221,0.07251096211426318,5,0.22916666666666666,0.08462540004829126
0.2,P1,unseen,standard,__all__,5,5,0.07666666666666667,0.1203871070985409,5,0.33333333333333337,0.11785113019775792,5,0.10271836007130127,0.135012368808792,5,0.5536805555555555,0.05471059917806457,5,0.5454722222222222,0.04952105074236701,5,0.06166666666666668,0.0800065101517787
0.2,P1,unseen,standard,horizontal_new,5,5,0.06666666666666667,0.14907119849998599,2,,,5,0.07111111111111111,0.15900927839998505,5,0.5614583333333334,0.06859671376017941,5,0.6090277777777777,0.05551688649893375,5,0.05833333333333333,0.1191331537957983
0.2,P1,unseen,standard,low_new,5,5,0.15,0.10458250331675945,5,0.4879365079365079,0.10634683721597112,5,0.2121159901360124,0.09822496171716714,5,0.5727430555555555,0.05678768756779801,5,0.5824652777777778,0.055792409597991,5,0.0875,0.07126096406869613
0.2,P1,unseen,standard,two_new,5,5,0.05,0.09033118078616166,5,0.17142857142857143,0.24011051877102302,5,0.0680161943319838,0.11405944049990946,5,0.5539930555555556,0.04250548172935763,5,0.5647569444444444,0.0367803651348401,5,0.058333333333333334,0.07276770498572076
0.2,P1,unseen,standard,vertical_new,5,5,0.06666666666666667,0.14907119849998599,4,,,5,0.08205128205128205,0.18347224430767506,5,0.5612847222222223,0.07136187525946777,5,0.5057291666666667,0.07851129419985844,5,0.04583333333333334,0.057810153856298375
0.2,P1,unseen,standard,wide_new,5,5,0.05,0.11180339887498951,4,,,5,0.06,0.1341640786499874,5,0.5338541666666667,0.045438376139938896,5,0.49861111111111106,0.055895633385777306,5,0.05833333333333333,0.08513673642376063
